{"type":"FeatureCollection","features":[{"type":"Feature","id":"bagerhat","properties":{"district":"bagerhat","source_name":"Bagerhat","renamed":false},"geometry":{"type":"MultiPolygon","coordinates":[[[[89.84021305100003,21.827843220000034],[89.85325494300008,21.817528250000066],[89.85341808300007,21.808157864000066],[89.84092322300006,21.810728005000044],[89.84021305100003,21.827843220000034]]],[[[89.54029421900003,21.849415429000032],[89.60305510500007,21.80239143800003],[89.60220314200006,21.777194101000077],[89.58657722400005,21.764342833000057],[89.58859115900003,21.749049210000067],[89.60630265900005,21.719068011000047],[89.57042073800005,21.71465291100003],[89.55539705600006,21.725322294000023],[89.54456491500008,21.745778550000068],[89.53649636100005,21.772385636000024],[89.54783630000009,21.771556193000038],[89.53966987100006,21.780426331000058],[89.54984354500004,21.792597514000022],[89.54887128300004,21.80062668100004],[89.53085534200005,21.822951052000064],[89.54029421900003,21.849415429000032]]],[[[89.86080289500006,21.835033252000073],[89.85235125700007,21.846906949000072],[89.85304751300004,21.857783478000044],[89.86329528800007,21.85253348300006],[89.86080289500006,21.835033252000073]]],[[[89.65410571500007,21.857437557000026],[89.63212178700007,21.87244961500005],[89.63267515600006,21.886458782000034],[89.64430046600006,21.897814866000033],[89.66060646500006,21.869737950000058],[89.65410571500007,21.857437557000026]]],[[[89.57065455700007,21.929547911000043],[89.57053505000005,21.93518910100005],[89.57294905400005,21.933330888000057],[89.57065455700007,21.929547911000043]]],[[[89.61475867900003,21.94672881300005],[89.64569587300008,21.911468348000028],[89.62642585300006,21.884413910000035],[89.62573719000005,21.863711434000038],[89.66070218900006,21.821500188000073],[89.69675519400005,21.79388896000006],[89.69887248200007,21.772809014000075],[89.66994257100004,21.75511195400003],[89.65449002800005,21.75374185100003],[89.64701968800006,21.763574850000055],[89.63600895100006,21.756547345000058],[89.61016771100003,21.764256963000037],[89.61852897400007,21.786268723000035],[89.61606230500007,21.799410231000024],[89.55428771100009,21.85626678600005],[89.58449207800004,21.86510615800006],[89.59489473900004,21.872993026000074],[89.59045692100005,21.88248731500005],[89.58255156500007,21.888376944000072],[89.59281373900006,21.87670931100007],[89.58532034000007,21.866529220000075],[89.55761478700003,21.85982775900004],[89.55032322400007,21.87117213600004],[89.54979036400005,21.88599105700007],[89.57531752500006,21.931906742000024],[89.57341176800008,21.935248540000032],[89.58841881300003,21.94647381900006],[89.61475867900003,21.94672881300005]]],[[[89.54550341900006,21.881078311000067],[89.54766398400005,21.918804924000028],[89.54162274100008,21.957368922000057],[89.54443127700006,21.960532027000056],[89.56941935200007,21.933875047000072],[89.54550341900006,21.881078311000067]]],[[[89.70510516100006,21.984261416000038],[89.72232349400008,21.973582356000065],[89.71090109900007,21.957116559000042],[89.72694720000004,21.927741925000078],[89.71304112000007,21.91218062100006],[89.71165720900007,21.899843341000064],[89.72845365700005,21.889832109000054],[89.74086787800007,21.865947955000024],[89.74175962200007,21.839988874000028],[89.71880699600007,21.832684587000074],[89.70141283500004,21.837530530000038],[89.70939390100006,21.846366353000064],[89.70222131200006,21.85132999800004],[89.69326559800004,21.852619098000048],[89.69922703800006,21.85921441000005],[89.69676983700003,21.861836468000035],[89.70279134200007,21.863931629000035],[89.70355484800007,21.881462013000032],[89.70060886600004,21.863457028000028],[89.69546380200006,21.86570091300007],[89.69692145000005,21.85692356000004],[89.68853452900004,21.853340065000054],[89.70630524200004,21.845479431000058],[89.68167780800007,21.846577195000066],[89.67296864300005,21.83685490000005],[89.66613030800005,21.848745560000054],[89.66858613100004,21.872033473000045],[89.65848663200006,21.886689941000043],[89.67844874400004,21.90494512400005],[89.69166941100008,21.939249247000078],[89.69486133100008,21.956322713000077],[89.68647916300006,21.99264088800004],[89.69616663300008,22.005280671000037],[89.70472636300008,22.006252277000044],[89.70510516100006,21.984261416000038]]],[[[89.57364159500008,21.941698944000052],[89.56497628900007,21.943301887000075],[89.54861168400004,21.961089875000027],[89.56847636600008,22.037534718000074],[89.60082177300006,22.025108541000066],[89.60752927800007,22.015914947000056],[89.59293461200008,21.992179099000055],[89.56300406500009,21.976666144000035],[89.56132245600008,21.97345865400007],[89.58190686200004,21.954102565000028],[89.57364159500008,21.941698944000052]]],[[[89.85020440400007,21.873226427000077],[89.84269386000005,21.879482490000044],[89.84674925100006,21.895215524000037],[89.81234771400005,21.916072403000044],[89.80895602700008,21.923670069000025],[89.81562501100007,21.937350835000075],[89.84553081600006,21.956218401000058],[89.83646983200003,21.969452467000053],[89.80576489000003,21.990741590000027],[89.84117375900007,22.003018498000074],[89.84287176300006,22.020470199000044],[89.82800656000006,22.038383276000047],[89.82791611600004,22.049570234000043],[89.84284200600007,22.047433885000032],[89.85784099500006,22.02320892700004],[89.86130964200004,21.962399772000026],[89.87632068600004,21.91015674600004],[89.86466659500007,21.881366554000067],[89.85020440400007,21.873226427000077]]],[[[89.81744599100006,22.05578003200003],[89.82685606600006,22.03542408800007],[89.83992275400004,22.021094967000067],[89.84057865600005,22.007518007000044],[89.80594052200007,21.99337736500007],[89.80376975400009,21.987542091000023],[89.83026626600008,21.970743208000044],[89.84253348500005,21.955217506000054],[89.81116667000003,21.93725627300006],[89.80668044500004,21.91994426900004],[89.84477971700005,21.892207652000025],[89.83672722600005,21.878335481000022],[89.83806132000007,21.853571654000064],[89.77230738800006,21.834848470000054],[89.78792645500005,21.87538453700006],[89.79485828300005,21.871755135000058],[89.79835810400004,21.87337837000007],[89.78774241000008,21.87752101600006],[89.78315658300005,21.873158042000057],[89.78675586700007,21.89835805000007],[89.77936791000008,21.905471615000067],[89.78812315300007,21.909116763000043],[89.78734969100003,21.912462275000053],[89.78265023100005,21.92005769800005],[89.77940001600007,21.91979164600008],[89.77357771400006,21.91025750400007],[89.78042698100006,21.918799205000028],[89.78584167200006,21.910261216000038],[89.77575682700007,21.904988741000068],[89.78470802400005,21.897542543000043],[89.78361643100004,21.886950729000034],[89.77076174000007,21.885690216000057],[89.78377846300003,21.885421249000046],[89.77930736600007,21.86143966900005],[89.77281110700005,21.85288848600004],[89.75389358200005,21.85270238100003],[89.73418103700004,21.89187510900007],[89.71630160300003,21.905422981000072],[89.73314057900006,21.92782549800006],[89.72652129300008,21.93954130900005],[89.72998525900005,21.94602684800003],[89.72496038300005,21.94111157900005],[89.72093868900004,21.944585957000072],[89.71534981500008,21.958966544000077],[89.74848383400007,21.973363361000054],[89.74803358200006,21.981681286000025],[89.73874293400007,21.988551122000047],[89.75105911900005,21.995598053000037],[89.75280242500008,22.00600429600007],[89.74299864300008,22.01593656500006],[89.75834268200003,22.02528526800006],[89.76050034000008,22.03057845400008],[89.75860436300007,22.035433435000073],[89.74532153200005,22.03646499900003],[89.74234366300004,22.05261944800003],[89.75029007200004,22.05420941600005],[89.75286050200003,22.06535259700007],[89.76912711500006,22.076180789000034],[89.77656779900008,22.088726217000044],[89.81744599100006,22.05578003200003]]],[[[89.59967632100006,22.085464743000045],[89.64903180100004,22.098855909000065],[89.64597455200004,22.07106675600005],[89.64838429200006,22.069033838000053],[89.65797568100004,22.072459029000072],[89.66640215500007,22.055140703000063],[89.65903314600007,22.05375115100003],[89.65513289900008,22.049499884000056],[89.65205377900008,22.03724261800005],[89.65988322400005,22.019928917000072],[89.65475120800005,22.004063744000064],[89.64091309200006,21.99241676500003],[89.62822123800004,22.003862323000078],[89.62383671400005,22.004330305000053],[89.61985934500007,21.99628946100006],[89.62692953100003,21.978329820000056],[89.64501495300004,21.981764376000058],[89.64462081000005,21.964982976000044],[89.62588046300004,21.948351935000062],[89.58667090800003,21.950313907000066],[89.56343197000007,21.975017924000042],[89.58807596900004,21.985620074000053],[89.60587461400007,22.003857287000073],[89.60842504100003,22.01850913900006],[89.59959801300005,22.027853724000067],[89.60388100400007,22.03129807600004],[89.61470139500005,22.025373838000064],[89.63873866200004,22.031091522000054],[89.61525430400008,22.026608341000042],[89.60762536400006,22.03335706200005],[89.59560588200009,22.028261481000072],[89.56873415700005,22.039205353000057],[89.57149845500004,22.04551665500003],[89.57979327400005,22.044911670000033],[89.57182191000004,22.048932226000034],[89.59579128200005,22.089505131000067],[89.59967632100006,22.085464743000045]]],[[[89.71293933700008,22.128374200000053],[89.75505277900004,22.132779347000053],[89.76372649100006,22.118229163000024],[89.77376184900004,22.088808468000025],[89.76995546200004,22.07943296800005],[89.75148574700006,22.066880171000037],[89.74981170100006,22.056360032000043],[89.73958597900008,22.05318877800005],[89.74302861600006,22.03540974300006],[89.75798167000005,22.032277201000056],[89.75507392100008,22.02352404100003],[89.74157666200006,22.01599728900004],[89.74967965600007,22.000185523000027],[89.73342414300004,21.988829415000055],[89.74531641400006,21.97474472700003],[89.72838719400005,21.968885189000048],[89.72467800400005,21.978679576000047],[89.70818264500008,21.98644368500004],[89.70678170200006,22.007189912000058],[89.69793395200008,22.009086070000023],[89.70446969900007,22.034245042000066],[89.67819019300003,22.052766211000062],[89.70268780200007,22.06356923100003],[89.71071253900004,22.07392217200004],[89.71293933700008,22.128374200000053]]],[[[89.61236141200004,22.163148169000067],[89.63712094800007,22.163254839000047],[89.64729114000005,22.149705022000035],[89.65095005100005,22.147373837000032],[89.65755138300005,22.148609161000024],[89.65942035200004,22.14660575000005],[89.65542446100005,22.141143424000063],[89.66129965900006,22.136455025000032],[89.67536508100005,22.141266469000072],[89.67789193300007,22.123125042000026],[89.66414114100007,22.101196800000025],[89.66660309600007,22.096521162000045],[89.68289335900005,22.09536752500003],[89.66736844000008,22.089244635000057],[89.67233555600006,22.074734615000068],[89.68069472200006,22.064962017000028],[89.67282575500008,22.057715789000042],[89.67307531300008,22.046780331000036],[89.69804711800003,22.033837789000074],[89.67689051900004,21.990722488000074],[89.68565473900009,21.95650891400004],[89.67694167800005,21.922691564000047],[89.66977533400006,21.90862170500003],[89.65675025700006,21.902858061000074],[89.62846453300006,21.944915627000057],[89.64648671600008,21.96183168300007],[89.64776741300005,21.98277427000005],[89.62565101600006,21.982103906000077],[89.62368205800004,21.999836134000077],[89.63757248500008,21.990736054000024],[89.64203152400006,21.991032691000044],[89.65436106300007,22.001146466000023],[89.66123977300003,22.01544976200006],[89.66119332900007,22.02148528300006],[89.65388363000005,22.036051401000066],[89.65756428800006,22.051477044000023],[89.66426273000008,22.051670197000078],[89.66797096900007,22.055801152000072],[89.66040721300004,22.073034395000036],[89.64741476600005,22.073413457000072],[89.65209402700003,22.083926010000027],[89.64907729000004,22.100430818000063],[89.62739400900006,22.10149320100004],[89.62774130700006,22.096602714000028],[89.59826138100004,22.08877153000003],[89.60374005100005,22.125295338000058],[89.60721288100007,22.12759309100005],[89.61037477500008,22.13369151300003],[89.61417972400005,22.14867779700006],[89.61236141200004,22.163148169000067]]],[[[89.88928940600005,22.158189925000045],[89.89121769100007,22.150058757000068],[89.88774280300004,22.16523912100007],[89.88928940600005,22.158189925000045]]],[[[89.61629971500008,22.27823244700005],[89.62383566800008,22.275840489000075],[89.61982998400003,22.271057434000056],[89.60851398100004,22.269788353000024],[89.61899881000005,22.256511536000062],[89.60419305800008,22.248562182000057],[89.60443650000008,22.24546206200006],[89.61314603800008,22.241413100000045],[89.62065904400004,22.216623597000023],[89.60413254700006,22.23145290700006],[89.60018322300004,22.226289217000044],[89.60351827000005,22.20962834100004],[89.61806906900006,22.198456113000077],[89.60560683400007,22.180580031000034],[89.61339666000003,22.167628258000036],[89.61024597800008,22.15934701900005],[89.61287044300008,22.15013543400005],[89.60352186700004,22.128441585000076],[89.56012508000003,22.188851060000047],[89.55407845600007,22.209504090000053],[89.58124867000004,22.217607686000065],[89.59310528200007,22.22774594300006],[89.59940046900005,22.252470161000076],[89.59398787100008,22.27671014200007],[89.61256778900008,22.297465259000035],[89.62340299900006,22.292419202000076],[89.61392186000006,22.28164342900004],[89.61629971500008,22.27823244700005]]],[[[89.80104671600003,22.94125997900005],[89.86408682900009,22.903815612000074],[89.85055696400008,22.88825378200005],[89.91988263000007,22.88081041500004],[89.92231030800008,22.864064902000052],[89.94378017500009,22.85649355000004],[89.94443541400005,22.82571229100006],[89.91532273600006,22.807366381000065],[89.91408498600003,22.800466200000074],[89.92783351400004,22.796596691000047],[89.93825779700006,22.784943284000065],[89.92243564900008,22.784255175000055],[89.90537724300003,22.774353433000044],[89.91279194700007,22.75283268800007],[89.93212284300006,22.750831770000048],[89.93144743000005,22.723345807000044],[89.90272735500008,22.725064562000057],[89.86535281100004,22.704647820000048],[89.86164645700006,22.69703138600005],[89.86729186600007,22.691804155000057],[89.91680862800007,22.692884347000074],[89.93708825100003,22.679443855000045],[89.91408735100003,22.659757353000032],[89.89665324200007,22.67496210400003],[89.89008292500006,22.663828546000047],[89.92721164900007,22.640876476000074],[89.92063971900006,22.606155063000074],[89.96236277200006,22.593198323000024],[89.95392539600005,22.553497883000034],[89.92414611400005,22.509482310000067],[89.96463440900004,22.507684108000035],[89.96962125800007,22.501441726000053],[89.96484880600008,22.492509992000066],[89.94987190300003,22.49222992500006],[89.91389801400004,22.50538500500005],[89.89163699200003,22.506836218000046],[89.88193180500008,22.496274494000033],[89.88409385100005,22.485612737000054],[89.89699820500005,22.474935567000045],[89.93067271800004,22.477897831000064],[89.94455517300008,22.466380749000052],[89.93475869700006,22.449039455000047],[89.90163734900005,22.444052200000044],[89.87155144200005,22.420524774000057],[89.87152930600007,22.41157613200005],[89.89820338400006,22.382319824000035],[89.90162346000005,22.36973953100005],[89.89555744200004,22.34692371700004],[89.86762004400003,22.304565896000042],[89.85785879200006,22.269324685000072],[89.86185723000006,22.233471370000075],[89.88587292600005,22.177272801000072],[89.87674198100007,22.176495170000067],[89.88406360700003,22.114868813000044],[89.87515498800008,22.094590948000075],[89.84445266600005,22.06340937400006],[89.81742019700005,22.06596306600005],[89.80571321100007,22.075463510000077],[89.83486920800004,22.10107255500003],[89.84205635400008,22.119676893000076],[89.83897048900008,22.12612788900003],[89.81349897900003,22.144098842000062],[89.83374936400008,22.15668116100005],[89.83669118300008,22.164751607000028],[89.80789554700004,22.220079334000047],[89.80486968900004,22.20891376900005],[89.83380372000005,22.165107243000023],[89.81614670900007,22.15116424400003],[89.81093980700007,22.139219550000064],[89.83675354500008,22.124070061000054],[89.80098586700007,22.07230251900006],[89.77617873400004,22.091474712000036],[89.75796623900004,22.13466935100007],[89.74404964600006,22.138497636000068],[89.74743531000007,22.186688745000026],[89.73131017400004,22.199655208000024],[89.73857742100006,22.208753053000066],[89.74548764100007,22.197763544000054],[89.75229647600008,22.19868312600005],[89.75669446200004,22.213724624000065],[89.75618494400004,22.229589860000033],[89.74966525000008,22.19833015000006],[89.73718173000003,22.21156669800007],[89.72975747000004,22.200997063000045],[89.74506420700004,22.185614479000037],[89.74160467400009,22.136509879000073],[89.71188985600008,22.13230514600008],[89.69421213100009,22.182303404000038],[89.70901343600008,22.184361546000048],[89.71383464100006,22.19871212000004],[89.70747709500006,22.20354690000005],[89.69206861700007,22.196783396000058],[89.73323111000008,22.263273524000056],[89.73768732400004,22.279896790000066],[89.70356992300003,22.278397131000077],[89.71032383800008,22.303445742000065],[89.70683691400006,22.329296235000072],[89.71404982000007,22.349339045000022],[89.70593086500008,22.342291403000047],[89.70135375600006,22.312202548000073],[89.68221678000003,22.333181683000078],[89.66692239000008,22.36660357900007],[89.661488,22.369832734000056],[89.63981008500008,22.364734750000025],[89.66640254900005,22.363879564000058],[89.67683739800003,22.33669804300007],[89.70550980500008,22.30591245100004],[89.70007369500007,22.279195608000066],[89.70371239900004,22.272969499000055],[89.73477902500008,22.277214254000057],[89.69430351300008,22.214453381000055],[89.68592304500004,22.21806187900006],[89.67382299100007,22.209535949000042],[89.67857909100007,22.223966699000073],[89.67713736800005,22.238349253000024],[89.63799351800003,22.24851787500006],[89.63957348900004,22.25069327400007],[89.66131510100007,22.249756140000045],[89.67239296200006,22.252932930000043],[89.67578640600004,22.256909162000056],[89.67335517300006,22.25860922800007],[89.65256017400009,22.262457031000054],[89.66407077200006,22.268800689000045],[89.66960234600003,22.27582994100004],[89.66213516500005,22.277687203000028],[89.66588098400007,22.271618585000056],[89.65250753700008,22.263628828000037],[89.65263775600005,22.26051681200005],[89.67346946700007,22.25536079500006],[89.66497310200003,22.250979958000073],[89.63899679000008,22.25158384100007],[89.63677360600008,22.24844852600006],[89.67533719300008,22.238366561000078],[89.67272797200008,22.209353066000062],[89.67743412900006,22.208306291000042],[89.68726295900007,22.217236126000046],[89.69175390100008,22.21429132000003],[89.68984604600007,22.19238482000003],[89.70983423700005,22.19946759800007],[89.70937206300005,22.18789292500003],[89.69669889300008,22.19100191900003],[89.68994096200004,22.181872695000038],[89.70893592100003,22.129646329000025],[89.70497121000005,22.075405713000066],[89.68508205500007,22.06700243000006],[89.66910100500007,22.088306876000047],[89.68177302800007,22.091726161000054],[89.68404519500007,22.098354508000057],[89.66595492300007,22.100835752000023],[89.67891185900004,22.12098674200007],[89.67713917200007,22.142444458000057],[89.65769708400006,22.13936194300004],[89.66196367700007,22.148364554000068],[89.64890495700007,22.149709349000034],[89.64389258200003,22.16017296600006],[89.63164726200006,22.16713099800006],[89.61600224000006,22.16826314900004],[89.60689264000007,22.178973339000038],[89.61958552300007,22.19834475600004],[89.60447049500004,22.21161367900004],[89.60283485400004,22.22945233100006],[89.62182295000008,22.21496964800008],[89.61530214600003,22.241445318000046],[89.60531011300003,22.24788366300004],[89.62066288200003,22.256664494000063],[89.60950507700005,22.26941045500007],[89.62078945100006,22.270140163000065],[89.62506003900006,22.277167676000033],[89.61498562400004,22.28023210400005],[89.62544254500006,22.29391004400003],[89.61493039200008,22.30006481600003],[89.63640877300008,22.34963198300005],[89.62261832100006,22.40677773300007],[89.60552823400008,22.431800149000026],[89.60261659900004,22.44694585700006],[89.59619120500008,22.446688536000067],[89.56762013700006,22.556047311000043],[89.53236749300004,22.60910062100004],[89.53697940300003,22.625382079000076],[89.55261184800008,22.642361032000053],[89.54908781000006,22.66137420000007],[89.55646890300005,22.67841571500003],[89.57906227900008,22.668532827000035],[89.57020091700008,22.691647445000058],[89.60309520400006,22.703226377000078],[89.58533296500008,22.717649343000062],[89.59761333100005,22.72077164500007],[89.61124771300007,22.773978928000076],[89.63576943900006,22.766454427000042],[89.64426838600008,22.774043797000047],[89.64716244900006,22.752884893000044],[89.65422211100008,22.75499445300005],[89.65506110700005,22.77288633300003],[89.66587944400004,22.79539271400006],[89.67704868700008,22.79789941000007],[89.67500032800007,22.81117498800006],[89.71152257800009,22.82613299700006],[89.71768711700008,22.848593742000048],[89.69526660400004,22.873983663000047],[89.70872558800005,22.882064570000068],[89.71482401100008,22.87775192600003],[89.71934035600003,22.88438496300006],[89.71202649200006,22.892115914000044],[89.72679642800006,22.89438908300008],[89.72141392400005,22.90291363600005],[89.74118685000008,22.918847263000032],[89.72662391200004,22.91904362300005],[89.75112147800007,22.945684852000056],[89.74916269300007,22.96390688200006],[89.76065604600007,22.96471338300006],[89.77330137700005,22.981737535000036],[89.78848666100004,22.98167948500003],[89.78636094400008,22.962090287000024],[89.80104671600003,22.94125997900005]]]]}},{"type":"Feature","id":"bandarban","properties":{"district":"bandarban","source_name":"Bandarban","renamed":false},"geometry":{"type":"Polygon","coordinates":[[[92.61390871200007,21.851907425000036],[92.62093353700004,21.827530912000043],[92.60939292500007,21.81710598500007],[92.60873519600005,21.731087991000038],[92.60161559800008,21.703799626000034],[92.60773157700004,21.681313697000064],[92.60182550400003,21.654710117000036],[92.61101931300004,21.621414318000063],[92.60900808100007,21.584655961000067],[92.62742174100003,21.486898152000037],[92.62436147000005,21.474929691000057],[92.64102554000004,21.428190130000075],[92.65110895000004,21.358568047000063],[92.66471120300008,21.317716981000046],[92.67984046500004,21.297686896000073],[92.68025738200004,21.285618725000063],[92.62946869900009,21.26857989900003],[92.62302169400004,21.251002785000026],[92.59697493700008,21.243578441000068],[92.56112825100007,21.38009926700005],[92.55508086000003,21.38434471000005],[92.53945642700006,21.376076986000044],[92.53378710500004,21.38044089300007],[92.50852176700005,21.377295360000062],[92.51110312600008,21.363895728000045],[92.49911058700008,21.36106563000004],[92.45961254200006,21.369112176000044],[92.43881551500004,21.365177892000077],[92.42809569200006,21.42357494500004],[92.38097549400004,21.47986773200006],[92.34347101500003,21.466879196000036],[92.33785412400005,21.436015096000062],[92.32642228300006,21.431992489000038],[92.32851673800008,21.41907588500004],[92.29723632900004,21.420134349000023],[92.29172276400004,21.430478444000073],[92.26907105600009,21.428201571000045],[92.26956297800007,21.400419707000026],[92.25579692800005,21.389245431000063],[92.25880615800008,21.36217825800003],[92.21149798000005,21.339836197000068],[92.19776015500008,21.319633375000024],[92.21973967200006,21.257607997000036],[92.21078920700006,21.248228333000043],[92.21805629300007,21.231896404000054],[92.17639948800007,21.18434799000005],[92.16632829200006,21.221173269000076],[92.17877120700007,21.233878052000023],[92.19191866000006,21.269548266000072],[92.18176105100008,21.269583074000025],[92.17094463300003,21.298822589000054],[92.15778577300006,21.312474922000035],[92.12659744600006,21.399983641000063],[92.14351967700009,21.39997634300005],[92.16344053400007,21.431668986000034],[92.17898817900004,21.431788759000028],[92.18232855500008,21.424222047000058],[92.18933888400005,21.424508685000035],[92.20166527900005,21.39074111900004],[92.22062891000007,21.40088037000004],[92.24604265000005,21.401548570000045],[92.24703974700003,21.408070785000064],[92.23773806800006,21.41398335100007],[92.24160886500005,21.42619316400004],[92.23394149700005,21.429152572000078],[92.22936900800005,21.446342711000057],[92.24202464700005,21.453634752000028],[92.23987036400007,21.47199988600005],[92.22126506600006,21.48552428200003],[92.21737881100006,21.50343908800005],[92.20261577400004,21.50324649600003],[92.20026876100007,21.514200413000026],[92.18773238000006,21.51089419300007],[92.18424082500007,21.501689456000065],[92.18308528900008,21.511664488000065],[92.17665153000007,21.50777035300007],[92.16961603500005,21.513210773000026],[92.15925554900008,21.541509115000053],[92.18468222100006,21.568512312000053],[92.16961353200008,21.587023127000066],[92.17368248200006,21.599782928000025],[92.16151122100007,21.60568962900004],[92.14682058000005,21.596242176000032],[92.14081607600008,21.618035518000056],[92.10094007600009,21.642867306000028],[92.11438135100008,21.650771161000023],[92.10205865100005,21.658074468000052],[92.11195677300003,21.666738354000074],[92.09281883900007,21.68925080400004],[92.10385442100005,21.696644865000053],[92.10415818200005,21.70487006700006],[92.11420814700006,21.705700231000037],[92.10881946200004,21.715678446000027],[92.11843231400007,21.71774764500003],[92.10961325000005,21.73162490200008],[92.12140360500007,21.73521085400006],[92.11570204200007,21.740930950000063],[92.15820027700005,21.73458872300006],[92.16086265800004,21.769357609000053],[92.17535592600007,21.783053350000046],[92.17568998500008,21.788090304000036],[92.18024974800005,21.789474161000044],[92.18080627800003,21.77876924000003],[92.18667719600006,21.774428331000024],[92.19210305200005,21.774539318000052],[92.19435453700004,21.78518663600005],[92.21235719100008,21.786539496000046],[92.20360427900005,21.804158870000037],[92.20479902300008,21.816465737000044],[92.19770665300007,21.82455668800003],[92.18601976000008,21.82105308900003],[92.17943327200004,21.832897093000042],[92.18430974800003,21.840266849000045],[92.18031771300008,21.84776637600004],[92.16720434500007,21.84033566200003],[92.17986801600006,21.821539699000027],[92.19049808000005,21.777075755000055],[92.18240763000006,21.77897470000005],[92.18146839000008,21.790696892000028],[92.17690520100007,21.791169370000034],[92.16470763900008,21.774574166000036],[92.15761156700006,21.77979018600007],[92.14835294600005,21.777228259000026],[92.13132934100008,21.799420848000068],[92.10814030500006,21.792487121000022],[92.10305242600003,21.807591871000056],[92.08051918500007,21.809926177000023],[92.07787348000005,21.825985564000064],[92.08979837700008,21.84015301000005],[92.08193833900003,21.857809647000067],[92.08087879400006,21.88848000200005],[92.07076588100006,21.901010043000042],[92.05987515400005,21.901884995000046],[92.07693786900006,21.923491958000056],[92.09968797200008,21.922069097000076],[92.11865544200003,21.934556144000055],[92.11198623800004,21.916611081000042],[92.12984652200004,21.901583022000068],[92.14729506900005,21.909130324000046],[92.17504248500006,21.910175265000078],[92.15983631500006,21.945394814000053],[92.18503583500006,21.94619169400005],[92.19442505300003,21.96165634700003],[92.21407967800008,21.974773179000067],[92.20252524500006,21.99139372600007],[92.20348053600009,22.000033992000056],[92.21605208000005,22.00561366200003],[92.20147419600005,22.00852583300008],[92.20200898600007,22.019084360000022],[92.19449830000008,22.02281626200005],[92.17766762900004,22.02422634100003],[92.16134554000007,22.043055254000024],[92.17644738600006,22.063953449000053],[92.15516051100008,22.070258584000044],[92.16427456500008,22.083424024000067],[92.14399716400004,22.090681322000023],[92.17054188000009,22.105232969000042],[92.17322768000008,22.113083403000076],[92.16032665700004,22.12979622200004],[92.17072569900006,22.144471072000044],[92.16269753800003,22.146809231000077],[92.15597600900009,22.16438174600006],[92.16426308000007,22.181690982000077],[92.14646568300003,22.204927274000056],[92.14943239700006,22.220717991000072],[92.13766023000005,22.23504693500007],[92.14338023900007,22.258697788000063],[92.13742900900007,22.286085247000074],[92.14811128000008,22.296367368000062],[92.15472731600005,22.323243787000024],[92.15249115400007,22.331168579000064],[92.14484523500005,22.33219158000003],[92.14593679800004,22.347740998000063],[92.19080263500007,22.34567287300007],[92.19741642000008,22.343229660000077],[92.19552867000004,22.332278750000057],[92.20567847800004,22.330663430000072],[92.24424919300009,22.33713934800005],[92.27971903000008,22.35545650800003],[92.36193291900008,22.340862961000028],[92.40124383400007,22.313960545000043],[92.46163628300008,22.256451119000076],[92.48273804000007,22.22217594500006],[92.49786051000007,22.14814451600006],[92.49862162600004,22.113528478000035],[92.53049922700006,22.007600911000054],[92.58691051000005,21.880526861000078],[92.61390871200007,21.851907425000036]]]}},{"type":"Feature","id":"barguna","properties":{"district":"barguna","source_name":"Barguna","renamed":false},"geometry":{"type":"MultiPolygon","coordinates":[[[[89.87967503300007,22.078689953000037],[89.87520979800007,22.083075136000048],[89.88181932600008,22.09078678800006],[89.88423658500005,22.082900238000036],[89.87967503300007,22.078689953000037]]],[[[89.88928940600005,22.158189925000045],[89.89161942200008,22.155190636000043],[89.89121769100007,22.150058757000068],[89.88928940600005,22.158189925000045]]],[[[90.23035292700007,22.453288730000054],[90.22173947200008,22.449004235000075],[90.22384629800007,22.43950987200003],[90.21133578100006,22.41816497600007],[90.19574559300008,22.414938249000045],[90.18766520500003,22.395128013000033],[90.18657819700007,22.366343805000042],[90.18052482600007,22.36190866000004],[90.18179843900003,22.34741549900008],[90.17839062500008,22.33988756100007],[90.16835483700004,22.33859030900004],[90.17529268200008,22.32407875000007],[90.13828954300004,22.343015329000025],[90.15096860400007,22.321602426000027],[90.15933458900008,22.321736994000048],[90.15640192300003,22.310369654000056],[90.14571417300004,22.312472454000044],[90.14343759100007,22.289569166000035],[90.15856651100006,22.249578498000062],[90.22495844100007,22.217121960000043],[90.23283689600004,22.227445043000046],[90.22515187700003,22.233638171000052],[90.24568481800009,22.26161256100005],[90.29012238000007,22.25769775200007],[90.28843214400007,22.24809731700003],[90.28262291400006,22.24889463200003],[90.28668734800004,22.235112473000072],[90.29169634900006,22.23623652400005],[90.28886357000005,22.243443608000064],[90.30415301100004,22.24449052500006],[90.33415416800005,22.262556606000032],[90.32831055400004,22.246401151000043],[90.34798207800009,22.231634107000048],[90.35960942900005,22.23156646800004],[90.36320751900007,22.215247386000044],[90.35628399900008,22.20584218700003],[90.34804847400005,22.205203037000047],[90.35188443900006,22.195493929000065],[90.37184218200008,22.197959990000072],[90.33681340700008,22.165938066000024],[90.34543713000005,22.109469858000068],[90.33284044800007,22.107423738000023],[90.32951426100004,22.085712555000043],[90.32492232800007,22.09307578100004],[90.31620171000009,22.09225606600006],[90.31736321900007,22.082232917000056],[90.29658835300006,22.076536721000025],[90.28842154500006,22.063843191000046],[90.27905888700008,22.06420838300005],[90.28893580800008,22.057267146000072],[90.27932501500004,22.049809750000065],[90.27637298900004,22.030885735000027],[90.25612943000004,22.03302565900003],[90.24760510500005,22.02016057000003],[90.23929331900007,22.03341927400004],[90.22148264400005,22.034412150000037],[90.23878269700003,22.043850968000072],[90.22726893500004,22.04727845700006],[90.23301503500005,22.062144327000055],[90.22168322500005,22.06286560800004],[90.21262910800004,22.071966357000065],[90.20696923500003,22.069174042000043],[90.20011582400008,22.07601803400007],[90.20918217300004,22.083558699000037],[90.19982380300007,22.091942003000042],[90.18550032100006,22.084138383000038],[90.18704370600005,22.065467054000067],[90.19552449600008,22.05877496900007],[90.19897071300005,22.063176283000075],[90.20173569200006,22.05267645500004],[90.21121134800006,22.048398504000033],[90.20252124600006,22.021971519000033],[90.17867169200008,22.020480031000034],[90.18504681000007,22.013091130000078],[90.17869848900006,22.00248618300003],[90.19117240200006,21.984693119000042],[90.17152095500006,21.981299915000022],[90.16225534800003,21.98775215300003],[90.15349558300005,21.982558315000063],[90.13262784400007,21.953312510000046],[90.14291595300006,21.931868517000055],[90.110592,21.92244248000003],[90.11032514100003,21.898377036000056],[90.09031418400008,21.873857025000063],[90.07274735700008,21.86064839000005],[90.05807422100008,21.861275636000073],[90.02399003300008,21.883777632000033],[90.02856134100006,21.945211436000022],[90.07115915500003,21.969676588000027],[90.07649737300005,22.00870275500006],[90.09029901300005,22.04147443000005],[90.14028881100006,22.08427517900003],[90.15807026200008,22.113708642000063],[90.18142583300005,22.106352035000043],[90.19839068500005,22.108065528000054],[90.21668691900004,22.120472027000062],[90.22385265000008,22.14517045100007],[90.21023991800007,22.152780875000076],[90.20277420000008,22.12395602500004],[90.15484333800003,22.12309659400006],[90.12293958400005,22.086249354000074],[90.08583832000005,22.059763109000073],[90.06464028100004,22.024012511000024],[90.05649516600005,21.97883638600007],[90.01648242600004,21.983427832000075],[89.99620301700008,21.999890323000045],[89.98672756700006,22.031769645000054],[90.02049580500005,22.044246818000033],[90.03021576600008,22.054858698000032],[90.03565796800007,22.07766199200006],[90.03032846700006,22.101853910000045],[90.03320672100006,22.124083917000064],[90.06549274100007,22.148981967000054],[90.07073257700006,22.160653727000067],[90.06535011000005,22.173507205000078],[90.05244432200004,22.182267093000064],[90.03347816300004,22.186616813000057],[90.04190342600003,22.18090227400006],[90.03143116500007,22.177845061000028],[90.01975836000008,22.187663943000075],[90.02333746800008,22.173566347000076],[90.06010907000007,22.16122264300003],[90.03131292600006,22.146267082000065],[90.01635170900005,22.128819427000053],[90.01348748600003,22.10310942800004],[90.02264157300004,22.081068927000047],[89.98376319800008,22.050998397000058],[89.97186909800007,22.030487110000024],[89.98848500700007,21.965771398000072],[89.98202742300003,21.96280659400003],[89.98582096300004,21.95525311800003],[89.95671675200003,21.946723225000028],[89.93833954300004,21.958860832000028],[89.93275676500008,22.005424133000076],[89.91654512700006,22.023870749000025],[89.90102619800007,22.073104258000058],[89.91028775600006,22.108296301000053],[89.90719307400008,22.15876038400006],[89.93082342900004,22.16256913600006],[89.94295570300005,22.176433532000033],[89.95787212000005,22.172016271000075],[89.95882109800004,22.18271386400005],[89.96899179500008,22.191006345000062],[89.96512858900007,22.21819916100003],[89.97233351100004,22.206516795000027],[89.99082026700006,22.198733193000066],[89.99158877700006,22.209607005000066],[90.00055439300007,22.214296364000063],[89.99732283400004,22.227802772000075],[90.01887954100005,22.230868875000056],[90.02920981600005,22.259829290000027],[90.02024688600005,22.275279956000077],[90.02398617100005,22.29310643900004],[90.03918747500006,22.304712290000055],[90.04183925700005,22.317037518000063],[90.05289324000006,22.31464980100003],[90.04948286600006,22.335662926000055],[90.07974875300005,22.35245937600007],[90.09404149900007,22.34521640500003],[90.11653632800005,22.36536535700003],[90.13906406600006,22.402327945000025],[90.17489418400004,22.430429745000026],[90.17480769700006,22.457382015000064],[90.18809159100005,22.480173921000073],[90.21262593000006,22.47471875800005],[90.24032398200006,22.485040231000028],[90.22845660400009,22.464490021000074],[90.23035292700007,22.453288730000054]]]]}},{"type":"Feature","id":"barishal","properties":{"district":"barishal","source_name":"Barisal","renamed":true},"geometry":{"type":"MultiPolygon","coordinates":[[[[90.55434603800006,22.59263991200004],[90.54677855600005,22.592538534000028],[90.54240957800005,22.60490437900006],[90.55113768100006,22.597904043000028],[90.55434603800006,22.59263991200004]]],[[[90.53437803600008,22.611412140000027],[90.53991319500005,22.60704897900007],[90.53602952900007,22.607913418000066],[90.53437803600008,22.611412140000027]]],[[[90.53799536600008,22.58987191700004],[90.53457702200006,22.58372854600003],[90.53119118100005,22.586934891000055],[90.53375397700006,22.578569643000037],[90.52361140800008,22.57802937100007],[90.52059412900007,22.638032562000035],[90.52576639800003,22.64068852200006],[90.52524873700008,22.621632557000055],[90.53799536600008,22.58987191700004]]],[[[90.56023698700005,22.699176092000073],[90.55327538800003,22.686538066000026],[90.54310993200005,22.69070997600005],[90.52517179200004,22.68392405000003],[90.52807898300006,22.649598551000054],[90.52249895000006,22.640553818000058],[90.51916382900004,22.694863308000038],[90.52912206600007,22.70553860700005],[90.56023698700005,22.699176092000073]]],[[[90.53765120300005,22.710171779000063],[90.52646294200008,22.708296978000078],[90.52869008600004,22.724733558000025],[90.53080265300008,22.724583152000037],[90.53765120300005,22.710171779000063]]],[[[90.45752385400004,22.754925737000065],[90.44485793700005,22.759072373000038],[90.44183062600007,22.763287614000035],[90.45235819100003,22.767034459000058],[90.45752385400004,22.754925737000065]]],[[[90.56351681300004,22.705709667000065],[90.54865775800005,22.703026403000024],[90.54346207900005,22.724746701000072],[90.54651556000005,22.75460989100003],[90.55989043300008,22.768769576000068],[90.57348527600004,22.73009948400005],[90.56351681300004,22.705709667000065]]],[[[90.52465783200006,22.72135304300008],[90.51866194100006,22.71024774400007],[90.50502213400006,22.720507823000048],[90.48520310800006,22.755274273000055],[90.50161371900003,22.774822421000067],[90.50245452100006,22.793271596000068],[90.51454955200006,22.801502923000044],[90.52928612000005,22.785775664000028],[90.52151380500004,22.76180428600003],[90.52465783200006,22.72135304300008]]],[[[90.56027247800006,22.769891210000026],[90.54776011200005,22.759863976000076],[90.54135261800008,22.736044376000052],[90.53071012800007,22.738460975000066],[90.52950909200007,22.767815750000068],[90.53495381100004,22.77611519900006],[90.58216964700006,22.803379134000068],[90.57886457600006,22.788911424000048],[90.56834517600004,22.792015538000044],[90.56027247800006,22.769891210000026]]],[[[90.49314815500009,22.80814891400007],[90.49344406700004,22.818784098000037],[90.50704869000003,22.81987650800005],[90.50606447900003,22.815099512000074],[90.49314815500009,22.80814891400007]]],[[[90.52324733400008,22.882224243000053],[90.48729000500003,22.845740035000063],[90.48553657500008,22.845840809000038],[90.48241987700004,22.854072432000066],[90.49626918500007,22.868417874000045],[90.52324733400008,22.882224243000053]]],[[[90.65141618400008,22.848095753000052],[90.64386135100006,22.83671178000003],[90.61003833200004,22.823849590000066],[90.60244861100006,22.813829115000033],[90.57123512700008,22.809991911000054],[90.54064870000008,22.79441930200005],[90.51696948100005,22.80405834900006],[90.49479398000005,22.80283804000004],[90.50867984400008,22.81646540500003],[90.50863725800008,22.822381058000076],[90.49811493400006,22.82701544400004],[90.49827755500007,22.836216941000032],[90.49628078100005,22.827798048000034],[90.50067714700003,22.822466113000075],[90.49234776200007,22.818608230000052],[90.49013976700007,22.813954314000057],[90.49405994900007,22.799398548000056],[90.48565545400004,22.79932866400003],[90.49091112500008,22.84869245300007],[90.53356774500008,22.888995472000033],[90.62016089800005,22.871138078000058],[90.65141618400008,22.848095753000052]]],[[[90.60455956600003,22.893759373000023],[90.60103959400004,22.884987271000057],[90.60193542800005,22.896756528000026],[90.60455956600003,22.893759373000023]]],[[[90.68459075900006,22.90319747600006],[90.68752952600005,22.906018948000053],[90.68913545500004,22.903749180000034],[90.68459075900006,22.90319747600006]]],[[[90.59693382200004,22.911011289000044],[90.60123490000007,22.900412016000075],[90.59691187300007,22.883570475000056],[90.56996346300008,22.887003780000043],[90.56497502800005,22.895458158000054],[90.56861974800006,22.898822497000026],[90.56045475600007,22.89578524600006],[90.57520672700008,22.906918051000048],[90.59693382200004,22.911011289000044]]],[[[90.66675932400005,22.92770863800007],[90.67803977700004,22.91719707200008],[90.66898785900008,22.912837985000067],[90.66675932400005,22.92770863800007]]],[[[90.64949486100005,22.926207291000026],[90.66129598600008,22.92276492800005],[90.65861765800008,22.902412956000035],[90.64948402000005,22.913062325000055],[90.65483961000007,22.92150106300005],[90.64949486100005,22.926207291000026]]],[[[90.65600774500007,22.939039256000058],[90.65623909500005,22.933541045000027],[90.65274376000008,22.936423492000074],[90.65600774500007,22.939039256000058]]],[[[90.66412378900009,22.94283669500004],[90.68873005900008,22.91614839700003],[90.68386613500007,22.910845488000064],[90.66412378900009,22.94283669500004]]],[[[90.45837390800006,23.004035282000075],[90.46283747400008,22.994163564000075],[90.47456874500006,22.990138391000073],[90.47325130700006,22.982541920000074],[90.42505446800004,22.989992143000052],[90.41300024500003,22.999010526000063],[90.45837390800006,23.004035282000075]]],[[[90.59896245300007,23.012019344000066],[90.60174161500004,23.009920452000074],[90.59847557700004,23.007002132000025],[90.59896245300007,23.012019344000066]]],[[[90.58959468100005,23.024862408000047],[90.59629427100003,23.016352350000034],[90.59158219300008,23.001005161000023],[90.59035837600004,23.004546782000034],[90.58959468100005,23.024862408000047]]],[[[90.47571411400008,23.007582789000026],[90.48921747700007,23.013951890000044],[90.48980835900005,23.022529978000023],[90.49773398100007,23.02763896400006],[90.51463961300004,23.03231717500006],[90.58692996600007,22.945307248000063],[90.59217284700009,22.928414211000074],[90.58666414100009,22.919543657000077],[90.55799663100004,22.900286851000033],[90.53915198300007,22.89719699500006],[90.53401872000006,22.93024531900005],[90.51367807100007,22.955694970000025],[90.49711812500004,22.958233591000067],[90.48303334300005,22.974816582000074],[90.47571411400008,23.007582789000026]]],[[[90.56683518000006,23.043525672000044],[90.58866270600004,23.02543440200003],[90.58840293500003,22.994229123000025],[90.57287257000007,23.021245624000073],[90.56683518000006,23.043525672000044]]],[[[90.56558434700008,23.044929726000078],[90.56093717100003,23.03333864600006],[90.57596327500005,23.00115813900004],[90.56044365000008,23.015474996000023],[90.56783280400003,22.995499393000046],[90.54615842700008,23.01101508800008],[90.54151329900003,23.037560460000066],[90.54830779900004,23.059733270000038],[90.56558434700008,23.044929726000078]]],[[[90.49781582600008,23.048755603000075],[90.48739487900008,23.05020910500008],[90.48260458300007,23.065629976000025],[90.49851037500008,23.06904484200004],[90.49781582600008,23.048755603000075]]],[[[90.31575086600003,23.052879059000077],[90.38312483700008,23.056293245000063],[90.42270843700004,23.038903765000043],[90.42140488700005,23.028535305000048],[90.40755056400008,23.017080622000037],[90.40789379100005,23.007083773000033],[90.41734377400007,23.007187876000046],[90.40995025800004,23.004834238000058],[90.41592858600006,22.992380280000077],[90.47323816800008,22.977018642000075],[90.48720430700007,22.95584793100005],[90.51621538500007,22.942658422000022],[90.53124961900005,22.920094365000068],[90.52915657800008,22.899355685000046],[90.48315802300004,22.87727430500007],[90.47532670100009,22.865395199000034],[90.47651609700006,22.821891194000045],[90.46603500200007,22.80280132000007],[90.45179726300006,22.816322598000056],[90.45560392500005,22.860098863000076],[90.44764384900003,22.876879685000063],[90.44537686600006,22.873779099000046],[90.45365372400005,22.863020556000038],[90.43772848900005,22.794391678000068],[90.44332712100004,22.794403599000077],[90.44253416800007,22.805686742000034],[90.45114569900005,22.805997132000073],[90.49387990500009,22.78880504400007],[90.49631956000007,22.779141475000074],[90.47974379000004,22.75634233100004],[90.49133270600004,22.73976747000006],[90.44634145900005,22.78731993300005],[90.44076646800005,22.783773377000045],[90.44793074600005,22.768863542000076],[90.44111611700004,22.765631832000054],[90.43143849000006,22.780372602000057],[90.43700725100007,22.764678229000026],[90.43101045900005,22.76001370800003],[90.46407271700008,22.749094005000075],[90.50346040900007,22.710015422000026],[90.50355702500008,22.69998950300004],[90.49033118600005,22.690842804000056],[90.47911538500006,22.67464243300003],[90.47383512700009,22.655895461000057],[90.49135103600008,22.68931778900003],[90.50378691800006,22.694795859000067],[90.50997822700003,22.596901781000042],[90.50685448300004,22.58739886500007],[90.47703655100008,22.585491457000046],[90.47748023000008,22.578913551000028],[90.51131506000007,22.580679435000036],[90.53937144400004,22.563341197000057],[90.51567539000007,22.55987093600004],[90.51361805300007,22.552099164000026],[90.52850569700007,22.546935285000075],[90.51413793800003,22.534909604000063],[90.50704782700006,22.534848818000057],[90.50119377600004,22.54685895700004],[90.47723111400006,22.532304660000023],[90.45672679200004,22.535215175000076],[90.44012632600004,22.510361534000026],[90.43947561500005,22.48077190600003],[90.42699763000007,22.460975645000076],[90.41084962600007,22.48050579200003],[90.39224911400004,22.484585776000074],[90.36581405400005,22.50404469600005],[90.33596274700005,22.468405106000034],[90.31317245400004,22.483487522000075],[90.30834818100004,22.473560529000054],[90.28497289200004,22.46802754400005],[90.27386790300005,22.469427860000053],[90.27283362200006,22.474555870000074],[90.26049347300005,22.460695161000046],[90.23035292700007,22.453288730000054],[90.22845660400009,22.464490021000074],[90.24032398200006,22.485040231000028],[90.20379198300003,22.475154200000077],[90.19048786400003,22.479527148000045],[90.19685222600003,22.48992985600006],[90.28052743500007,22.544103922000033],[90.28286484000006,22.56122170900005],[90.29209098800004,22.565152761000036],[90.30630306800003,22.56091876100004],[90.31223899900004,22.57857005900007],[90.33478726100003,22.58193467600006],[90.35106778500005,22.567019144000028],[90.36344569900007,22.58055713300007],[90.35437210200007,22.596322018000023],[90.33987888000007,22.605290660000037],[90.34632266900007,22.613412435000043],[90.38265455900006,22.593002398000067],[90.38017551400009,22.60938380400006],[90.34390655100003,22.629815739000037],[90.35557647000007,22.636692695000022],[90.36906910500005,22.63141470000005],[90.37278189200003,22.649295852000023],[90.33230521200005,22.65972432600006],[90.32592821000009,22.658810738000057],[90.32609210600003,22.646906054000056],[90.32090915800006,22.647308572000043],[90.31518000700004,22.66077471500006],[90.32052445800008,22.663544169000033],[90.31989436300006,22.67336472200003],[90.29875216800008,22.68564009100004],[90.28933699200007,22.680237102000035],[90.27387833800003,22.690056371000026],[90.27048648200008,22.731797639000035],[90.25545720100007,22.752445012000067],[90.22406472100005,22.753502782000055],[90.21637931400005,22.76161157300004],[90.21841212300006,22.76927450200003],[90.20559085200006,22.77290107300007],[90.19884881100006,22.785163313000055],[90.19239315600004,22.786466156000074],[90.18111454200005,22.775871489000053],[90.18386948100004,22.761635660000024],[90.16797509000008,22.74744134900004],[90.16679783800004,22.760524619000023],[90.15222329200003,22.762853798000037],[90.14434837800007,22.75711958200003],[90.14158394800006,22.768404394000072],[90.13250520400004,22.767373303000056],[90.11459256400008,22.778073548000066],[90.09902288400008,22.775514991000023],[90.10068015800005,22.78206399900006],[90.09304992300008,22.785445563000053],[90.07672675900005,22.78482019000006],[90.06847928000008,22.800476051000032],[90.05118796800008,22.810398201000055],[90.05444488400008,22.826900047000038],[90.02774382900003,22.81754601700004],[90.03473090800009,22.865515867000056],[90.02029953400006,22.86810425300007],[90.01792156300007,22.880106328000068],[90.03480591200008,22.933841760000064],[90.05649197100007,22.93199492900004],[90.06075414300005,22.943801387000065],[90.05730243500005,22.969021575000056],[90.06967541300008,22.96841984200006],[90.07748507400004,22.982765440000037],[90.08315376600007,22.98086044200005],[90.09477670900009,23.006841103000056],[90.12667042000004,23.005699780000043],[90.12696711800004,23.02588430900005],[90.13651434600007,23.044079359000023],[90.14319357400007,23.045425084000044],[90.13532309300007,23.049785007000025],[90.14013845600005,23.054396904000043],[90.15503667200005,23.052650836000055],[90.16497433300003,23.067623285000025],[90.20040911200005,23.05414907200003],[90.21376615300005,23.06989995600003],[90.22085090100006,23.06480271600003],[90.23836489700005,23.03671611200008],[90.23021705300005,22.978689305000046],[90.23993447700008,22.966654695000045],[90.24743572600005,22.97463612000007],[90.25850038500005,22.973396121000064],[90.25879264800005,22.964849395000044],[90.27107950300007,22.972496041000056],[90.31987995900005,22.981461128000035],[90.32944803300006,23.00735108600003],[90.31434601400008,23.036934560000077],[90.31575086600003,23.052879059000077]]]]}},{"type":"Feature","id":"bhola","properties":{"district":"bhola","source_name":"Bhola","renamed":false},"geometry":{"type":"MultiPolygon","coordinates":[[[[90.77172486200004,21.855948469000055],[90.77116048700003,21.86810719400006],[90.78964677200008,21.906644577000066],[90.80508111900008,21.923823494000032],[90.82170774900004,21.92844687300004],[90.80566146900009,21.914899775000038],[90.83282422300005,21.897706799000048],[90.82943720300005,21.884195651000027],[90.81051746300005,21.863310628000022],[90.77172486200004,21.855948469000055]]],[[[90.72865305100004,21.858335270000055],[90.71593712700007,21.860446567000054],[90.71187994300004,21.868447909000054],[90.71574567400006,21.899075095000057],[90.73715602000004,21.928429270000038],[90.75490264200005,21.93202960600007],[90.76158464800005,21.911824680000052],[90.74224607800005,21.867549128000064],[90.72865305100004,21.858335270000055]]],[[[90.60604726300005,21.90269055400006],[90.61480636800007,21.943460877000064],[90.61003205200007,21.96355830400006],[90.61609101700003,21.968817930000057],[90.61684995800005,21.95461653500007],[90.61104166500007,21.90855233600007],[90.60604726300005,21.90269055400006]]],[[[90.63232241700007,21.973943313000063],[90.69993059100005,21.974816322000038],[90.68001200800006,21.930344598000033],[90.64740070200008,21.896724574000075],[90.61520402700006,21.890633232000027],[90.63232241700007,21.973943313000063]]],[[[90.60178566300004,21.967568065000023],[90.58682242500004,21.97424975200005],[90.58728844400008,21.98393598900003],[90.60340358800005,21.971975108000038],[90.60178566300004,21.967568065000023]]],[[[90.86807513100007,21.97699503900003],[90.86102450400006,21.96794939800003],[90.86044897200009,21.940416912000046],[90.84962829200003,21.93894335500005],[90.85578772600007,21.923518047000073],[90.84895570600008,21.92054174200007],[90.83818482000004,21.931640233000053],[90.83206064400008,21.966712293000057],[90.83759233700005,21.979256922000047],[90.85431895100004,21.990739510000026],[90.86807513100007,21.97699503900003]]],[[[90.76170186700006,21.986217599000042],[90.75547702500006,21.991696191000074],[90.77369622900005,21.995722341000032],[90.76663917000008,21.98930176300007],[90.76170186700006,21.986217599000042]]],[[[90.81804708700008,21.944840184000043],[90.79256166500005,21.936981485000047],[90.77877793900007,21.913431323000054],[90.77994345100007,21.934556048000047],[90.82960015000003,21.997463422000067],[90.83195590800005,21.988320694000038],[90.81701465500004,21.957035620000056],[90.81804708700008,21.944840184000043]]],[[[90.69208203700003,21.979935002000047],[90.67804454300006,21.986734242000068],[90.70795643900004,21.997507621000068],[90.70563658100008,21.989725375000035],[90.69208203700003,21.979935002000047]]],[[[90.84081760600009,21.99166974600007],[90.83639464300006,21.99790686800003],[90.83819007600005,22.011139483000022],[90.84710830400007,21.997851884000056],[90.84081760600009,21.99166974600007]]],[[[90.71635874700007,22.00167794200007],[90.71143921400005,22.002034184000024],[90.72247161800004,22.00920449700004],[90.71635874700007,22.00167794200007]]],[[[90.78055215600006,22.00266950200006],[90.76879753600008,22.004589433000035],[90.77527024400007,22.021195130000024],[90.78553295500006,22.02511416400006],[90.78742191800006,22.00980741500007],[90.78055215600006,22.00266950200006]]],[[[90.58983180700005,21.986872900000037],[90.59270089400007,21.996051863000048],[90.58245144400007,22.022540718000073],[90.59112763700006,22.029863265000074],[90.62256665700005,21.98942696000006],[90.60703649500005,21.97770555900007],[90.58983180700005,21.986872900000037]]],[[[90.75313796000006,22.03999655800004],[90.72066039100008,22.016000759000065],[90.74064267800009,22.048180518000038],[90.75618395400005,22.053606960000025],[90.75313796000006,22.03999655800004]]],[[[90.89093358400004,22.04979089400007],[90.88197579100006,22.052420812000037],[90.87829955300003,22.063339875000054],[90.88050978300004,22.084839717000023],[90.88857990100007,22.091632076000053],[90.89745620100007,22.067681674000028],[90.89093358400004,22.04979089400007]]],[[[90.89562630200004,22.088827035000065],[90.88637005400005,22.093323224000073],[90.88911804200006,22.098040858000047],[90.89131822900003,22.097120699000072],[90.89562630200004,22.088827035000065]]],[[[90.89205858600008,22.108780632000048],[90.87606345200004,22.102270284000042],[90.89498220100006,22.125018001000058],[90.89205858600008,22.108780632000048]]],[[[91.01505079600008,22.17566270100008],[91.01746720500006,22.186968484000033],[91.01698806900004,22.17868359600004],[91.01505079600008,22.17566270100008]]],[[[90.57856315100008,22.051480535000053],[90.58585161800005,22.08736228400005],[90.58466499700006,22.140190234000045],[90.57039410600004,22.153537612000036],[90.58555077300008,22.18478458800007],[90.60154756700007,22.187443877000078],[90.59894384300009,22.16661012000003],[90.60777571800008,22.107776555000044],[90.58976984400005,22.058649870000067],[90.57856315100008,22.051480535000053]]],[[[90.58675733000007,22.189038694000033],[90.62153596900004,22.24347691500003],[90.63164022800004,22.242591606000076],[90.62750754900009,22.202403439000022],[90.58675733000007,22.189038694000033]]],[[[91.01365796200008,22.26984692700006],[91.01532635700005,22.242632311000023],[91.01295073500006,22.241694392000056],[91.00941331300004,22.256773879000036],[91.01365796200008,22.26984692700006]]],[[[90.92325588800009,22.231544609000025],[90.91940307500005,22.235151624000025],[90.93633673400007,22.28763754600004],[90.93529156600005,22.257910718000062],[90.92325588800009,22.231544609000025]]],[[[90.66436988700008,22.25901697300003],[90.67119256900008,22.28963163000003],[90.67381574000007,22.29033782700003],[90.67114604700004,22.269076050000024],[90.66436988700008,22.25901697300003]]],[[[90.87465861300007,22.291729970000063],[90.87086724300008,22.28916901300005],[90.86926965000004,22.292475961000036],[90.87465861300007,22.291729970000063]]],[[[90.89871386100003,22.207446037000068],[90.89374734900008,22.24600255300004],[90.91076352100004,22.292611170000043],[90.91163637800008,22.26478529800005],[90.89871386100003,22.207446037000068]]],[[[90.87662552100005,22.29824441100004],[90.87310697100008,22.302422208000053],[90.87952223000008,22.305542523000042],[90.87662552100005,22.29824441100004]]],[[[90.96513486500004,22.299993122000046],[90.96105652300008,22.31206336300005],[90.96450139000007,22.316153667000037],[90.96701158200005,22.307677829000056],[90.96513486500004,22.299993122000046]]],[[[91.01060689200006,22.283535346000065],[91.00118869800008,22.306108146000042],[91.00026483600004,22.32427842000004],[91.01606444800007,22.29597740500003],[91.01060689200006,22.283535346000065]]],[[[90.92890612400004,22.298005493000062],[90.93283425300007,22.324799863000067],[90.93721716600004,22.327212476000057],[90.94004374100007,22.308075458000076],[90.92890612400004,22.298005493000062]]],[[[90.88628391700007,22.326873670000055],[90.88551882800004,22.31554840800004],[90.87782255300004,22.317167734000066],[90.88628391700007,22.326873670000055]]],[[[91.01939718200003,22.29281602100008],[91.00926171100008,22.31796061500006],[91.00825761300007,22.335462353000025],[91.01901275200004,22.33230739800007],[91.02369347800004,22.31941906700007],[91.01939718200003,22.29281602100008]]],[[[90.85833636700005,22.331613106000077],[90.85382062000008,22.336799635000034],[90.85625631200008,22.344387383000026],[90.85914616300005,22.337990451000053],[90.85833636700005,22.331613106000077]]],[[[90.98721409000007,22.34561493600006],[91.00091440000006,22.277987377000045],[90.98906619800005,22.199760603000072],[90.93338537000005,22.108785459000046],[90.91975113300003,22.074922318000063],[90.91137255700005,22.07205329800007],[90.90099184500008,22.08095456600006],[90.89861329800004,22.09815294200007],[90.89443611100006,22.094638300000042],[90.90006599300006,22.12094718800006],[90.95975470000008,22.25629477600006],[90.97198582900006,22.302159759000062],[90.96977710400006,22.343138985000053],[90.98721409000007,22.34561493600006]]],[[[90.91796015700004,22.285543696000047],[90.91068191500005,22.30379735500003],[90.93233906800003,22.346982853000043],[90.93714149400006,22.335052504000032],[90.93361093700008,22.329623473000026],[90.92127388700004,22.289540310000064],[90.91796015700004,22.285543696000047]]],[[[90.67408315000006,22.292583612000044],[90.67100078200008,22.29787865800006],[90.67635666200005,22.35393084100008],[90.67956582200009,22.33214253600005],[90.67408315000006,22.292583612000044]]],[[[90.66071807700007,22.355848740000056],[90.65823957100008,22.36602752500005],[90.66094369900009,22.382174871000075],[90.66766262400006,22.378992237000034],[90.66907215900005,22.351259988000038],[90.66071807700007,22.355848740000056]]],[[[90.89138460900006,22.355244153000058],[90.89765810000006,22.355783124000027],[90.88613089300009,22.341171432000067],[90.87090188700006,22.33398795000005],[90.86490172400005,22.35663071500005],[90.88467325900007,22.395100162000062],[90.89138460900006,22.355244153000058]]],[[[90.66784795100006,22.388566148000052],[90.66076811600004,22.394872856000063],[90.66059296200007,22.40342206300005],[90.66517766800007,22.40093224700007],[90.66784795100006,22.388566148000052]]],[[[90.99017511300008,22.391004017000057],[90.99320255800006,22.36770337100006],[90.96794954600006,22.36508396800008],[90.95523792000006,22.373763732000043],[90.94893312700003,22.391487247000043],[90.95984143600003,22.41546695900007],[90.97227792600006,22.420598305000055],[90.99017511300008,22.391004017000057]]],[[[90.66547185900004,22.40240015200004],[90.66282041600005,22.412942998000062],[90.66685678600004,22.43672182100005],[90.67304389800006,22.386427324000067],[90.66547185900004,22.40240015200004]]],[[[90.64262235800004,22.455603776000032],[90.64281105800006,22.45252703700004],[90.63446977300003,22.459966018000046],[90.64262235800004,22.455603776000032]]],[[[90.95087613500004,22.464541818000043],[90.96773220900008,22.427628345000073],[90.94760449700004,22.417960669000024],[90.93343476000007,22.43252694100005],[90.93786311400004,22.45644994500003],[90.95087613500004,22.464541818000043]]],[[[90.66516442100004,22.449273814000037],[90.66312537300007,22.463707622000072],[90.66611678300006,22.464519342000074],[90.66968894700005,22.458624748000034],[90.66516442100004,22.449273814000037]]],[[[90.89660761700009,22.45075687700006],[90.89102605100004,22.454516308000052],[90.89319828500004,22.46439920800003],[90.90915355200008,22.466270026000075],[90.89660761700009,22.45075687700006]]],[[[90.63234947600006,22.46298427100004],[90.62519852300005,22.47128083900003],[90.61754032000005,22.47580519400003],[90.63340612800005,22.476004508000074],[90.63234947600006,22.46298427100004]]],[[[90.64419669400007,22.46240949500003],[90.64059891000005,22.47408776700007],[90.63408925500005,22.479132854000056],[90.64688625600007,22.47673975200007],[90.64419669400007,22.46240949500003]]],[[[90.85242373100004,22.541628479000053],[90.90554816200006,22.497074401000077],[90.88248735100007,22.490701452000053],[90.86637974200005,22.493752349000033],[90.85242373100004,22.541628479000053]]],[[[90.66008245800003,22.546780623000075],[90.65735834400004,22.542071431000068],[90.65661724400007,22.548587411000028],[90.66008245800003,22.546780623000075]]],[[[90.85221271100005,22.544975600000043],[90.84463002500007,22.529336800000067],[90.84175155500003,22.551053658000058],[90.85221271100005,22.544975600000043]]],[[[90.64122034000007,22.553127946000075],[90.62736479000006,22.552468651000027],[90.65200993700006,22.549260525000022],[90.65433800500006,22.540885375000073],[90.64342303600006,22.528691910000077],[90.63429501900004,22.534515326000076],[90.64963910300008,22.493435937000072],[90.63567722500005,22.488950198000055],[90.60208509200004,22.536356865000073],[90.61264575600006,22.550610255000038],[90.63263029700005,22.554118120000055],[90.64122034000007,22.553127946000075]]],[[[90.58623413900006,22.547357748000024],[90.58205874200007,22.560221369000033],[90.57522283700007,22.570456583000066],[90.59269885400005,22.569630311000026],[90.60701390600008,22.554757736000056],[90.59857553400008,22.551682060000076],[90.60544099700007,22.54813097300007],[90.59782660800005,22.542781584000068],[90.58623413900006,22.547357748000024]]],[[[90.93211333700003,22.49701664400004],[90.92204781000004,22.494320257000027],[90.87497720300007,22.530863921000048],[90.84073744400007,22.569765861000064],[90.86040682100008,22.579317506000052],[90.89375066900004,22.56028032100005],[90.93211333700003,22.49701664400004]]],[[[90.57467633400006,22.571199299000057],[90.56411403500005,22.58139651600004],[90.55774382500005,22.58827391400007],[90.58839792300006,22.571976516000063],[90.57467633400006,22.571199299000057]]],[[[90.57576159300004,22.59681998800005],[90.56844313600004,22.601148342000045],[90.56928278900006,22.601862415000028],[90.57576159300004,22.59681998800005]]],[[[90.55715644500003,22.58902207700004],[90.54240957800005,22.60490437900006],[90.54732234400007,22.612273301000073],[90.59195421300007,22.574063504000037],[90.55715644500003,22.58902207700004]]],[[[90.53991319500005,22.60704897900007],[90.53437803600008,22.611412140000027],[90.53303073300003,22.617962087000024],[90.54465894800006,22.615724190000037],[90.53991319500005,22.60704897900007]]],[[[90.52740632700005,22.61488098600006],[90.52576639800003,22.64068852200006],[90.53492201100005,22.641044711000063],[90.52791239100009,22.626057658000036],[90.52740632700005,22.61488098600006]]],[[[90.74677327300003,22.660145400000033],[90.74163458200007,22.66226077600004],[90.74068749500003,22.665790429000026],[90.74467711400007,22.66535357600003],[90.74677327300003,22.660145400000033]]],[[[90.71182082200005,22.650474148000058],[90.70173429000005,22.66208678000004],[90.70371466100005,22.666667072000052],[90.70848559600006,22.662917503000074],[90.71182082200005,22.650474148000058]]],[[[90.74452545200006,22.669828899000038],[90.73102619700006,22.668982656000026],[90.73405927600004,22.687229167000055],[90.74104518200005,22.683563884000023],[90.74452545200006,22.669828899000038]]],[[[90.52619606000007,22.64250654700004],[90.52517179200004,22.68392405000003],[90.54310993200005,22.69070997600005],[90.55327538800003,22.686538066000026],[90.56023698700005,22.699176092000073],[90.56796390500006,22.69756572400007],[90.57159992600003,22.667532829000038],[90.56625370700004,22.64843615500007],[90.54861495500006,22.64806444100003],[90.54257387000007,22.66720636200006],[90.53806683600004,22.644517789000076],[90.52619606000007,22.64250654700004]]],[[[90.72772494200007,22.728828388000068],[90.72248280700006,22.724072127000056],[90.72789155700008,22.710505221000062],[90.72128954400006,22.679607431000022],[90.69614657800008,22.719394221000073],[90.70486595000006,22.75171768900003],[90.72772494200007,22.728828388000068]]],[[[90.68509431000007,22.762819028000024],[90.68680398300006,22.75689625700005],[90.67932130300005,22.754956449000076],[90.67766728600003,22.759265610000057],[90.68509431000007,22.762819028000024]]],[[[90.68736334000005,22.77852415800004],[90.68385197000003,22.77214562300003],[90.67644920000004,22.77361121000007],[90.68292206100006,22.779439499000034],[90.68736334000005,22.77852415800004]]],[[[90.67252428300009,22.79787353100005],[90.66245265800006,22.79413947000006],[90.65818026500006,22.79549550200005],[90.67252428300009,22.79787353100005]]],[[[90.56351681300004,22.705709667000065],[90.57348527600004,22.73009948400005],[90.55992615400004,22.763644643000077],[90.56834517600004,22.792015538000044],[90.57886457600006,22.788911424000048],[90.58216964700006,22.803379134000068],[90.59942762600008,22.80820028200003],[90.62400716100007,22.80354214500005],[90.65651168700003,22.782497186000057],[90.66267493700008,22.745712122000043],[90.68662605400004,22.686241301000052],[90.69811638800007,22.676487748000056],[90.70039019700005,22.65759598900007],[90.72566430500007,22.61877419600006],[90.73865268100008,22.616325028000063],[90.75809213500008,22.596232994000047],[90.76187273800008,22.54420646600005],[90.77309838500008,22.517670448000047],[90.86493009700007,22.42523275600007],[90.86446633800006,22.410940373000074],[90.84365391400007,22.375821924000036],[90.83638159500003,22.345791762000033],[90.84119604700004,22.265888278000034],[90.81054733100007,22.124974853000026],[90.78098989700004,22.07750559400006],[90.74075319400004,22.053120793000062],[90.70541414500008,22.011466729000063],[90.68458760000004,21.999800150000056],[90.65335831300007,21.99512188800003],[90.62926080300008,21.99406874700003],[90.59659748100006,22.040849700000024],[90.62332837800005,22.11427589400006],[90.62295303000008,22.168918977000033],[90.61262387300008,22.165946382000072],[90.65078256000004,22.216089485000055],[90.67778201500005,22.278794369000025],[90.68435793100008,22.331781910000075],[90.68138265400006,22.36006997100003],[90.67457048000006,22.36934881700006],[90.67039141200007,22.533967862000054],[90.65710363900007,22.556571418000033],[90.62153483100008,22.56699056800005],[90.62065780900008,22.585230310000043],[90.60968953100007,22.600450205000072],[90.61718647800006,22.62989901000003],[90.61386627100006,22.647550917000046],[90.60840163500006,22.60031168300003],[90.61936327200004,22.582080596000026],[90.62085517000008,22.55884259100003],[90.60026983100005,22.57111055400003],[90.58701274400005,22.588703456000076],[90.55442606600008,22.614441842000076],[90.53434192900005,22.619225547000042],[90.53670741800005,22.631694276000076],[90.56572205000003,22.644422591000023],[90.57583684900004,22.65402881800003],[90.57686857100003,22.672954977000074],[90.57079128400005,22.69807311900007],[90.56351681300004,22.705709667000065]]],[[[90.67610032300007,22.807574012000032],[90.66151842300008,22.799030945000027],[90.64409708700003,22.805507464000073],[90.66075858800008,22.80739443500005],[90.66979687300005,22.810463895000055],[90.67610032300007,22.807574012000032]]],[[[90.65633525800007,22.84481171400006],[90.67475313800009,22.822015487000044],[90.67083216400005,22.81108566200004],[90.64513436500005,22.806841899000062],[90.60244861100006,22.813829115000033],[90.61003833200004,22.823849590000066],[90.63321997200006,22.829306466000048],[90.65633525800007,22.84481171400006]]]]}},{"type":"Feature","id":"bogura","properties":{"district":"bogura","source_name":"Bogra","renamed":true},"geometry":{"type":"Polygon","coordinates":[[[89.64783476100007,25.046738883000046],[89.66090615700006,25.007831447000058],[89.66075628900006,24.989436522000062],[89.67650626300008,24.96577286200005],[89.67785822200005,24.94318555700005],[89.67224360100005,24.929916156000047],[89.68605979600005,24.90284840700008],[89.67837380100008,24.903141919000063],[89.66079207600006,24.88807225900007],[89.68285426600005,24.831450274000076],[89.70997311300005,24.807016385000054],[89.73031622900004,24.798383788000024],[89.71533559800008,24.77734630300006],[89.67495688700006,24.781677036000076],[89.67379743700008,24.763054703000023],[89.66387749900008,24.754649984000025],[89.66646418000005,24.747097075000056],[89.65603412900003,24.747829314000057],[89.66075971800007,24.728407382000057],[89.63737131600004,24.71638324500003],[89.64588745100008,24.70224009100008],[89.62403203300005,24.685465845000067],[89.60743948000004,24.68705863200006],[89.59489258000008,24.702027565000037],[89.56970745900009,24.693874400000027],[89.56433179500004,24.709733758000027],[89.55460037700004,24.704140753000047],[89.56169830600004,24.687995517000047],[89.55002093700006,24.677119385000026],[89.55433171300007,24.668227297000044],[89.54481365000004,24.65420236500006],[89.56077806200005,24.650158075000036],[89.55453962400009,24.642019912000023],[89.55932513800008,24.626472295000042],[89.55000824700005,24.623966145000054],[89.54987136100004,24.617099019000023],[89.58182998300003,24.62048038200004],[89.60268112900008,24.604297709000036],[89.60378593200005,24.567914312000028],[89.59149167600003,24.55396726200007],[89.57104677500007,24.547145847000024],[89.55580162400008,24.555445708000036],[89.54650034100007,24.547585428000048],[89.53072669100004,24.563461955000037],[89.53200716600008,24.54663742300005],[89.52093987500007,24.536564143000078],[89.52212407200005,24.55178260400004],[89.51288849500008,24.555971879000026],[89.48651388100006,24.556618713000034],[89.47272162900003,24.55093998700005],[89.47370128500006,24.544144980000056],[89.46001269000004,24.542385121000052],[89.43117298400006,24.550781044000075],[89.42572407300008,24.560809515000074],[89.40975356200005,24.560987712000042],[89.40357808900006,24.551730509000038],[89.34564090200007,24.55889753400004],[89.34556515100007,24.563384635000034],[89.33903402300007,24.559464771000023],[89.32734708800007,24.575841523000065],[89.32867443500004,24.599176303000036],[89.30793959500005,24.598236860000043],[89.30710000900007,24.613816344000043],[89.29758279600009,24.614465926000037],[89.30016177300007,24.61851826900005],[89.29198656200003,24.624585653000054],[89.26822655900008,24.629969643000038],[89.25731144800005,24.629059313000027],[89.24826197200008,24.619420496000032],[89.25437904000006,24.606192110000052],[89.23608516600007,24.592907596000032],[89.23786102200006,24.584062695000057],[89.22463706100007,24.580175593000035],[89.21365650400008,24.598798369000065],[89.21607188400003,24.613060891000032],[89.20474544100006,24.605153462000033],[89.19849522900006,24.614540825000063],[89.20059628700005,24.627069595000023],[89.20880777100007,24.633555536000074],[89.20044321700004,24.643408733000058],[89.19256172100006,24.64108571500003],[89.19293049600003,24.64947806300006],[89.17343020200008,24.646231571000044],[89.17548743300006,24.630598941000073],[89.16709489600004,24.61967599700006],[89.14622318200009,24.62337288300006],[89.13570988800006,24.644000455000025],[89.13644036700003,24.655999962000067],[89.14552759100008,24.65873239700005],[89.14422450800004,24.67080382200004],[89.16682869600004,24.671718286000043],[89.16189190900008,24.68597321900006],[89.14184448600008,24.678756621000048],[89.13210684900008,24.693711652000047],[89.13226775400005,24.70535503900004],[89.14508331800005,24.714460023000072],[89.15089775400008,24.737594517000048],[89.13607135300003,24.732468356000027],[89.13326350900007,24.742453203000025],[89.12354214400006,24.730973852000034],[89.13095097300004,24.716766345000053],[89.11645127900005,24.72434088800003],[89.12088006600004,24.71463057400007],[89.10713306500008,24.715310792000025],[89.09853138000005,24.72583833300007],[89.08432015800008,24.72087055000003],[89.09657134900004,24.735146841000073],[89.08412761400007,24.741765929000053],[89.09619948300008,24.75119391800007],[89.08184642000003,24.764439362000076],[89.08650293400007,24.78635652400004],[89.07721040800004,24.789137976000063],[89.06257166800003,24.781780172000026],[89.06002501400008,24.786439251000047],[89.05482065000007,24.780757262000066],[89.04906645200003,24.790543307000064],[89.03755055700003,24.78096556500003],[89.02125907700008,24.779995837000058],[89.01344462200007,24.765435253000078],[88.99724351300006,24.766351506000035],[88.98884526000006,24.74345849900004],[88.98005984100007,24.747109394000063],[88.97335538000004,24.738968876000058],[88.96364447400003,24.743352403000074],[88.96633634500006,24.764226935000067],[88.97490739000006,24.77280498500005],[88.97264515500007,24.787826928000072],[88.98218487300005,24.80458833000006],[88.97330269800005,24.80914784600003],[88.96990637500005,24.82332259800006],[88.98799825300006,24.825661425000078],[88.97593902900007,24.837505124000074],[88.97716688500003,24.853363038000055],[89.00960263500008,24.85851673700006],[89.01571405800007,24.84899047400006],[89.02051577000003,24.857099795000067],[89.03601412200004,24.856664430000023],[89.04411666300007,24.864491206000025],[89.05427799900008,24.86076420300003],[89.06547818200005,24.87281202300005],[89.07736185100003,24.86880919500004],[89.08970606700007,24.875140887000043],[89.07589186800004,24.886323885000024],[89.08015991000008,24.892852239000035],[89.08826146900003,24.888072306000026],[89.09785615700008,24.891198185000064],[89.09997017900008,24.903619509000066],[89.09445261400003,24.904340169000022],[89.08351569400008,24.928394448000063],[89.09542460700004,24.943812851000075],[89.08877761500008,24.96127567900004],[89.09781401900005,24.961453171000073],[89.10330545300008,24.970883125000057],[89.12750628200007,24.962366641000074],[89.12194742000008,24.94979169100003],[89.17453743500005,24.95309956600005],[89.19020147400005,24.94405669500003],[89.18713440700003,24.962206240000057],[89.17818729700008,24.97282001700006],[89.18654011100006,24.982532587000037],[89.19673844300007,24.983959501000072],[89.19056787800008,24.995409033000044],[89.20582398700003,24.996747070000026],[89.20020640200005,25.00149585500003],[89.21757413500006,25.01837499100003],[89.21419194200007,25.028757004000056],[89.23617942600004,25.020443801000056],[89.24460512400003,25.04834799200006],[89.25097818500006,25.051955253000074],[89.24643857000007,25.065149123000026],[89.27956468200006,25.085840132000044],[89.30101665000007,25.11842243700005],[89.31780659600008,25.116042632000074],[89.33210655800008,25.12292078200005],[89.34004868400007,25.109971992000055],[89.33950971300004,25.097387638000043],[89.34497282700005,25.100955833000057],[89.35979024100004,25.088897962000033],[89.35562638000005,25.08122247500006],[89.36020943700004,25.06631735800005],[89.36949317300008,25.067706602000044],[89.38429796100007,25.051244147000034],[89.39136207000007,25.066487275000043],[89.40333945300006,25.067796247000047],[89.39910866300005,25.078880239000057],[89.40958962300004,25.077365059000044],[89.41319998400007,25.083134229000052],[89.42669911400003,25.065970935000053],[89.42958366900007,25.073276667000073],[89.44295324400008,25.069084089000057],[89.45327514400003,25.075042155000062],[89.44910082400008,25.06149461600006],[89.45385625300008,25.05642782500007],[89.45360909400006,25.065423311000075],[89.46510089700007,25.061326777000033],[89.46247278800007,25.054537950000054],[89.48809807800006,25.061629089000064],[89.49291826200005,25.050680459000034],[89.51513608100004,25.040399586000035],[89.56413904600004,25.037921708000056],[89.61042536200006,25.050859572000036],[89.64096440200007,25.038955779000048],[89.64783476100007,25.046738883000046]]]}},{"type":"Feature","id":"brahmanbaria","properties":{"district":"brahmanbaria","source_name":"Brahamanbaria","renamed":true},"geometry":{"type":"Polygon","coordinates":[[[91.30314268900008,23.997076917000072],[91.29969869100006,23.972265540000024],[91.28770127900003,23.968145566000032],[91.28462111800008,23.982238361000043],[91.26393209500009,23.94436951700004],[91.27283093600005,23.937784457000078],[91.27613838400003,23.922657937000054],[91.23295964500005,23.92709581300005],[91.24614173800006,23.91384719000007],[91.24481518900006,23.90711629300006],[91.22842842300008,23.898779259000037],[91.22954634000007,23.880739884000036],[91.25404309600003,23.83812894400006],[91.22636458500006,23.79106941300006],[91.23064743100008,23.765060497000036],[91.21892462700004,23.73656287600005],[91.21031096100006,23.749292842000045],[91.19653858200007,23.751212675000033],[91.16759663900007,23.74978279800007],[91.15628191100006,23.73649357100004],[91.14912698800003,23.711667524000063],[91.15418144900008,23.68853675500003],[91.19547985600008,23.69228086100003],[91.20657886600009,23.684984694000036],[91.20453324500005,23.650527470000043],[91.19935556700005,23.646741647000056],[91.15240040800006,23.671444958000052],[91.14252065400007,23.66518985600004],[91.12929456000006,23.667552602000058],[91.11814784800004,23.69682683600007],[91.11403856400005,23.692222711000056],[91.10602004900005,23.695238042000028],[91.11016540600008,23.699489330000063],[91.10292765900004,23.70363688900005],[91.10951428100003,23.713466376000042],[91.09599494800005,23.713679582000054],[91.09581300600007,23.718832252000027],[91.08751298900006,23.715357217000076],[91.07978077800004,23.723087108000072],[91.08614892600008,23.728682176000063],[91.07394162000008,23.72781685500007],[91.07873762600008,23.735795625000037],[91.06935563100006,23.730629242000077],[91.07224275000004,23.738847760000056],[91.06562123500004,23.736546455000052],[91.06720414400007,23.743583572000034],[91.05834452700003,23.745940775000065],[91.06521533800009,23.757432563000066],[91.05670074200003,23.752888299000062],[91.05946968300003,23.76184110400004],[91.05074091900008,23.75828638300004],[91.05344149500007,23.767694729000027],[91.04469263000004,23.762190675000056],[91.04267926700004,23.767590511000037],[91.04924103500008,23.77154312400006],[91.04721723100005,23.777469738000036],[91.04047738600008,23.776066857000046],[91.03506082500007,23.795520099000044],[91.00413436900004,23.78751860500006],[90.99520522200004,23.79362201600003],[90.99927814100005,23.787551248000057],[90.96748894500007,23.782881148000058],[90.95901351800006,23.773934445000066],[90.94630931900008,23.776031988000057],[90.89976650500006,23.76468053700006],[90.88480092600008,23.752928402000066],[90.88731997200006,23.736773345000074],[90.87342399800008,23.71980632800006],[90.85011285500008,23.72734074300007],[90.83367677800004,23.723917882000023],[90.82631092600008,23.73420708200007],[90.81735164200006,23.73343786500004],[90.80039368600006,23.74646726800006],[90.77969515200004,23.73328967200007],[90.77480805800008,23.710578118000058],[90.78715831300008,23.689451158000054],[90.77635780600008,23.682981075000043],[90.76460740000005,23.698465360000057],[90.74114421900003,23.69262047600006],[90.72461211400008,23.71895820000003],[90.72375115000006,23.746694426000033],[90.76577061800003,23.801915620000045],[90.76800060800008,23.82024916100005],[90.75946948800004,23.85004175200004],[90.76665510400005,23.86420895300006],[90.83355638200004,23.863332410000055],[90.85810197000006,23.879037157000027],[90.89833296500007,23.862733322000054],[90.91404890700005,23.873469330000034],[90.93011744200004,23.90988309900007],[90.95118165500008,23.92850726000006],[90.95306409700004,23.95387661600006],[90.97296536400006,23.96993629800005],[90.97382229000004,23.98848440000006],[90.96619037800008,24.006244567000067],[90.97515955700004,24.02122459700007],[91.00851389700006,24.049898377000034],[91.04156695600005,24.065921526000068],[91.05311531000007,24.083151994000048],[91.04423118500006,24.109925635000025],[90.99702794800004,24.138444551000077],[90.98667596800004,24.157747890000053],[91.01612594100004,24.180454362000035],[91.04234399600006,24.212866770000062],[91.08968922500009,24.21124283900008],[91.09026573000006,24.219324293000057],[91.07912247700006,24.227326701000038],[91.08510332200007,24.241120816000034],[91.13764922200005,24.244163155000024],[91.17355789400006,24.26519860600007],[91.19488236800004,24.239842943000042],[91.27957692800004,24.22486121000003],[91.28668524700004,24.22587593800006],[91.28085429900005,24.23276351800007],[91.28433383600003,24.246020415000032],[91.30172955800003,24.266389881000066],[91.32516912300008,24.26035994800003],[91.32883813900008,24.249628555000072],[91.32401530800007,24.22954225500007],[91.29853479400003,24.223023270000056],[91.29813495800005,24.21369303700004],[91.28373204800005,24.21750750500007],[91.27754634400009,24.203739867000024],[91.28400709900006,24.195639277000055],[91.31282170200006,24.203073103000065],[91.31316460300008,24.183320905000073],[91.30524816800005,24.19070591600007],[91.27730878800008,24.18156149500004],[91.27523539000003,24.156481507000024],[91.26697999800007,24.158137431000057],[91.26833809200008,24.14896450200007],[91.26174610700008,24.14615020100007],[91.26362892900005,24.140085734000024],[91.27182176000008,24.140609767000058],[91.27160070000008,24.123667167000065],[91.29129131200006,24.11891662100004],[91.28417297800007,24.11143430100003],[91.27083773200007,24.11254370300003],[91.26858542200006,24.099392200000068],[91.27940698600008,24.08886754100007],[91.29305977700005,24.093188456000064],[91.28409763500008,24.06377184300004],[91.30406762400008,24.05628975600007],[91.30343076700007,24.045325666000053],[91.31160978000008,24.03926844500006],[91.31238854500003,24.028571648000025],[91.30386963600006,24.024446228000045],[91.30793103100007,24.017661118000035],[91.29428647400005,24.00129915900004],[91.30314268900008,23.997076917000072]]]}},{"type":"Feature","id":"chandpur","properties":{"district":"chandpur","source_name":"Chandpur","renamed":false},"geometry":{"type":"MultiPolygon","coordinates":[[[[90.61238415500009,23.016795655000067],[90.61103361700003,23.026504158000023],[90.61272635400007,23.035293056000057],[90.61719519100006,23.02992186800003],[90.61238415500009,23.016795655000067]]],[[[90.60174161500004,23.009920452000074],[90.58880462900004,23.028338036000036],[90.59384120600004,23.02861787300003],[90.58944309700007,23.041480584000055],[90.59363016800006,23.046722773000056],[90.60838643800008,23.029238977000034],[90.60174161500004,23.009920452000074]]],[[[90.58866270600004,23.02543440200003],[90.56683518000006,23.043525672000044],[90.56982158100004,23.058223172000055],[90.58040856100007,23.05758677800003],[90.58866270600004,23.02543440200003]]],[[[90.56558434700008,23.044929726000078],[90.54830779900004,23.059733270000038],[90.56775018800005,23.086703055000044],[90.57725738300007,23.08676400400003],[90.58642064600008,23.067180348000022],[90.56752742000003,23.057753233000028],[90.56558434700008,23.044929726000078]]],[[[90.59026587800008,23.095989513000063],[90.57808813000008,23.08766935700004],[90.57423385100003,23.092559035000022],[90.58866681000006,23.108423299000037],[90.59026587800008,23.095989513000063]]],[[[90.59391994900005,23.110219826000048],[90.61536526900005,23.093398867000076],[90.61976136700008,23.07723451800007],[90.61016254500004,23.03367756700004],[90.59576256000008,23.047192947000042],[90.58383846200007,23.051897953000037],[90.58883338100009,23.069609188000072],[90.58028108500008,23.08703972400008],[90.59328330100004,23.09478301400003],[90.59391994900005,23.110219826000048]]],[[[90.57306822400005,23.110106101000042],[90.58665171800004,23.10847879000005],[90.57503796500004,23.099391341000057],[90.57306822400005,23.110106101000042]]],[[[90.55627591500007,23.13516920400008],[90.56220589000009,23.14511615300006],[90.57171864400004,23.152424670000073],[90.56742850900008,23.146506595000062],[90.55627591500007,23.13516920400008]]],[[[90.63734346700005,23.174537378000025],[90.63796929200004,23.183796417000053],[90.64023033400008,23.183607708000068],[90.64118725300006,23.180915391000042],[90.63734346700005,23.174537378000025]]],[[[90.60770731100007,23.192057096000042],[90.60269950000009,23.195748250000065],[90.60443228600008,23.201620922000075],[90.60948860700006,23.19916365200004],[90.60770731100007,23.192057096000042]]],[[[90.60776348400003,23.213533254000026],[90.60218324800007,23.224057190000053],[90.60403088500004,23.225503272000026],[90.61048838000005,23.218117069000073],[90.60776348400003,23.213533254000026]]],[[[90.60122930200004,23.229289772000072],[90.59686081100006,23.226941487000033],[90.59653011500006,23.23005571300007],[90.60122930200004,23.229289772000072]]],[[[90.63748500100007,23.25354861900007],[90.63330731500008,23.25619464400006],[90.62744923200006,23.27007962400006],[90.63045312000008,23.270832557000062],[90.63748500100007,23.25354861900007]]],[[[90.61197076600007,23.27955691300008],[90.61862269800008,23.27465535500005],[90.61840071200004,23.271310691000053],[90.61197076600007,23.27955691300008]]],[[[90.57461257200004,23.29432464200005],[90.58716146500007,23.28849487900004],[90.58357740200006,23.285353523000026],[90.57461257200004,23.29432464200005]]],[[[90.60821432100005,23.292620586000055],[90.60559310800005,23.28507870800007],[90.61942244000005,23.26576162200007],[90.58747534600008,23.283283434000055],[90.58994010000004,23.296610073000068],[90.60821432100005,23.292620586000055]]],[[[90.61509836100004,23.301484298000048],[90.62630202400004,23.279309553000076],[90.62679161500006,23.267835898000044],[90.62122875600005,23.267618638000044],[90.62192045000006,23.277223458000037],[90.60915008500007,23.296393244000058],[90.61509836100004,23.301484298000048]]],[[[90.59580067900004,23.311262329000044],[90.59097820100004,23.309129639000048],[90.59016555900007,23.312526223000077],[90.59580067900004,23.311262329000044]]],[[[90.64224671500006,23.30266602000006],[90.63800869000005,23.309232089000034],[90.63643006200004,23.314544135000062],[90.64327466200007,23.306581467000058],[90.64224671500006,23.30266602000006]]],[[[90.62829770600007,23.321435648000033],[90.62205298800006,23.325188841000056],[90.62393389000005,23.328957629000058],[90.62829770600007,23.321435648000033]]],[[[90.63280617300006,23.333463266000024],[90.63412180500006,23.315554435000024],[90.62499614800004,23.33478517700007],[90.63280617300006,23.333463266000024]]],[[[90.68775446100005,23.492475265000053],[90.70959433700006,23.454739477000032],[90.71078592300006,23.435219268000026],[90.72871576000006,23.426611600000058],[90.73634075400008,23.41486403600004],[90.73563792500005,23.427481269000054],[90.75640322500004,23.41580805600006],[90.77275628600006,23.448307544000045],[90.79409529800006,23.43346233400007],[90.79895932200003,23.445911847000048],[90.81767732100008,23.448008077000054],[90.81770209200005,23.46296215800004],[90.83321644000006,23.46393345100006],[90.84014512600004,23.475488132000066],[90.86192901400005,23.452795855000033],[90.87700918400003,23.454419487000052],[90.89042772300007,23.408173313000077],[90.89882294400007,23.40771879600004],[90.89772505700006,23.39702465700003],[90.90834737700004,23.395720225000048],[90.91123764400004,23.38737281300007],[90.91836131300005,23.388352350000048],[90.93023375300004,23.376852968000037],[90.93246781400006,23.347135880000053],[90.94793857900004,23.342511600000023],[90.95589520000004,23.348188555000036],[90.95618169600004,23.332360022000046],[90.97314576000008,23.31901201900007],[90.98098553000005,23.28739934600003],[90.99444912200005,23.292448282000066],[91.00400943300008,23.26845589100003],[91.00866706000005,23.270379254000034],[91.01358612700005,23.260722587000032],[91.01410019900004,23.248394762000032],[91.02366054000004,23.247345412000072],[91.02881753100007,23.22282813100003],[91.01502275800004,23.212615347000053],[91.01421397700005,23.19592603800004],[91.01862687000005,23.194965512000067],[91.00001604200008,23.18171813600003],[91.00590776500007,23.175072871000054],[91.00561627500008,23.155092314000058],[91.01208443400003,23.15287918100006],[91.00842759100004,23.141786024000055],[90.98788443700005,23.140895439000076],[90.96440191600004,23.12835811900004],[90.95551708700003,23.14593297700003],[90.93501369200004,23.14380684400004],[90.91210993400006,23.147814880000055],[90.91386254100007,23.15626314600007],[90.90199326900006,23.153239016000043],[90.90196849900008,23.162305029000038],[90.89293741700004,23.170989358000043],[90.86805138700004,23.173530603000074],[90.84721779200004,23.166982494000024],[90.85062716700008,23.155076591000068],[90.83630484600008,23.13815035600004],[90.82133610400007,23.133455253000022],[90.81307424800008,23.121656709000035],[90.79599003400006,23.118077662000076],[90.79199856500009,23.078154102000042],[90.76963044000007,23.077185232000033],[90.75205493100003,23.067553864000047],[90.75378924000006,23.059391710000057],[90.73160418900005,23.04224865300006],[90.68843285900005,23.063321682000037],[90.66240432400008,23.050493648000042],[90.66660607300008,23.031441097000027],[90.65785069400005,23.02421910000004],[90.66967523400007,23.01545372700008],[90.66081937400008,23.013212343000077],[90.66284011100004,23.007621448000066],[90.64654932200006,22.984368093000057],[90.64327702400004,23.106602847000033],[90.65023124900006,23.123495391000063],[90.64472370200008,23.11699956900003],[90.63915702400004,23.131027304000042],[90.63873670300006,23.140493309000078],[90.64804649500007,23.134396455000058],[90.63840745300007,23.167124365000063],[90.64297591900004,23.184373914000048],[90.63762529000007,23.189940197000055],[90.63836229400005,23.228617756000062],[90.66118644700003,23.247451710000064],[90.66528256900006,23.275444569000058],[90.63906879300004,23.333437841000034],[90.64951636800004,23.33697973900007],[90.66112834800003,23.324790042000075],[90.67219294300008,23.31855046800007],[90.67860421800003,23.31989694200007],[90.68325785600007,23.325373126000045],[90.67056587000008,23.33600357200004],[90.67183710600005,23.349653311000054],[90.66851650300003,23.335989750000067],[90.68151136400007,23.325380732000042],[90.67333525300006,23.320576799000037],[90.65495088200004,23.33686113500005],[90.63740705400005,23.337650487000076],[90.63301968000007,23.345746381000026],[90.63235458300005,23.336476386000072],[90.61123944600007,23.347389375000034],[90.60743465700006,23.34122914900007],[90.59058477100007,23.343204601000025],[90.59067372200008,23.335945844000037],[90.57606171800006,23.35800362200007],[90.54448858800004,23.369487269000047],[90.53900472100008,23.391194034000023],[90.57775700900004,23.45207619300004],[90.57755973600007,23.470589394000058],[90.58428423200007,23.480163232000052],[90.57715957700003,23.48509788900003],[90.57612541400005,23.49571168500006],[90.60141185000003,23.498070752000046],[90.61302998800005,23.490430751000076],[90.64166966600004,23.503678012000023],[90.67096159000005,23.49071712700004],[90.68775446100005,23.492475265000053]]]]}},{"type":"Feature","id":"chattogram","properties":{"district":"chattogram","source_name":"Chittagong","renamed":true},"geometry":{"type":"MultiPolygon","coordinates":[[[[91.87372945500005,22.15105518400003],[91.86960433400009,22.159166939000045],[91.87851866300008,22.15918384200006],[91.87539657800005,22.15587465400006],[91.87372945500005,22.15105518400003]]],[[[91.87069467300006,22.333105088000025],[91.87597557400005,22.353473670000028],[91.88348333700009,22.357806779000043],[91.88372564300005,22.34717108600006],[91.87069467300006,22.333105088000025]]],[[[91.97388398000004,22.41329634600004],[91.96292430800008,22.415162020000025],[91.95983796200005,22.41956004900004],[91.96534810600008,22.418477463000045],[91.97388398000004,22.41329634600004]]],[[[91.39342728200006,22.423479152000027],[91.40894922800004,22.39767827600008],[91.40537846300003,22.382462598000075],[91.39953871400007,22.384377266000058],[91.38953332600005,22.373087876000056],[91.35477259100008,22.370992987000022],[91.35312951100008,22.376455547000035],[91.39342728200006,22.423479152000027]]],[[[91.33990758700008,22.517640451000034],[91.33942567700007,22.52601656300004],[91.34340171100007,22.517361251000068],[91.33990758700008,22.517640451000034]]],[[[91.33919096000005,22.530096601000025],[91.33619835000007,22.555933797000023],[91.33258901600004,22.564883414000064],[91.35090091600006,22.562393754000027],[91.34820550100005,22.551160507000077],[91.35537864000008,22.546655223000073],[91.35224972700007,22.526535669000054],[91.34295635100005,22.531130188000077],[91.34453153400005,22.542372949000026],[91.33919096000005,22.530096601000025]]],[[[91.56841456000006,22.409412471000053],[91.51020591000008,22.387212867000073],[91.48042798700004,22.399819190000073],[91.43643286000008,22.475015417000066],[91.41996923800008,22.522239454000044],[91.42585355400007,22.569217321000053],[91.42046336400006,22.595599900000025],[91.43274825300006,22.603902623000067],[91.45854998900006,22.60874053400005],[91.47616443400005,22.595149415000037],[91.56430195400009,22.47248748100003],[91.57150986200008,22.44584440400007],[91.56841456000006,22.409412471000053]]],[[[91.35719126500004,22.60174825100006],[91.34882915000009,22.60468645000003],[91.34975540500005,22.609888261000037],[91.35481114300006,22.605735457000037],[91.35719126500004,22.60174825100006]]],[[[91.33220808900006,22.565661091000038],[91.31111546600005,22.602810281000075],[91.34388961200005,22.611491025000078],[91.34798088900004,22.60342709100007],[91.35339152200004,22.60008368800004],[91.34935596500009,22.586065802000064],[91.35345303100007,22.574775505000048],[91.34859130900008,22.574959767000053],[91.34897493000005,22.566783507000025],[91.33220808900006,22.565661091000038]]],[[[91.31818293400005,22.649888908000037],[91.34317560700003,22.68581308000006],[91.34865749500005,22.715887327000075],[91.33841266400003,22.732051381000076],[91.37310293400003,22.717129207000028],[91.38433084100006,22.707400910000047],[91.38102943100006,22.698421153000027],[91.39366532200006,22.699984481000058],[91.41027048500007,22.680362724000076],[91.39496980900003,22.631651904000023],[91.38874829000008,22.627356680000048],[91.32824674100004,22.641346313000042],[91.31818293400005,22.649888908000037]]],[[[91.71310532200005,22.988694200000054],[91.73053575200004,22.939611753000065],[91.72494127400006,22.934744151000075],[91.71642267200008,22.886940639000045],[91.73022706500007,22.871798779000073],[91.74631797400008,22.871394320000036],[91.75415085300006,22.862945128000035],[91.76618561300006,22.815961051000045],[91.77818273400004,22.79052477500005],[91.79023293100005,22.783284525000056],[91.79276550300006,22.769248117000075],[91.81124864000003,22.79319427300004],[91.83475466600004,22.79032194100006],[91.83037896600007,22.777441365000072],[91.83461764400005,22.77580161800006],[91.83650511500008,22.780351879000023],[91.85156737500006,22.771749537000062],[91.85681217300004,22.777705121000054],[91.85674657700008,22.756974811000077],[91.87490452800006,22.767608379000023],[91.88695479400008,22.765832998000064],[91.89535240100008,22.75227240600003],[91.88390301100009,22.752637890000074],[91.87691516400008,22.71595684700003],[91.88330493100005,22.697237302000076],[91.89773837100006,22.69233482800007],[91.92393524800008,22.69923462400004],[91.92842502100007,22.694455767000022],[91.92572874700005,22.680367158000024],[91.94306219100008,22.668389343000058],[91.93472138000004,22.657111076000035],[91.94502257600004,22.61172418500007],[91.94133436000004,22.60695260500006],[91.96175998400008,22.573567781000065],[91.97824461700009,22.507933834000028],[91.97040702500004,22.495726168000033],[91.98858694300009,22.488704148000068],[91.98124286100006,22.48895716100003],[91.98102071600005,22.48410358800004],[92.00493008200004,22.488796515000047],[92.00572485900005,22.49657372300004],[92.01636377200003,22.499432128000024],[92.02156793700004,22.509255402000065],[92.01734733100005,22.51761122100004],[92.02738504400008,22.528681514000027],[92.01471048300004,22.54877093300007],[92.01724135600006,22.569210313000042],[92.00592017600007,22.58655404900003],[92.01285788000007,22.604944646000035],[92.02842347800004,22.60949333600007],[92.03519150900007,22.62205318900004],[92.04624560500008,22.607328162000044],[92.06032145600005,22.614828196000076],[92.08026601900008,22.609661738000057],[92.07617353100005,22.593187164000028],[92.10409420700006,22.570225494000056],[92.09947310700005,22.55756393000007],[92.10673577600005,22.55639239900006],[92.10776766000004,22.53040438900007],[92.11477803000008,22.53163242200003],[92.12274711900005,22.512268349000067],[92.13324375800005,22.479398867000043],[92.13399401200007,22.464122046000057],[92.12829718000006,22.458512014000064],[92.13892127500009,22.451374625000028],[92.14227652300008,22.436409179000066],[92.11628606100004,22.423268884000038],[92.11854739100005,22.41607890800003],[92.09921291600006,22.400823951000064],[92.12008756500006,22.36702806200003],[92.14012623800005,22.36693865700005],[92.13908629400004,22.354630764000035],[92.13202954300004,22.351164995000033],[92.14593679800004,22.347740998000063],[92.14484523500005,22.33219158000003],[92.15249115400007,22.331168579000064],[92.15472731600005,22.323243787000024],[92.14811128000008,22.296367368000062],[92.13742900900007,22.286085247000074],[92.14338023900007,22.258697788000063],[92.13766023000005,22.23504693500007],[92.14943239700006,22.220717991000072],[92.14646568300003,22.204927274000056],[92.16426308000007,22.181690982000077],[92.15597600900009,22.16438174600006],[92.16269753800003,22.146809231000077],[92.17072569900006,22.144471072000044],[92.16032665700004,22.12979622200004],[92.17322768000008,22.113083403000076],[92.17054188000009,22.105232969000042],[92.14399716400004,22.090681322000023],[92.16427456500008,22.083424024000067],[92.15516051100008,22.070258584000044],[92.17644738600006,22.063953449000053],[92.16134554000007,22.043055254000024],[92.17766762900004,22.02422634100003],[92.19449830000008,22.02281626200005],[92.20200898600007,22.019084360000022],[92.20147419600005,22.00852583300008],[92.21605208000005,22.00561366200003],[92.20348053600009,22.000033992000056],[92.20252524500006,21.99139372600007],[92.21318346100009,21.972736636000036],[92.19442505300003,21.96165634700003],[92.18503583500006,21.94619169400005],[92.15983631500006,21.945394814000053],[92.17504248500006,21.910175265000078],[92.14729506900005,21.909130324000046],[92.12984652200004,21.901583022000068],[92.11198623800004,21.916611081000042],[92.11865544200003,21.934556144000055],[92.09968797200008,21.922069097000076],[92.07693786900006,21.923491958000056],[92.06004910600006,21.907799492000038],[92.05717195900007,21.92405147100004],[92.05133420200008,21.918446192000033],[92.04041362100008,21.923869469000067],[92.04276359000005,21.91246064300003],[92.03625143100004,21.904015101000027],[91.97374723600007,21.904270557000075],[91.96538314300005,21.883421260000034],[91.95827260300007,21.88462695100003],[91.95797196100006,21.89210616400004],[91.93912529500005,21.877962637000053],[91.92409708100007,21.877293658000042],[91.92544055200005,21.862986275000026],[91.91656643800007,21.858419516000026],[91.90659373000005,21.910049362000052],[91.90845640900005,21.93030708400005],[91.89037921900007,21.948007331000042],[91.88458064200006,21.976413123000043],[91.87054770800006,22.00228486000003],[91.87869239200006,22.042813081000077],[91.86226593900005,22.091937322000035],[91.86237416700004,22.117203656000072],[91.84742604000007,22.15082613100003],[91.85640950600003,22.15129758300003],[91.85402842500008,22.137896026000078],[91.86007386500006,22.129511859000047],[91.90310356600008,22.12036921300006],[91.90736885300004,22.125277397000048],[91.90453754300006,22.134032055000034],[91.87682566600006,22.15000415700007],[91.88513635200007,22.155284538000046],[91.90440811100007,22.153729089000024],[91.91853279400004,22.18500145300004],[91.92006564500008,22.175067295000076],[91.92805416500005,22.168282566000073],[91.93526034900003,22.167659540000045],[91.94049574500008,22.179962320000072],[91.95542341900006,22.169509739000034],[91.97785650600008,22.175451203000023],[91.98463229600009,22.167006229000037],[91.97135760600008,22.16704769000006],[91.96855773000004,22.163975563000065],[91.97119528300004,22.15540156800006],[91.97959771600006,22.148669334000033],[91.99248022400008,22.145943819000024],[91.97127566300009,22.158865250000076],[91.97033404400008,22.164909651000073],[91.98695003200004,22.165365187000077],[91.97771600400006,22.176886511000077],[91.95704639800005,22.17092387400004],[91.93814425800008,22.181543600000055],[91.93216755200007,22.168950666000057],[91.92388551300007,22.172991155000034],[91.91760520200006,22.187521246000074],[91.90348491700007,22.155907564000074],[91.87927741200008,22.160787972000037],[91.86855676500005,22.159955617000037],[91.87861634400008,22.142396946000076],[91.90153043500004,22.13215539500004],[91.90186702900007,22.123788562000072],[91.85917637900008,22.135400184000048],[91.86106008300004,22.15098690800005],[91.84952797000005,22.15467353500003],[91.84181916800009,22.145728268000028],[91.85271540100007,22.118290880000075],[91.84140776100008,22.118418808000058],[91.82412896300008,22.15674924700005],[91.81232203900004,22.20820743200005],[91.81573443100007,22.229697662000035],[91.83386763800007,22.244547829000055],[91.83979324300003,22.265890588000048],[91.80703122100005,22.277488896000023],[91.79863378100004,22.293400750000046],[91.82528872400007,22.31728448800004],[91.85978808400006,22.32382160800006],[91.88085812500003,22.339259869000045],[91.88480658700007,22.346382146000053],[91.88929790900005,22.391309869000054],[91.91144671700005,22.41386792000003],[91.93979657700004,22.422131558000046],[91.95603022600005,22.420621563000054],[91.96407655700006,22.41257943100004],[91.96919510500004,22.411083554000072],[91.98222592700006,22.41109183800006],[91.98177013200007,22.415888018000032],[91.95303921700008,22.42495849900007],[91.92935689300003,22.424466539000036],[91.91441287900005,22.421717627000078],[91.89315721700007,22.40589951000004],[91.88417693600007,22.418847526000036],[91.89198744800007,22.426282724000032],[91.89113864900008,22.42999608200006],[91.87488897100008,22.432873630000074],[91.85626893700004,22.462896517000047],[91.86615572300008,22.471682755000074],[91.87606324900008,22.467625329000043],[91.88114835900006,22.477721056000064],[91.87469074000006,22.468298555000047],[91.86723913400004,22.47340269700004],[91.85778690300003,22.468255154000076],[91.85452113800005,22.464350257000035],[91.85766591900006,22.454398018000063],[91.86991709600005,22.435858375000066],[91.87664746100006,22.429866574000073],[91.88972831300003,22.428437377000023],[91.88264972000007,22.419940551000025],[91.89084972600006,22.406284930000027],[91.85994707600008,22.33192329800005],[91.82366079800005,22.322395735000043],[91.79799602400004,22.303710074000037],[91.79707791800007,22.280112014000053],[91.83362811700005,22.259631812000066],[91.82246891100004,22.242361826000035],[91.80014791700006,22.22594859000003],[91.76561219200005,22.272258614000066],[91.76798495800006,22.301695816000063],[91.73511466600007,22.413752506000037],[91.73685259300004,22.429504591000068],[91.70869562700005,22.488229122000064],[91.63722739100007,22.57040747800005],[91.59309177500006,22.615512728000056],[91.59836951000005,22.604492079000067],[91.58480108000003,22.61577320400005],[91.58159288000007,22.63417918300007],[91.55792025300008,22.661293929000067],[91.52509831700007,22.689783354000042],[91.48023478100004,22.714842017000024],[91.46253252000008,22.746906739000053],[91.46416530600004,22.75506436300003],[91.45436305500004,22.75689226800006],[91.44307590700004,22.802231624000058],[91.46152434200008,22.82913259700007],[91.47110072900006,22.861099866000075],[91.46533278100009,22.85488007400005],[91.46625605000008,22.86128626900006],[91.47449732200005,22.874888423000073],[91.46241159600004,22.877524911000023],[91.46196856600005,22.90201925200006],[91.51274162700008,22.902392363000047],[91.53073752400007,22.913256337000064],[91.53103256600008,22.925577902000043],[91.53781765200006,22.92883415800003],[91.53731644000004,22.935178437000047],[91.52547348200005,22.93996925500005],[91.52742479700004,22.94723313000003],[91.53953852500007,22.942409601000065],[91.54292643400004,22.956699746000027],[91.56624299400005,22.947858800000063],[91.59145003900005,22.976600888000064],[91.60556047600005,22.97216933900006],[91.61325251300008,22.96060489000007],[91.60478629000005,22.962310350000052],[91.60002157400004,22.955079771000044],[91.61432968800005,22.95249320000005],[91.62022738200005,22.93867433400004],[91.62547276400005,22.944180811000024],[91.62438394400004,22.96144969900007],[91.63538120300007,22.961054758000046],[91.64641459300003,22.985243940000032],[91.65129814600004,22.97688196400003],[91.65854586700004,22.981794560000026],[91.68243248600004,22.97757040500005],[91.69361062100006,22.98844667800006],[91.71098993300006,22.982669911000073],[91.71310532200005,22.988694200000054]]]]}},{"type":"Feature","id":"chuadanga","properties":{"district":"chuadanga","source_name":"Chuadanga","renamed":false},"geometry":{"type":"Polygon","coordinates":[[[89.01726061300008,23.70874473600003],[89.01065191000004,23.706583541000043],[89.00689310600006,23.691501777000042],[89.01192665600007,23.65598865800007],[89.005327,23.63937131600005],[89.01032742000007,23.626259109000046],[89.00373392700004,23.603842689000032],[88.98494180900008,23.58256720600008],[88.98763298300008,23.570746776000078],[88.97638996200004,23.55744142900005],[88.97849662600004,23.54814734200005],[88.94673413200007,23.551746382000033],[88.93580540500005,23.539434990000075],[88.93385679800008,23.532230054000024],[88.94692637200006,23.511867489000053],[88.94530995400004,23.48315317400005],[88.93513689000008,23.469253343000048],[88.93650108700007,23.46193607400005],[88.92964023200005,23.461964222000063],[88.93040044800006,23.447995368000022],[88.91828027300005,23.442251078000027],[88.93703602500005,23.444068913000024],[88.94579876000006,23.438059433000035],[88.94465928200003,23.431897011000046],[88.93379905300009,23.43047464500006],[88.93366219800004,23.41271292400006],[88.92111380400007,23.412779186000023],[88.91787030400008,23.418620737000026],[88.91082398700007,23.415540425000074],[88.91838959700004,23.412230287000057],[88.91654490800005,23.40594369400003],[88.87756576600003,23.406716833000075],[88.87524275300007,23.392057220000027],[88.86128278300004,23.376849261000075],[88.85464480800005,23.37558713900006],[88.85547589900006,23.38277071600004],[88.85228540400004,23.375298891000057],[88.84223232400007,23.37943927500004],[88.83291893500007,23.389228815000024],[88.83081387300007,23.380564591000052],[88.82261200600004,23.378520584000057],[88.81467918900006,23.388881045000062],[88.79731039200004,23.37082158000004],[88.78674464200003,23.380463743000064],[88.77797989600003,23.37106691200006],[88.77640609800005,23.37565286100005],[88.76877108800005,23.369271918000038],[88.75960892300003,23.373574706000056],[88.75956889500009,23.38470575200006],[88.74876517700005,23.398148952000042],[88.76114713100009,23.408914980000077],[88.75454018800008,23.414324616000044],[88.76410030100004,23.44602500800005],[88.79540900700005,23.44360419700007],[88.78725117300007,23.469580429000075],[88.79962481900003,23.482821025000078],[88.79480223800005,23.485471364000034],[88.80040546100008,23.497120195000036],[88.78195059400008,23.501856711000073],[88.76990764200008,23.495692555000062],[88.77394069600007,23.47983363800006],[88.76239091400004,23.490471553000077],[88.75604423000004,23.48762522100003],[88.76155560200004,23.480046376000075],[88.74665098000008,23.483702761000075],[88.74345661300003,23.479023807000033],[88.72406715200003,23.512600288000044],[88.71248514100006,23.509468767000044],[88.69572284500003,23.517502922000062],[88.68286243300008,23.541695967000067],[88.65966776200008,23.54921590300006],[88.65012189700008,23.585477293000054],[88.63873398000004,23.590860848000034],[88.64343324600009,23.60705351100006],[88.63511301900007,23.615286385000047],[88.64813543800005,23.62410238500007],[88.64255429300005,23.62457689300004],[88.64269976100007,23.630761059000065],[88.65427383700006,23.65043451400004],[88.68018298900006,23.648233532000063],[88.68733028000008,23.659699990000036],[88.69185757700006,23.654979979000075],[88.69694154700005,23.66525398400006],[88.73798383400003,23.684026476000042],[88.74651512300005,23.694878519000042],[88.77377880000006,23.699766628000077],[88.78411403600006,23.71738811000006],[88.77884351800003,23.73255867100005],[88.78652562900004,23.742441246000055],[88.79205281700007,23.772414773000037],[88.81884949600004,23.772567871000035],[88.83165292400008,23.813026851000075],[88.85077532900004,23.832691201000046],[88.87854349600008,23.83339303500003],[88.89143328200004,23.827437493000048],[88.90731731400007,23.837860859000045],[88.92222585900004,23.816404313000078],[88.91168143900006,23.78381802100006],[88.93905206300008,23.796823207000045],[88.93818001000005,23.804108486000075],[88.94780088000005,23.80124705000003],[88.95785007200004,23.80896838800004],[88.97417160900005,23.801542049000034],[88.97665989600006,23.789011952000067],[88.99964304000008,23.781987516000072],[89.00613999300003,23.785639898000056],[88.98955154100008,23.752311432000056],[89.00592083900005,23.748287279000067],[89.00743689600006,23.723420196000063],[89.01726061300008,23.70874473600003]]]}},{"type":"Feature","id":"cumilla","properties":{"district":"cumilla","source_name":"Comilla","renamed":true},"geometry":{"type":"Polygon","coordinates":[[[91.15643073100006,23.66929927800004],[91.16273050200004,23.59520853600003],[91.17801852500008,23.591884143000073],[91.17517608300005,23.585628135000036],[91.19510031700008,23.562610834000054],[91.19438226300008,23.547323222000045],[91.21290363000008,23.550553939000054],[91.20070881900006,23.520161983000037],[91.20775618000005,23.512213287000066],[91.22350725000007,23.514173162000077],[91.21792674300008,23.49964628500004],[91.23551066600004,23.50191843600004],[91.23630722700005,23.48914615500007],[91.24926189000007,23.49031208200006],[91.25147711900007,23.453777098000046],[91.27060500600004,23.429935667000052],[91.26338831400005,23.423850322000078],[91.27637669300003,23.414827572000036],[91.27969595300004,23.376776868000036],[91.29430379200005,23.37484646100006],[91.28420407100003,23.371299505000025],[91.28612103600005,23.363281965000056],[91.29483667200003,23.361334933000023],[91.29099285500007,23.35079052900005],[91.32001958100005,23.360237394000023],[91.31096336400003,23.35262123600006],[91.31073142000008,23.342565984000032],[91.29611171500005,23.340995855000074],[91.28979783300008,23.318658329000073],[91.30946920400004,23.314001542000028],[91.31493163400006,23.296761811000067],[91.30714949900005,23.299914226000055],[91.30015764400008,23.292576651000047],[91.31661746300006,23.282018049000044],[91.30972071000008,23.276509842000053],[91.31795659000005,23.25304857800006],[91.32654204300007,23.252436988000056],[91.31862700400006,23.245621597000024],[91.32358499200006,23.237606390000053],[91.32331542300005,23.15822059100003],[91.33305035400008,23.153017944000055],[91.34180134100006,23.11795773700004],[91.34756397200005,23.11893149200006],[91.34691676300008,23.102459330000045],[91.37189803300004,23.069394405000025],[91.33076612300005,23.066293442000074],[91.31462926400008,23.04918286000003],[91.28701997400003,23.05204336500003],[91.27817749600007,23.06031887900008],[91.26346805500003,23.05421867000007],[91.24224954600004,23.057230771000036],[91.23553390800004,23.05878666700005],[91.23476631100004,23.065921727000045],[91.18603055600005,23.060064561000047],[91.16680065600008,23.07133020300006],[91.15990228700008,23.084072286000037],[91.14041403000004,23.07500194800008],[91.07943563100008,23.071601783000062],[91.08036096700005,23.076769283000033],[91.06554134100008,23.077480749000074],[91.04348636400005,23.09005483800007],[91.03526105700007,23.11469341800006],[91.02216022600004,23.10642838800004],[91.02035306000005,23.11287340800004],[90.98670704200003,23.117300476000025],[90.98062287200008,23.135393729000043],[91.00842759100004,23.141786024000055],[91.01208443400003,23.15287918100006],[91.00561627500008,23.155092314000058],[91.00590776500007,23.175072871000054],[91.00001604200008,23.18171813600003],[91.01862687000005,23.194965512000067],[91.01276785700009,23.20573372000007],[91.02903267100004,23.228743414000064],[91.02366054000004,23.247345412000072],[91.01410019900004,23.248394762000032],[91.01358612700005,23.260722587000032],[91.00866706000005,23.270379254000034],[91.00400943300008,23.26845589100003],[90.99444912200005,23.292448282000066],[90.98098553000005,23.28739934600003],[90.97314576000008,23.31901201900007],[90.95618169600004,23.332360022000046],[90.95589520000004,23.348188555000036],[90.94793857900004,23.342511600000023],[90.93246781400006,23.347135880000053],[90.93023375300004,23.376852968000037],[90.91836131300005,23.388352350000048],[90.91123764400004,23.38737281300007],[90.90834737700004,23.395720225000048],[90.89772505700006,23.39702465700003],[90.89882294400007,23.40771879600004],[90.89042772300007,23.408173313000077],[90.87700918400003,23.454419487000052],[90.86393019500008,23.452374948000056],[90.85185128300003,23.458805185000074],[90.84286879400008,23.475151657000026],[90.83210074900006,23.46937912900006],[90.83321644000006,23.46393345100006],[90.81770209200005,23.46296215800004],[90.81767732100008,23.448008077000054],[90.80872475900009,23.44342901400006],[90.80116931900005,23.447732401000053],[90.79409529800006,23.43346233400007],[90.78787492200007,23.437146902000052],[90.79260648200005,23.438952018000066],[90.76981561500008,23.44693277400006],[90.77004330900007,23.436810222000076],[90.75640322500004,23.41580805600006],[90.73563792500005,23.427481269000054],[90.73634075400008,23.41486403600004],[90.72871576000006,23.426611600000058],[90.71078592300006,23.435219268000026],[90.70959433700006,23.454739477000032],[90.68775446100005,23.492475265000053],[90.70732898900008,23.502703866000047],[90.71108023300008,23.51504093500006],[90.70054721500009,23.525155918000053],[90.68728279500004,23.557371145000047],[90.66738746900006,23.571765206000066],[90.64696543700006,23.576062372000024],[90.64653366700009,23.588322344000062],[90.66716696800006,23.592483731000073],[90.65305367500008,23.62040421200004],[90.62995024400004,23.620819235000056],[90.64011131600006,23.674678447000076],[90.65710730200004,23.671729925000022],[90.67485265900007,23.68011636400007],[90.70795255600007,23.662543096000036],[90.72685268500004,23.66295407700005],[90.74114421900003,23.69262047600006],[90.76041578200005,23.699153258000024],[90.77005580800005,23.684732602000054],[90.78548215300003,23.68684768600008],[90.78644946100007,23.69739457700007],[90.77480805800008,23.710578118000058],[90.77969515200004,23.73328967200007],[90.80039368600006,23.74646726800006],[90.81735164200006,23.73343786500004],[90.82631092600008,23.73420708200007],[90.83367677800004,23.723917882000023],[90.85011285500008,23.72734074300007],[90.87342399800008,23.71980632800006],[90.88731997200006,23.736773345000074],[90.88480092600008,23.752928402000066],[90.89976650500006,23.76468053700006],[90.94630931900008,23.776031988000057],[90.95901351800006,23.773934445000066],[90.96748894500007,23.782881148000058],[90.99927814100005,23.787551248000057],[90.99520522200004,23.79362201600003],[91.00413436900004,23.78751860500006],[91.03506082500007,23.795520099000044],[91.04047738600008,23.776066857000046],[91.04721723100005,23.777469738000036],[91.04924103500008,23.77154312400006],[91.04267926700004,23.767590511000037],[91.04469263000004,23.762190675000056],[91.05344149500007,23.767694729000027],[91.05074091900008,23.75828638300004],[91.05946968300003,23.76184110400004],[91.05670074200003,23.752888299000062],[91.06521533800009,23.757432563000066],[91.05834452700003,23.745940775000065],[91.06720414400007,23.743583572000034],[91.06562123500004,23.736546455000052],[91.07224275000004,23.738847760000056],[91.06935563100006,23.730629242000077],[91.07873762600008,23.735795625000037],[91.07394162000008,23.72781685500007],[91.08614892600008,23.728682176000063],[91.07978077800004,23.723087108000072],[91.08751298900006,23.715357217000076],[91.09581300600007,23.718832252000027],[91.09599494800005,23.713679582000054],[91.10951428100003,23.713466376000042],[91.10292765900004,23.70363688900005],[91.11016540600008,23.699489330000063],[91.10602004900005,23.695238042000028],[91.11403856400005,23.692222711000056],[91.11814784800004,23.69682683600007],[91.12929456000006,23.667552602000058],[91.15643073100006,23.66929927800004]]]}},{"type":"Feature","id":"cox's bazar","properties":{"district":"cox's bazar","source_name":"Cox's Bazar","renamed":false},"geometry":{"type":"MultiPolygon","coordinates":[[[[92.32719051500004,20.635427098000036],[92.32610037200004,20.618812150000053],[92.33156361100004,20.590926871000022],[92.32456449600005,20.594557117000022],[92.32494986100005,20.61825420400004],[92.31504878600003,20.62813565700003],[92.32719051500004,20.635427098000036]]],[[[92.28669777000005,20.904489128000023],[92.27453153200008,20.917171492000023],[92.27354590800007,20.925977485000033],[92.27782236000007,20.92290993200004],[92.28669777000005,20.904489128000023]]],[[[92.26631497100004,20.98794599300004],[92.26509647600005,20.983064314000046],[92.26345098300004,20.987804895000068],[92.26631497100004,20.98794599300004]]],[[[91.97169186200006,21.505241864000027],[91.96727991900008,21.50185299700007],[91.96570142300004,21.504093845000057],[91.97169186200006,21.505241864000027]]],[[[91.85107342400005,21.523475078000047],[91.84649884500004,21.525246309000067],[91.84800152800005,21.52895750700003],[91.85107342400005,21.523475078000047]]],[[[91.84132032500008,21.527740980000033],[91.83796228200003,21.53487526500004],[91.84112777000007,21.536775961000046],[91.84132032500008,21.527740980000033]]],[[[91.99209468100008,21.59401099300004],[91.99236505300007,21.602561878000074],[91.99606199700008,21.607583417000058],[91.99826742100004,21.600722972000028],[91.99209468100008,21.59401099300004]]],[[[91.86560298000006,21.622479602000055],[91.86096223800007,21.587356431000046],[91.85222810600004,21.583630648000053],[91.84663578100003,21.610074202000078],[91.86560298000006,21.622479602000055]]],[[[92.00838287800008,21.611640436000073],[92.00527871700007,21.601451116000078],[92.00103414500006,21.623532856000054],[92.00838287800008,21.611640436000073]]],[[[91.87017460400006,21.923086931000057],[91.87980459500005,21.92114603400006],[91.89041944600007,21.900761209000052],[91.89462820100005,21.860808226000074],[91.84522961300007,21.740558484000076],[91.84602236500007,21.725333239000065],[91.83426781600008,21.721077613000034],[91.82938128100005,21.72323065200004],[91.83029810200009,21.747683936000044],[91.84471717500008,21.775397534000035],[91.84212964000005,21.805105214000037],[91.85108925800006,21.827275632000067],[91.84084498500005,21.85869372700006],[91.84633437400004,21.899350240000047],[91.87017460400006,21.923086931000057]]],[[[92.05717195900007,21.92405147100004],[92.05987515400005,21.901884995000046],[92.07076588100006,21.901010043000042],[92.08087879400006,21.88848000200005],[92.08193833900003,21.857809647000067],[92.08979837700008,21.84015301000005],[92.07787348000005,21.825985564000064],[92.08051918500007,21.809926177000023],[92.10305242600003,21.807591871000056],[92.10814030500006,21.792487121000022],[92.13132934100008,21.799420848000068],[92.14835294600005,21.777228259000026],[92.15761156700006,21.77979018600007],[92.16470763900008,21.774574166000036],[92.17690520100007,21.791169370000034],[92.18146839000008,21.790696892000028],[92.18240763000006,21.77897470000005],[92.19049808000005,21.777075755000055],[92.17986801600006,21.821539699000027],[92.16720434500007,21.84033566200003],[92.18031771300008,21.84776637600004],[92.18430974800003,21.840266849000045],[92.17943327200004,21.832897093000042],[92.18601976000008,21.82105308900003],[92.19770665300007,21.82455668800003],[92.20479902300008,21.816465737000044],[92.20360427900005,21.804158870000037],[92.21235719100008,21.786539496000046],[92.19435453700004,21.78518663600005],[92.19210305200005,21.774539318000052],[92.18667719600006,21.774428331000024],[92.18080627800003,21.77876924000003],[92.18024974800005,21.789474161000044],[92.17568998500008,21.788090304000036],[92.16086265800004,21.769357609000053],[92.15820027700005,21.73458872300006],[92.11570204200007,21.740930950000063],[92.12140360500007,21.73521085400006],[92.10961325000005,21.73162490200008],[92.11843231400007,21.71774764500003],[92.10881946200004,21.715678446000027],[92.11420814700006,21.705700231000037],[92.10415818200005,21.70487006700006],[92.10385442100005,21.696644865000053],[92.09281883900007,21.68925080400004],[92.11195677300003,21.666738354000074],[92.10205865100005,21.658074468000052],[92.11438135100008,21.650771161000023],[92.10094007600009,21.642867306000028],[92.14081607600008,21.618035518000056],[92.14682058000005,21.596242176000032],[92.16151122100007,21.60568962900004],[92.17368248200006,21.599782928000025],[92.16961353200008,21.587023127000066],[92.18468222100006,21.568512312000053],[92.15925554900008,21.541509115000053],[92.15982422200005,21.532730095000034],[92.16961603500005,21.513210773000026],[92.17665153000007,21.50777035300007],[92.18308528900008,21.511664488000065],[92.18424082500007,21.501689456000065],[92.18773238000006,21.51089419300007],[92.20026876100007,21.514200413000026],[92.20261577400004,21.50324649600003],[92.21737881100006,21.50343908800005],[92.22126506600006,21.48552428200003],[92.23897969200004,21.47495056500003],[92.24202464700005,21.453634752000028],[92.22936900800005,21.446342711000057],[92.23394149700005,21.429152572000078],[92.24160886500005,21.42619316400004],[92.23773806800006,21.41398335100007],[92.24697572400004,21.403017008000063],[92.23515062900003,21.397938751000027],[92.22062891000007,21.40088037000004],[92.20166527900005,21.39074111900004],[92.18933888400005,21.424508685000035],[92.18232855500008,21.424222047000058],[92.17898817900004,21.431788759000028],[92.16344053400007,21.431668986000034],[92.14351967700009,21.39997634300005],[92.12659744600006,21.399983641000063],[92.15778577300006,21.312474922000035],[92.17094463300003,21.298822589000054],[92.18176105100008,21.269583074000025],[92.19032175300003,21.271783500000026],[92.19273962700004,21.26570440200004],[92.18201595300008,21.252315827000075],[92.17877120700007,21.233878052000023],[92.16632829200006,21.221173269000076],[92.17448615700005,21.198756097000057],[92.17580618100004,21.15997930800006],[92.19933095600004,21.161285329000066],[92.20044286000007,21.124371568000072],[92.20699777700008,21.118899889000033],[92.22371792100006,21.119899969000073],[92.23349502400004,21.096763347000035],[92.25832559400004,21.078792975000056],[92.26501938300004,21.062238910000076],[92.25123342700005,21.025598976000026],[92.26340372100003,20.978367836000075],[92.26212288500005,20.94951831700007],[92.27201166600008,20.915699778000032],[92.29927314400004,20.889385754000045],[92.31670601800005,20.850034652000033],[92.34560667900007,20.73977625200007],[92.32188391800008,20.754590413000074],[92.30615425500008,20.775279693000073],[92.27078305500004,20.84611870200007],[92.22478190700008,20.91247412100006],[92.17880319900007,21.020673499000054],[92.05922193600009,21.16038712200003],[92.04617743100005,21.184572811000066],[92.04798763000008,21.28623927600006],[92.03490542600008,21.328596676000075],[92.01739190600006,21.368234702000052],[91.94899770000006,21.458556264000038],[91.97039203200006,21.476354896000032],[91.97070022900004,21.461297235000075],[92.00169717100005,21.516006924000067],[92.00920651900003,21.51197405100004],[92.00125757100005,21.518879578000053],[91.99222634500006,21.570018884000035],[92.00377224500005,21.595973323000067],[92.01717249900008,21.60054251100007],[92.01997173500007,21.607103405000032],[92.01052563300004,21.62246273100004],[92.01858422900006,21.606546784000045],[92.00736343400007,21.60070913800007],[92.00963209400004,21.609570509000037],[92.00612712600008,21.618501594000065],[91.96202153900003,21.671501215000035],[91.94740778300007,21.71585523500005],[91.96147890400005,21.66727823800005],[91.98298217400009,21.64336695800006],[91.99243208200005,21.613050943000076],[91.98466260100008,21.59421918000004],[91.97599135600007,21.50877530200006],[91.93949505300009,21.503468398000052],[91.93941578000005,21.491712714000073],[91.92035741000007,21.49164869300006],[91.90339146300005,21.502500637000026],[91.91931330100005,21.489940199000046],[91.93756377000005,21.48762689600005],[91.92475072100007,21.484047272000055],[91.91424573400008,21.469495710000047],[91.86227706800008,21.506214235000073],[91.85416107500004,21.522293770000033],[91.86257384300006,21.52112474100005],[91.85047660500004,21.53079398600005],[91.86143657200006,21.543074183000044],[91.88440791800008,21.544751709000025],[91.85934383600005,21.565249316000063],[91.86210988300007,21.574824670000055],[91.87436414000007,21.574113689000058],[91.87319240600004,21.58731746600006],[91.88273285800005,21.59602768800005],[91.87600134000007,21.603057429000046],[91.86568423900007,21.59356697100003],[91.86898659300005,21.614964891000056],[91.88483421500007,21.628048169000067],[91.89201110700003,21.64478654000004],[91.87978650500008,21.683684382000024],[91.90531677800004,21.698581225000055],[91.88404637300005,21.692763986000045],[91.87811484500008,21.68489801100003],[91.88798637000008,21.65522949500007],[91.88247648000004,21.64726309300005],[91.85601207900004,21.671908303000066],[91.85539573000005,21.68367227500005],[91.91037517000007,21.82078600500006],[91.91656643800007,21.858419516000026],[91.92544055200005,21.862986275000026],[91.92232011000004,21.875243470000044],[91.95098506200009,21.88341216400005],[91.95797196100006,21.89210616400004],[91.95827260300007,21.88462695100003],[91.96538314300005,21.883421260000034],[91.97374723600007,21.904270557000075],[92.03625143100004,21.904015101000027],[92.04276359000005,21.91246064300003],[92.04041362100008,21.923869469000067],[92.05133420200008,21.918446192000033],[92.05717195900007,21.92405147100004]]]]}},{"type":"Feature","id":"dhaka","properties":{"district":"dhaka","source_name":"Dhaka","renamed":false},"geometry":{"type":"Polygon","coordinates":[[[90.14755261800008,24.03354300500007],[90.14693069300006,24.025791625000068],[90.16154493200008,24.019645668000067],[90.17637857600005,24.000330064000025],[90.19306849500003,24.01292980200003],[90.20431157800004,24.005277843000044],[90.23971387200004,24.009210951000057],[90.23984123600007,24.031823641000074],[90.24712390600007,24.03237319400006],[90.26035318300006,24.010277532000032],[90.25011705300005,23.991615773000035],[90.26013256100003,23.971131309000043],[90.27210523700006,23.962757901000032],[90.28132068100007,23.96737544000007],[90.29781203400006,23.961874128000034],[90.30017395600004,23.948835874000054],[90.31916317300005,23.950553245000037],[90.31722490000004,23.957455699000036],[90.33915955600008,23.94871521400006],[90.34068042400008,23.955735035000032],[90.34810772800006,23.931283704000066],[90.34476987100004,23.904242732000057],[90.35018741200008,23.88233488800006],[90.37715303900006,23.89804009100004],[90.39048714900008,23.893646137000076],[90.39570014300006,23.880182783000066],[90.41897922500004,23.88582372700006],[90.43820062800006,23.901063418000035],[90.46004464100008,23.894562549000057],[90.45960371900009,23.87962353200004],[90.47164969300007,23.86607690900007],[90.46376436500003,23.847492139000053],[90.47126942300008,23.84730829600005],[90.48393931300006,23.83158104900008],[90.48778643200006,23.81763863900005],[90.48009965900008,23.791820329000075],[90.47092817800007,23.783551699000043],[90.48243510900005,23.773362720000023],[90.48993043400009,23.735987545000057],[90.51253807900008,23.709174743000062],[90.45386328700005,23.677556437000078],[90.44839999200008,23.665324671000064],[90.47147380500007,23.63946597100005],[90.47023138100008,23.629254455000023],[90.44673251400008,23.623869890000037],[90.43019340800004,23.608605170000033],[90.39035931600006,23.649901595000074],[90.36825592800005,23.652653041000065],[90.35096951300005,23.637565685000027],[90.33825401600006,23.638630999000043],[90.28618321000005,23.673856036000075],[90.26848574800005,23.653277375000073],[90.24960533100005,23.654479224000056],[90.24729095200007,23.63349201500006],[90.24116859300005,23.633363904000078],[90.22619784100004,23.613551088000065],[90.22059937500006,23.595135095000046],[90.20860719000007,23.588815719000024],[90.20516079100008,23.56605309300005],[90.17716190100003,23.55575845800007],[90.18153426600009,23.540445541000054],[90.17431140100007,23.52458246300006],[90.15825715400007,23.522147180000047],[90.12989491600007,23.565098238000076],[90.10200941900007,23.568579750000026],[90.07813984600006,23.561424872000032],[90.04654620500008,23.57427945200004],[90.05545214000006,23.58445486100004],[90.04078054100006,23.598184804000027],[90.039007,23.609392738000054],[90.04761215300005,23.61305935400003],[90.04476068000008,23.629011571000035],[90.00769718900006,23.634942220000028],[90.00715939800006,23.644709508000062],[90.01830032400005,23.65249541000003],[90.01828543100004,23.670997889000034],[90.02618640700007,23.671744215000047],[90.03775411400005,23.685202866000054],[90.03667005900007,23.69526275900006],[90.04364145400007,23.711956220000047],[90.04951194700004,23.712076394000064],[90.05120702700003,23.725605683000026],[90.08124466100008,23.71745945500004],[90.08449204800007,23.729504489000078],[90.10083743600006,23.730076174000033],[90.10710083200007,23.718804830000067],[90.11556297400006,23.71759287800006],[90.12382139100004,23.734559439000066],[90.14568220500007,23.74815540900005],[90.15710028400008,23.74503474100004],[90.15958962900004,23.725659981000035],[90.18960281700004,23.720576850000043],[90.20766331200008,23.725311043000033],[90.22534592600005,23.70922906800007],[90.25568188400007,23.715592273000027],[90.21855734600007,23.748314554000046],[90.24244620200005,23.784005613000033],[90.24583169700009,23.83830946200004],[90.23992495900006,23.832156911000027],[90.21868125500004,23.840167605000033],[90.20326567200004,23.837699685000075],[90.20393947900004,23.83079456400003],[90.18546173600004,23.81878374000007],[90.17165166000007,23.818573916000048],[90.17192289500008,23.82766543300005],[90.16138073300004,23.83274972600003],[90.15051828400004,23.828241624000043],[90.14473940900007,23.846605217000047],[90.11604749300005,23.875580396000032],[90.10800067100007,23.895784583000022],[90.08537194000007,23.911392233000072],[90.06928266600005,23.906764413000076],[90.06664497600008,23.91685596800005],[90.07417615100007,23.92689095700007],[90.06688461700008,23.92846707700005],[90.06346770200008,23.95027450500004],[90.07371827900005,23.957658440000046],[90.05061323800004,23.96061913400007],[90.03910353400005,23.97248091000006],[90.04397317800004,23.974055744000054],[90.03901480700006,23.982839386000023],[90.05643045300008,23.999556838000046],[90.04505687300008,23.995989430000066],[90.04358123300005,24.00423640200006],[90.02555437800004,24.004872731000034],[90.02225337500005,24.014759153000057],[90.01040261000009,24.00859301500003],[90.00516132900003,24.017737402000023],[90.01487288900006,24.018141530000037],[90.01944033700005,24.025731569000072],[90.01060643100004,24.032323776000055],[90.01201737400004,24.04252454600004],[90.02717512300006,24.03394021200006],[90.01951959300004,24.02758883100006],[90.02554958400003,24.02104514800004],[90.06295981900007,24.029470540000034],[90.06695123200006,24.037185270000066],[90.07449125700003,24.03381950800008],[90.07707843400004,24.041217386000028],[90.10215023800004,24.019037973000025],[90.12773548400008,24.03299290500007],[90.14755261800008,24.03354300500007]]]}},{"type":"Feature","id":"dinajpur","properties":{"district":"dinajpur","source_name":"Dinajpur","renamed":false},"geometry":{"type":"Polygon","coordinates":[[[88.62675718200006,26.055931100000066],[88.64680056900005,26.041952096000045],[88.66775454700007,26.01386715900003],[88.70007119700006,26.015240290000065],[88.70045313400004,26.007663188000038],[88.70652824000007,26.006349285000056],[88.71761777100005,26.007428791000052],[88.72572170600006,26.016253042000073],[88.73495475900006,26.01468248300006],[88.74815954800005,25.97730392400007],[88.74393775500005,25.96654133800007],[88.75131035400005,25.94691476500003],[88.74426991800004,25.938858450000055],[88.75555386900004,25.931420828000057],[88.75954954500008,25.938950040000066],[88.77857616500006,25.934859192000033],[88.80122301500006,25.92244247800005],[88.80319688700007,25.89681074400005],[88.81348020000007,25.883081084000025],[88.82009742400004,25.855948469000055],[88.82774142000005,25.85314709100004],[88.82267237800005,25.839059314000053],[88.82782243200006,25.812962669000058],[88.84499632200004,25.809600274000047],[88.85621788300006,25.776865533000034],[88.88984532900008,25.770795427000053],[88.89159007900008,25.741934550000053],[88.89800800100005,25.735102994000044],[88.91489391700009,25.735090367000055],[88.90525274600003,25.73763727100004],[88.90807106500006,25.745697258000064],[88.94608157400006,25.730175463000023],[88.93084980000003,25.720920636000074],[88.93898338100007,25.68566750800005],[88.95256009300005,25.679059057000075],[88.96399912800007,25.68331344300003],[88.96773027700004,25.672256291000053],[88.97755433500004,25.670828259000075],[88.97625475800004,25.65802330200006],[88.99791162200006,25.658147607000046],[89.00119239200006,25.649071741000057],[88.99398394900004,25.64766614100006],[89.00228201800007,25.63450216800004],[88.99812069800004,25.625053639000043],[89.01230522000003,25.616615582000065],[89.01600700900008,25.60250813400006],[89.03831420400007,25.60398165500004],[89.04695068000007,25.583858071000066],[89.06054630600005,25.588302266000028],[89.07657878400005,25.58439799100006],[89.10433541400005,25.567671933000042],[89.09339141600003,25.545341094000037],[89.10095334900006,25.54287404100006],[89.10388289100007,25.516188570000054],[89.10937812300006,25.514626039000063],[89.10437533000004,25.513148525000076],[89.11107958400004,25.502865391000057],[89.10234483900007,25.49422704400007],[89.10490015500005,25.483664736000037],[89.11165670600008,25.481212992000053],[89.10458868100005,25.474425835000034],[89.11507655600008,25.46135601900005],[89.11973465400007,25.466188507000027],[89.12998289900008,25.459880681000072],[89.11605097500006,25.453106847000072],[89.13769830200005,25.445834949000073],[89.13279446300004,25.440950212000075],[89.14849671900004,25.433918540000036],[89.15070021200006,25.412609171000042],[89.13918984100007,25.41096817600004],[89.15387287400006,25.41002512500006],[89.15798895800003,25.405162938000046],[89.15266864600005,25.403035146000036],[89.16262181500008,25.405411197000035],[89.16390102500009,25.40080016400003],[89.17081077200004,25.405311996000023],[89.18756379500007,25.386953636000044],[89.20477693400005,25.391940894000072],[89.21712513600005,25.375735920000068],[89.20987173300006,25.365589012000044],[89.22542910900006,25.364741024000068],[89.22537589400008,25.357886824000047],[89.23531894200005,25.365825561000065],[89.23768678800008,25.35712989500007],[89.23254884900007,25.356023530000073],[89.24204286600008,25.34866114600004],[89.23473997300005,25.34614458300007],[89.23795936100004,25.339802297000062],[89.22707515600007,25.344042282000032],[89.22110088100004,25.33300805300007],[89.22531106900004,25.330472437000026],[89.23010132000007,25.337765756000067],[89.24476475300008,25.33431986100004],[89.23567833300007,25.325695960000076],[89.23781893100005,25.319137531000024],[89.25577269300004,25.315745278000065],[89.26319750000005,25.323186856000063],[89.25718048800007,25.312770124000053],[89.26563924500005,25.31313364300007],[89.28065629500009,25.301345212000058],[89.26923270900005,25.30057565000004],[89.27050978700004,25.28973879600005],[89.25622736400004,25.28693241800005],[89.28984942200003,25.25250096900004],[89.28991161600004,25.242762527000025],[89.30349658500006,25.229828438000027],[89.29918138900007,25.22250804300006],[89.27208622800003,25.230362238000055],[89.27504031100005,25.22467912700006],[89.24591606500007,25.22372009700007],[89.21507050900004,25.236021937000032],[89.20006754000008,25.22904625800004],[89.19042646900004,25.240656387000058],[89.17459790000004,25.234597524000037],[89.15024977400003,25.256260729000076],[89.14121551500006,25.255098876000034],[89.14023057800006,25.246726657000067],[89.12951264600008,25.244514691000063],[89.12356047000009,25.25287417800007],[89.11747193300005,25.241898422000077],[89.09594623500004,25.241102278000028],[89.07010251800006,25.269782272000043],[89.05851417100007,25.261728494000067],[89.03263781000004,25.277095648000056],[89.02144389000006,25.267767796000044],[89.00783317500003,25.267657777000068],[89.00887664500004,25.303140665000058],[89.00117232200006,25.296030460000054],[88.98645468100005,25.299637138000037],[88.98392004600004,25.305761523000058],[88.93916904200006,25.300769752000065],[88.92943667900005,25.304212371000062],[88.92793938100004,25.315295743000036],[88.91505440200007,25.312598989000037],[88.90638899800007,25.33792866400006],[88.88762402200007,25.337211207000053],[88.88851199000004,25.326178878000064],[88.88380729400006,25.326410934000023],[88.86671734900006,25.342814229000055],[88.86887836100004,25.35230798500004],[88.85562422100008,25.354298163000067],[88.85477855100004,25.36351458200005],[88.84010651600005,25.36387029200006],[88.84079713700004,25.397732146000067],[88.81238093500008,25.41051036400006],[88.82994585700004,25.41704926600005],[88.83426752300005,25.431779320000032],[88.82579257900005,25.440772620000075],[88.83927637700003,25.458676050000065],[88.82964755700004,25.490354701000058],[88.81374335000004,25.48799258200006],[88.81059072500005,25.523202753000078],[88.79232982400003,25.52280631600007],[88.78061309700007,25.51544576300006],[88.76162467800003,25.52595864600005],[88.75913282200008,25.509706528000038],[88.77080003500004,25.503866103000064],[88.76477508800008,25.494955599000036],[88.74002545700006,25.48941595900004],[88.74213170700006,25.505120125000076],[88.70750736500008,25.499945204000028],[88.71032919700008,25.480708828000047],[88.69951242400003,25.471310209000023],[88.66296953400007,25.47376869900006],[88.66023355400006,25.48183803300003],[88.64634722200003,25.478527589000066],[88.64267701700004,25.492795258000058],[88.64845565500008,25.49630695600007],[88.62244116300008,25.497024662000058],[88.60905883700008,25.51643466200005],[88.59632504500007,25.506176395000068],[88.55998357600004,25.51255692500007],[88.55302090700008,25.51544873000006],[88.55485451000004,25.520999310000036],[88.54795703400004,25.518248801000027],[88.54630025300008,25.50842704100006],[88.53989683700007,25.50838715900005],[88.54049850500007,25.530297826000037],[88.53307647800005,25.542199355000037],[88.52766836900008,25.543408056000033],[88.52345332900006,25.535293488000036],[88.51901154000006,25.545190842000068],[88.49750334300006,25.555720687000075],[88.49989552600005,25.584054243000026],[88.47330550500004,25.58460145600003],[88.45704857400005,25.598978244000023],[88.44430914000003,25.597029124000073],[88.44958244800006,25.60507545200005],[88.44506041600005,25.61384821400003],[88.45576400900006,25.628680401000054],[88.45436863600008,25.663554017000024],[88.42711398500006,25.669703081000023],[88.42837441800003,25.687697273000026],[88.43812047100005,25.68846667300005],[88.43552217300004,25.709185043000048],[88.42866707800005,25.70724360300005],[88.42357299700006,25.714916128000027],[88.43364522200005,25.718530482000062],[88.42335436700006,25.723750050000035],[88.42832151300007,25.728751136000028],[88.41808890800007,25.730262054000036],[88.41523197600009,25.73672558900006],[88.40509940800007,25.728533733000063],[88.39230567500005,25.742867858000068],[88.38385802000005,25.786866408000037],[88.38530583300007,25.807907998000076],[88.39058458000005,25.810108984000067],[88.38627162100005,25.839755660000037],[88.39964222900005,25.843131096000036],[88.40846274300009,25.86844927100003],[88.42227422900004,25.855523641000048],[88.42576201400004,25.861201736000055],[88.41751203400008,25.869335358000058],[88.42144893800008,25.87086785100007],[88.43220404600004,25.86632036700007],[88.44423510400009,25.87078611000004],[88.44469414800005,25.861878115000025],[88.45927430200004,25.860856583000043],[88.46131484100005,25.873305362000053],[88.46903671300004,25.86362768200007],[88.48466912200007,25.866124377000062],[88.48373290400008,25.884203558000024],[88.47556443200006,25.888271990000078],[88.48235921300005,25.888897911000072],[88.47986674700007,25.902341707000062],[88.50124015100005,25.90535843200007],[88.50859289100003,25.916178308000042],[88.50282182800004,25.91372353500003],[88.50190120700006,25.924090144000047],[88.49498982600005,25.925548220000053],[88.50616798000004,25.926148027000067],[88.50766812600006,25.91784463500005],[88.51190271200005,25.941331398000045],[88.52356964200004,25.95163397400006],[88.53628603900006,25.95131223800007],[88.53055365500006,25.99152186500004],[88.54425758700006,25.999973658000044],[88.54622394400008,26.01938132400005],[88.56316768700003,26.02280541300007],[88.55579535500004,26.027897703000065],[88.56195411900006,26.028015555000025],[88.58756990200004,26.019805975000054],[88.60910710100006,26.036720493000075],[88.60990271700007,26.054101288000027],[88.62675718200006,26.055931100000066]]]}},{"type":"Feature","id":"faridpur","properties":{"district":"faridpur","source_name":"Faridpur","renamed":false},"geometry":{"type":"Polygon","coordinates":[[[89.86490040800004,23.718870982000055],[89.89770255200006,23.673691392000023],[89.92084687500005,23.668474423000077],[89.93809272500005,23.653874048000034],[90.04476068000008,23.629011571000035],[90.04761215300005,23.61305935400003],[90.039007,23.609392738000054],[90.04078054100006,23.598184804000027],[90.05545214000006,23.58445486100004],[90.04654620500008,23.57427945200004],[90.07813984600006,23.561424872000032],[90.10200941900007,23.568579750000026],[90.12989491600007,23.565098238000076],[90.16237949700007,23.51646011100007],[90.18200348500005,23.49803725000004],[90.16519069000003,23.489835451000033],[90.15751860700004,23.46636675900004],[90.14161523600006,23.475412713000026],[90.13519469400006,23.46520325700004],[90.10890281800005,23.453661047000026],[90.11111562900004,23.432509278000055],[90.09351702000004,23.411576602000025],[90.11162290000004,23.411070721000044],[90.09732826300007,23.402925131000075],[90.09612887300005,23.38534302100004],[90.10122351400008,23.381917400000077],[90.08780512200008,23.36691929500006],[90.08404766000007,23.349151548000066],[90.09860280200007,23.342636390000052],[90.10218982200007,23.333576126000025],[90.09157530400006,23.326456110000038],[90.09288950800004,23.31253130300007],[90.08448144200008,23.306053637000048],[90.06759440400003,23.305185046000076],[90.03464235400008,23.340662198000075],[90.03301597800004,23.314644831000066],[90.02573160500003,23.305882331000078],[90.02526756000003,23.290783445000045],[90.01813695400006,23.287205030000052],[90.00376844600004,23.30305588400006],[90.01937756000007,23.324681817000055],[89.99278379400005,23.325438246000033],[89.97814365500005,23.334286545000055],[89.97514864400006,23.34649494200005],[89.95225672600003,23.360484752000048],[89.94704448300007,23.34138142100005],[89.96265411300004,23.337759117000076],[89.96053241800007,23.328877328000033],[89.95032546900006,23.320527231000028],[89.93161949500006,23.321874593000075],[89.92045374800006,23.308193127000038],[89.90654477900006,23.312411842000074],[89.91645504900004,23.33328682700005],[89.90471413100005,23.34219977300006],[89.87944881400006,23.332848891000026],[89.86996620100007,23.32166393500006],[89.86319980900004,23.33859020600005],[89.85027970000004,23.340674070000034],[89.83939426400008,23.331871809000063],[89.82563207200008,23.347447669000076],[89.79613218300005,23.313668880000023],[89.77939179500004,23.311393016000068],[89.78233344400007,23.305652061000046],[89.76972411800006,23.301980152000056],[89.76460997400005,23.289607330000024],[89.75931745700007,23.288423864000038],[89.75221698800004,23.300890381000045],[89.74385581400009,23.289795565000077],[89.73366569100006,23.30204556800004],[89.73309574800004,23.291303095000046],[89.74439693200009,23.28583711300007],[89.75015484100004,23.27379448100004],[89.73049657500007,23.25702974400008],[89.73123905200003,23.247388112000067],[89.71549150000004,23.24048219100007],[89.71470452400007,23.231029240000055],[89.68801293900003,23.210391351000055],[89.68809470500008,23.222529288000032],[89.67257543700003,23.24285846300006],[89.64183393300004,23.232456367000054],[89.63298246100004,23.237685886000065],[89.63682950500004,23.261615068000026],[89.64801109700005,23.272415323000075],[89.66881717900009,23.278813694000064],[89.65771751900007,23.287094109000066],[89.62549388300005,23.292907228000047],[89.62044963700004,23.307488548000038],[89.63492638300005,23.297156937000068],[89.64498065700008,23.298926220000055],[89.62148328000006,23.310184583000023],[89.60426727600003,23.33773620100004],[89.60799135900004,23.369971252000028],[89.59990025900004,23.377855160000024],[89.61759496000008,23.38682453200005],[89.60749591900003,23.416497478000053],[89.60596144200008,23.47268593700005],[89.57239917200008,23.498071120000077],[89.52709715300006,23.51299890000007],[89.50820970900008,23.506412013000045],[89.50762433600005,23.478187972000057],[89.49181429500004,23.479152859000067],[89.48989551400007,23.50056259200005],[89.50144065600006,23.520983382000054],[89.53241183400007,23.52871155300005],[89.53750409100007,23.53606132300007],[89.52303950100008,23.55054504000003],[89.49926343500005,23.55805661200003],[89.49731996600008,23.579061368000055],[89.50838032500008,23.59028365200004],[89.52067825600005,23.58589045100007],[89.52937980900003,23.57087825800005],[89.54186157400005,23.568562537000048],[89.54617779900008,23.559926406000045],[89.55379406500003,23.57080912200007],[89.54432029700007,23.570417509000038],[89.54224736700007,23.576793559000066],[89.54822378800009,23.59092005900004],[89.56190864300004,23.59183711600008],[89.56238243400009,23.602923212000064],[89.57230556400003,23.604524801000025],[89.59023306500006,23.593766680000044],[89.59717833800005,23.596198266000044],[89.59445584100007,23.60771009900003],[89.59889015800007,23.607996551000042],[89.60500998800006,23.595051470000044],[89.63132348100004,23.588210082000046],[89.64627286500007,23.590792067000052],[89.65474310000008,23.609614986000054],[89.66796259800003,23.607526777000032],[89.67331211300007,23.584421662000068],[89.71310533400003,23.589369460000057],[89.71199814800008,23.596800809000058],[89.72449412700007,23.58359103300006],[89.74199976500006,23.583851422000066],[89.74044651100007,23.588301433000026],[89.75218105000005,23.590014242000052],[89.75460569500007,23.597850641000036],[89.72841408800008,23.61910627800006],[89.73019011000008,23.65642297200003],[89.72187492200004,23.67123768500005],[89.73229813500006,23.677615615000036],[89.73850497100005,23.666260841000053],[89.75573442500007,23.66655316400005],[89.75680846300008,23.67836791800005],[89.78983683900003,23.682885739000028],[89.79116964800005,23.711114657000053],[89.81051296000004,23.72125556900005],[89.84487461200007,23.70239747900007],[89.84422253600007,23.713033937000034],[89.86490040800004,23.718870982000055]]]}},{"type":"Feature","id":"feni","properties":{"district":"feni","source_name":"Feni","renamed":false},"geometry":{"type":"MultiPolygon","coordinates":[[[[91.45436305500004,22.75689226800006],[91.45122576200004,22.763140019000048],[91.45030613400007,22.777722505000042],[91.45382728300007,22.767397394000056],[91.45436305500004,22.75689226800006]]],[[[91.39290521400005,22.774986658000046],[91.37704081100009,22.78450880200006],[91.39463138100007,22.777480753000077],[91.39290521400005,22.774986658000046]]],[[[91.33109687100006,22.817499603000044],[91.32811281600004,22.806294867000076],[91.32813912200004,22.797511556000075],[91.31129051200008,22.815471564000063],[91.31666954300005,22.821774769000058],[91.33109687100006,22.817499603000044]]],[[[91.32977483200006,22.847077463000062],[91.32571390800007,22.84208897700006],[91.32247727900005,22.843334651000077],[91.32977483200006,22.847077463000062]]],[[[91.44733292500007,22.784520201000078],[91.41729475300008,22.812194091000038],[91.42825926100005,22.821774299000026],[91.43089564000007,22.837235554000074],[91.44187135900006,22.82661687600006],[91.44895285000007,22.826032172000055],[91.46554443000008,22.84831722200005],[91.45955201000004,22.825031683000077],[91.44307590700004,22.802231624000058],[91.44733292500007,22.784520201000078]]],[[[91.33200322500005,22.820655491000025],[91.32519262900007,22.837066441000047],[91.31319367500004,22.838476049000064],[91.31062429700006,22.844339254000033],[91.32891707900006,22.84831241200004],[91.31870359100003,22.84100012700003],[91.33625471700003,22.84028027200003],[91.33200322500005,22.820655491000025]]],[[[91.57676514100007,22.965434879000043],[91.56474998600004,22.947188289000053],[91.54292643400004,22.956699746000027],[91.53953852500007,22.942409601000065],[91.52742479700004,22.94723313000003],[91.52547348200005,22.93996925500005],[91.53731644000004,22.935178437000047],[91.53781765200006,22.92883415800003],[91.53103256600008,22.925577902000043],[91.53073752400007,22.913256337000064],[91.51274162700008,22.902392363000047],[91.46196856600005,22.90201925200006],[91.46241159600004,22.877524911000023],[91.47320895800004,22.878052944000046],[91.47408791000004,22.872174846000064],[91.45084980000007,22.829886110000075],[91.44587479300009,22.82749392100004],[91.43444183200006,22.83978446200007],[91.42661869000005,22.838707716000044],[91.42314405400003,22.82440089800008],[91.40532404800007,22.808424873000035],[91.41344125200004,22.798463835000064],[91.42178612000004,22.79788781600007],[91.41959024800008,22.78744064600005],[91.43050705200005,22.777808375000063],[91.42412495700006,22.757389483000054],[91.40718534100006,22.765401062000024],[91.39262823000007,22.78194306900008],[91.37681652000003,22.785332362000077],[91.36822878900006,22.801606449000076],[91.34453103000004,22.78905203900007],[91.33247214200009,22.79736871600005],[91.33814621400006,22.85843443600004],[91.35168891200004,22.851673049000055],[91.34781788800007,22.856711825000048],[91.35250755600003,22.864602055000034],[91.33693471800007,22.86584799700006],[91.34282075800007,22.877537106000034],[91.33527570500007,22.875352812000074],[91.32847511400007,22.88166439300005],[91.34279434500007,22.88110775800004],[91.34349380100008,22.896091427000044],[91.35254413700005,22.895598068000027],[91.34150647000007,22.91270770700004],[91.32183308000003,22.90226801700004],[91.30808776300006,22.90516248800003],[91.29982979100004,22.894010254000023],[91.27628566500005,22.89928441400008],[91.27743136400005,22.89299284200007],[91.26944973400003,22.89175052400003],[91.26493976400008,22.881619714000067],[91.24812602900005,22.894679272000076],[91.24961949700008,22.906392934000053],[91.26018191900005,22.910410641000055],[91.26296096300007,22.944494784000028],[91.26006874900008,22.958771479000063],[91.25334716100008,22.959993263000058],[91.26491202800008,23.022215420000066],[91.26390752600008,23.034375941000064],[91.25564060600004,23.03904582000007],[91.25895213200005,23.054611459000057],[91.27817749600007,23.06031887900008],[91.30202925800006,23.047953232000054],[91.31462926400008,23.04918286000003],[91.33076612300005,23.066293442000074],[91.34281178500004,23.06852172300006],[91.37189803300004,23.069394405000025],[91.39573610600007,23.056296915000075],[91.41716073900005,23.064701152000055],[91.41108648500006,23.065883244000077],[91.41648842000006,23.081616084000075],[91.40515860600004,23.08712947300006],[91.40600918100006,23.097067001000028],[91.40019548000004,23.09657686500003],[91.40336921600004,23.11386517300008],[91.39692764200004,23.11781415300004],[91.37986695500007,23.184612807000065],[91.38767996900003,23.208022291000077],[91.38070106400005,23.208566105000045],[91.39208405800008,23.220157922000055],[91.38640017700004,23.22768479000007],[91.40083360000006,23.229247115000078],[91.39242949000004,23.245543593000036],[91.40867344700007,23.247756371000037],[91.39723444200007,23.25637380300003],[91.39751242800008,23.265259078000042],[91.41123403300008,23.25581464000004],[91.40883521000006,23.285321483000075],[91.41955571100004,23.273386533000064],[91.41867889200006,23.25831253900003],[91.45414425200005,23.260511757000074],[91.44854260500006,23.243887597000025],[91.45783641600008,23.246129504000066],[91.47024494100003,23.22777785200003],[91.45050152400006,23.219598160000032],[91.45856415700007,23.213448033000077],[91.47533928200005,23.22048956200007],[91.48436741000006,23.209334583000043],[91.48237335500005,23.19856565300006],[91.47069180800008,23.196559359000048],[91.48487143300008,23.18833873400007],[91.50314409900005,23.19223030300003],[91.50666872900007,23.180083436000075],[91.49166661800007,23.177711508000073],[91.49816772700007,23.17178403500003],[91.49088656900005,23.157762208000065],[91.49428299300007,23.152362219000054],[91.50716144900008,23.15440475400004],[91.49852376500007,23.143232155000078],[91.50978406000007,23.14040609500006],[91.51526264000006,23.14512191800003],[91.50308298200008,23.130635186000063],[91.51757816000008,23.125573092000025],[91.51534288000005,23.117796958000042],[91.52033061800006,23.114592732000062],[91.51223685900004,23.113367683000035],[91.51124630400005,23.104343162000077],[91.52228154200003,23.104141738000067],[91.51887004400004,23.094284238000057],[91.52975612900008,23.09181042000006],[91.52504662800004,23.082965517000048],[91.53525770500005,23.063480711000068],[91.52490667500007,23.055497597000056],[91.53620824000006,23.05465861600004],[91.53043046900007,23.038437173000034],[91.55028410900007,23.03854737100005],[91.53834699600009,23.019355784000027],[91.54813202900004,23.019393045000072],[91.54245025500006,22.999653144000035],[91.54745996800006,22.99436271600007],[91.55694278600004,22.99674010900003],[91.55717644700007,22.97860371300004],[91.57676514100007,22.965434879000043]]]]}},{"type":"Feature","id":"gaibandha","properties":{"district":"gaibandha","source_name":"Gaibandha","renamed":false},"geometry":{"type":"Polygon","coordinates":[[[89.74441599000005,25.373989797000036],[89.72183110600008,25.356040497000038],[89.75633312200006,25.280859340000063],[89.74935626400008,25.27111756100004],[89.74965646300006,25.24004648300007],[89.74102491400004,25.23371849800003],[89.70121427900006,25.23215271600003],[89.67198346300006,25.169701270000076],[89.65173760900007,25.14351292400005],[89.64981805400004,25.10613061600003],[89.63856297000007,25.090077102000066],[89.65306719200004,25.07801193800003],[89.65591422800009,25.049989221000033],[89.64096440200007,25.038955779000048],[89.61042536200006,25.050859572000036],[89.56413904600004,25.037921708000056],[89.51513608100004,25.040399586000035],[89.49291826200005,25.050680459000034],[89.48809807800006,25.061629089000064],[89.46247278800007,25.054537950000054],[89.46510089700007,25.061326777000033],[89.45360909400006,25.065423311000075],[89.45385625300008,25.05642782500007],[89.44910082400008,25.06149461600006],[89.45327514400003,25.075042155000062],[89.44295324400008,25.069084089000057],[89.42958366900007,25.073276667000073],[89.42669911400003,25.065970935000053],[89.41319998400007,25.083134229000052],[89.40958962300004,25.077365059000044],[89.39910866300005,25.078880239000057],[89.40333945300006,25.067796247000047],[89.39136207000007,25.066487275000043],[89.38429796100007,25.051244147000034],[89.36949317300008,25.067706602000044],[89.36020943700004,25.06631735800005],[89.35562638000005,25.08122247500006],[89.35979024100004,25.088897962000033],[89.34497282700005,25.100955833000057],[89.33950971300004,25.097387638000043],[89.34004868400007,25.109971992000055],[89.33210655800008,25.12292078200005],[89.29645729900005,25.115557930000023],[89.28009092800005,25.087631309000074],[89.25158461500007,25.097400736000054],[89.24814557700006,25.117764127000044],[89.23130075900008,25.14443280100005],[89.21764279300004,25.14490143300003],[89.22288471100006,25.155000795000035],[89.19780584300008,25.170826039000076],[89.19618939100008,25.180838168000037],[89.18390630500005,25.18453603100005],[89.19244765600007,25.19393552300005],[89.19459500700003,25.216915339000025],[89.21507050900004,25.236021937000032],[89.24591606500007,25.22372009700007],[89.27504031100005,25.22467912700006],[89.27208622800003,25.230362238000055],[89.29918138900007,25.22250804300006],[89.30349658500006,25.229828438000027],[89.28991161600004,25.242762527000025],[89.28984942200003,25.25250096900004],[89.25622736400004,25.28693241800005],[89.27050978700004,25.28973879600005],[89.26923270900005,25.30057565000004],[89.34275789700007,25.30429620800004],[89.34586241100004,25.31468426200007],[89.34218192100008,25.319492938000053],[89.33411677000004,25.315258157000073],[89.33021164700006,25.321927463000065],[89.34573508700004,25.32694020300005],[89.34689374500005,25.336857318000057],[89.34035118600008,25.336708515000055],[89.34313825900006,25.366751419000025],[89.35508027200007,25.373123210000074],[89.35084397400004,25.378314525000064],[89.36373079900005,25.38868854100008],[89.36617214000006,25.403223799000045],[89.37835353700007,25.410018071000025],[89.38033928300007,25.443749570000023],[89.39141395800004,25.441840816000024],[89.39873583300005,25.463894165000056],[89.41788393400003,25.464297566000027],[89.43001775100004,25.474267231000056],[89.43427492000006,25.487623710000037],[89.44210362500007,25.48832137000005],[89.43978989000004,25.512098305000052],[89.45045273900007,25.51782322100007],[89.43403817900008,25.52049523000005],[89.44234097400005,25.525528689000055],[89.43806087900003,25.53820151700006],[89.43371556200003,25.533040939000045],[89.42427553700009,25.536218905000055],[89.41837382800009,25.528556593000076],[89.41126366700007,25.536513162000062],[89.40290135100008,25.53350442900006],[89.41129408300009,25.540667178000035],[89.40646803700008,25.54789104200006],[89.41297089700004,25.548662809000064],[89.40618763300006,25.549369727000055],[89.41288008100008,25.588346647000037],[89.43434005200004,25.59200940900007],[89.44294538500003,25.58444410800007],[89.47101061300003,25.59872455900006],[89.48765045900006,25.57581206100008],[89.49405947900004,25.576160577000053],[89.49824614400006,25.585735189000047],[89.48839608100008,25.598467535000054],[89.49505074400008,25.61508139700004],[89.50309507400004,25.612097393000056],[89.49693294000008,25.621971146000078],[89.52120514100005,25.622622713000055],[89.52252718300008,25.63395034000007],[89.53589048800006,25.64899424300006],[89.54889986400008,25.62672137100003],[89.54586225800006,25.607743966000044],[89.53296791500009,25.600985415000025],[89.53599495500004,25.590928020000035],[89.56537608500008,25.584794153000075],[89.58814410800005,25.556384605000062],[89.61672657500009,25.56893199800004],[89.66748512200007,25.535800005000056],[89.69787471500007,25.533353676000047],[89.68137089500004,25.51750021600003],[89.69854754300007,25.497097223000026],[89.67404189200005,25.492630602000077],[89.67023741700007,25.486212157000068],[89.68427407000007,25.475378230000047],[89.68513556500005,25.465458944000034],[89.70683378100006,25.466901920000055],[89.70033104600003,25.437273721000054],[89.68654129600009,25.415142656000057],[89.69940297800008,25.417246550000073],[89.70134403200007,25.402162657000076],[89.69469044600004,25.399658808000027],[89.70165081200008,25.390236111000036],[89.73985878900004,25.397452994000048],[89.73901549600004,25.389255078000076],[89.74787443300005,25.386314124000023],[89.74441599000005,25.373989797000036]]]}},{"type":"Feature","id":"gazipur","properties":{"district":"gazipur","source_name":"Gazipur","renamed":false},"geometry":{"type":"Polygon","coordinates":[[[90.62241755700006,24.268610267000042],[90.68529198500005,24.239604083000074],[90.67264925200004,24.22261489600004],[90.67173920300007,24.20459673000005],[90.68609050700007,24.190084891000026],[90.68500772000004,24.151159625000048],[90.69530001100009,24.139958311000044],[90.67640970700006,24.11802311200006],[90.68453644700008,24.112784602000033],[90.69484050600005,24.116614984000023],[90.70315683800004,24.10784998200006],[90.69983570500005,24.10134935800005],[90.66792828900003,24.099604468000052],[90.65723204300008,24.092367211000067],[90.63969486100007,24.106087048000063],[90.64106040000007,24.076237755000022],[90.63533405200008,24.070778715000074],[90.65814168700007,24.01548604000004],[90.63884956300006,24.00367764500004],[90.63014869700004,23.979610623000042],[90.61757564500004,23.96711172700003],[90.61436115800007,23.92876315500007],[90.59702491500008,23.915810548000024],[90.56039122900006,23.911095346000025],[90.57066787000008,23.894989313000053],[90.55608400400007,23.892368059000034],[90.55398675300006,23.885890500000073],[90.53427913600007,23.88713719900005],[90.52747004700007,23.89443050700004],[90.51864839000007,23.890713814000037],[90.52106924300006,23.877381943000046],[90.50522836500005,23.874385795000023],[90.50304414300007,23.859121050000056],[90.48758702300006,23.848737311000036],[90.46551656500009,23.843658289000075],[90.47164969300007,23.86607690900007],[90.45960371900009,23.87962353200004],[90.45780062000006,23.896447100000046],[90.43820062800006,23.901063418000035],[90.41897922500004,23.88582372700006],[90.39570014300006,23.880182783000066],[90.39048714900008,23.893646137000076],[90.37715303900006,23.89804009100004],[90.35018741200008,23.88233488800006],[90.34476987100004,23.904242732000057],[90.34810772800006,23.931283704000066],[90.34068042400008,23.955735035000032],[90.33915955600008,23.94871521400006],[90.31722490000004,23.957455699000036],[90.31916317300005,23.950553245000037],[90.30017395600004,23.948835874000054],[90.29781203400006,23.961874128000034],[90.28132068100007,23.96737544000007],[90.27210523700006,23.962757901000032],[90.26013256100003,23.971131309000043],[90.25011705300005,23.991615773000035],[90.26035318300006,24.010277532000032],[90.24712390600007,24.03237319400006],[90.23984123600007,24.031823641000074],[90.23971387200004,24.009210951000057],[90.20431157800004,24.005277843000044],[90.19306849500003,24.01292980200003],[90.17637857600005,24.000330064000025],[90.16154493200008,24.019645668000067],[90.14693069300006,24.025791625000068],[90.15040699300005,24.052236506000042],[90.16169213700005,24.054769846000056],[90.15776136500006,24.06427307200005],[90.17635615100005,24.074176395000052],[90.17363433300005,24.10550384100003],[90.20936029100005,24.09391027600003],[90.23016844100005,24.105604721000077],[90.21728370900007,24.129609664000043],[90.22591710900008,24.162385507000067],[90.26615845800006,24.21511590500006],[90.29030589400008,24.22716736700005],[90.28779033100005,24.239064478000046],[90.30043872400006,24.255190922000054],[90.30083286100006,24.269356221000066],[90.29049776800008,24.27777491200004],[90.32441531700005,24.299009237000064],[90.34868041600004,24.294460984000068],[90.35928419800007,24.30013709800005],[90.35685814400006,24.28914140300003],[90.36457301500008,24.281129856000064],[90.37963485000006,24.290428574000032],[90.39902150600005,24.282628989000045],[90.42811660600006,24.310199685000043],[90.42643080700003,24.330487064000067],[90.44340939800009,24.341081804000055],[90.45556533500007,24.339885210000034],[90.48902380600003,24.313616065000076],[90.52901084500007,24.303294788000073],[90.52106272400005,24.287702955000043],[90.54432986400008,24.27593317700007],[90.54414230400005,24.266160909000064],[90.57232972100007,24.246738507000032],[90.62241755700006,24.268610267000042]]]}},{"type":"Feature","id":"gopalganj","properties":{"district":"gopalganj","source_name":"Gopalganj","renamed":false},"geometry":{"type":"Polygon","coordinates":[[[90.02389315600004,23.28825041500005],[90.02123337500007,23.275131203000058],[90.03128676700004,23.26428458600003],[90.02271954300005,23.254907312000057],[90.02342733100005,23.240433703000065],[90.01817326500009,23.230456041000025],[90.00890260600005,23.234260405000043],[89.99631058800009,23.216762051000046],[89.98473357700004,23.21823039000003],[89.97715691900004,23.181615274000023],[89.97141837300006,23.181053707000046],[89.96649544900004,23.164535303000036],[89.94411816100006,23.157498761000056],[89.93645612400007,23.117663813000036],[89.98431485900005,23.11053719000006],[89.99283081500005,23.131937330000028],[90.01183552600008,23.138773050000054],[90.01367764800005,23.12922124200003],[90.04418763900009,23.12122336400006],[90.04232312100004,23.105651437000063],[90.07986140300005,23.124937300000056],[90.07926946900005,23.113302605000058],[90.10904473200009,23.117402930000026],[90.11869664900007,23.11147571300006],[90.11039356800006,23.10341040700007],[90.10838167300005,23.076871081000036],[90.12953751700007,23.071721910000065],[90.12418185600006,23.065077041000052],[90.11080565800006,23.067063048000023],[90.11483919900007,23.03396837300005],[90.12614498900007,23.027338792000023],[90.13309466600003,23.049725359000035],[90.14319357400007,23.045425084000044],[90.13651434600007,23.044079359000023],[90.12696711800004,23.02588430900005],[90.12667042000004,23.005699780000043],[90.09477670900009,23.006841103000056],[90.08315376600007,22.98086044200005],[90.07748507400004,22.982765440000037],[90.06967541300008,22.96841984200006],[90.05730243500005,22.969021575000056],[90.06075414300005,22.943801387000065],[90.05649197100007,22.93199492900004],[90.03480591200008,22.933841760000064],[90.01837247000003,22.87104325300004],[89.95536442700006,22.85348109800003],[89.94561183900004,22.862575547000063],[89.94151135300007,22.863029164000068],[89.94378017500009,22.85649355000004],[89.92231030800008,22.864064902000052],[89.91988263000007,22.88081041500004],[89.85055696400008,22.88825378200005],[89.86408682900009,22.903815612000074],[89.80104671600003,22.94125997900005],[89.80573701000009,22.963685343000066],[89.79247269500007,22.980373201000077],[89.79682251000008,22.996307150000064],[89.76246506200005,23.007430371000055],[89.74688847700008,23.04844962900006],[89.72852489500008,23.055618785000036],[89.73587850200005,23.073035747000063],[89.69063522400006,23.09867944800004],[89.67261421200004,23.12314365800006],[89.67748288700005,23.132859378000035],[89.68620298400003,23.132758973000023],[89.70485967400003,23.113499869000066],[89.73856955400004,23.12959853900003],[89.74166769600004,23.14229374200005],[89.73017671700006,23.158450278000032],[89.73227879500007,23.168203581000057],[89.76496706800003,23.178915010000026],[89.75736867600006,23.18657102700007],[89.73250347900006,23.186191991000044],[89.69605733700007,23.162023473000033],[89.67976535100007,23.17989280200004],[89.68127870000006,23.198026089000052],[89.68419401600005,23.207316398000046],[89.71470452400007,23.231029240000055],[89.71549150000004,23.24048219100007],[89.73123905200003,23.247388112000067],[89.73049657500007,23.25702974400008],[89.75015484100004,23.27379448100004],[89.74439693200009,23.28583711300007],[89.73309574800004,23.291303095000046],[89.73366569100006,23.30204556800004],[89.74385581400009,23.289795565000077],[89.75221698800004,23.300890381000045],[89.75931745700007,23.288423864000038],[89.76460997400005,23.289607330000024],[89.76972411800006,23.301980152000056],[89.78233344400007,23.305652061000046],[89.77939179500004,23.311393016000068],[89.79613218300005,23.313668880000023],[89.82563207200008,23.347447669000076],[89.83939426400008,23.331871809000063],[89.85027970000004,23.340674070000034],[89.86319980900004,23.33859020600005],[89.86996620100007,23.32166393500006],[89.87944881400006,23.332848891000026],[89.90471413100005,23.34219977300006],[89.91645504900004,23.33328682700005],[89.90654477900006,23.312411842000074],[89.92045374800006,23.308193127000038],[89.93161949500006,23.321874593000075],[89.95032546900006,23.320527231000028],[89.96053241800007,23.328877328000033],[89.96265411300004,23.337759117000076],[89.94704448300007,23.34138142100005],[89.95225672600003,23.360484752000048],[89.97514864400006,23.34649494200005],[89.97814365500005,23.334286545000055],[89.99278379400005,23.325438246000033],[90.01937756000007,23.324681817000055],[90.00376844600004,23.30305588400006],[90.01813695400006,23.287205030000052],[90.02389315600004,23.28825041500005]]]}},{"type":"Feature","id":"habiganj","properties":{"district":"habiganj","source_name":"Habiganj","renamed":false},"geometry":{"type":"Polygon","coordinates":[[[91.63160252100005,24.67178023200006],[91.65694393600006,24.679579285000045],[91.64030529400009,24.657086999000057],[91.64541744200005,24.64200322000005],[91.63400423500008,24.630702977000055],[91.66092173000004,24.62590590700006],[91.66757746600007,24.607490170000062],[91.66049250900005,24.59214109000004],[91.64545673300006,24.59643197400004],[91.63124437900007,24.594526314000063],[91.63217134700005,24.588429989000076],[91.62132517700007,24.60188398500003],[91.60868076100007,24.58669467900006],[91.63000692900005,24.58709397100006],[91.62419762400003,24.578100950000078],[91.63539932600008,24.564588206000053],[91.64395371700004,24.566122627000027],[91.64117346500007,24.556470757000056],[91.65421969300007,24.54750881900003],[91.64560089300005,24.541419808000057],[91.63519233100004,24.543920177000075],[91.63997778900006,24.53564759900007],[91.63548986600006,24.520083543000055],[91.62161973900004,24.517724801000043],[91.61465188700004,24.503952969000068],[91.60740921100006,24.44175585000005],[91.61787011700005,24.439512216000026],[91.62035841600004,24.415949157000057],[91.60163876800004,24.415464436000036],[91.60328374200003,24.362484735000066],[91.62394022300003,24.364637925000068],[91.62049769300006,24.360341720000065],[91.63118650100006,24.334934279000038],[91.63162143000005,24.311514871000043],[91.61432724600007,24.28668317900008],[91.61853279300004,24.260715482000023],[91.61298166500006,24.249064675000056],[91.61558893600005,24.23175814800004],[91.64518713100006,24.17399663200007],[91.64652755200007,24.156755962000034],[91.63435922400004,24.13817814400005],[91.63835271000005,24.104552787000046],[91.61375725400006,24.092926807000026],[91.59917431000008,24.09724460800004],[91.59121699000008,24.09275741500005],[91.59838188100008,24.08677737100004],[91.58597893100006,24.072751996000022],[91.57440202300006,24.080146822000074],[91.57255752200007,24.074999914000045],[91.54521117600007,24.074345314000027],[91.49757474200004,24.087434733000066],[91.49493502100006,24.095649881000043],[91.47606983900005,24.100513784000043],[91.44212846000005,24.097447791000036],[91.44089820800008,24.10236885100005],[91.43084281100005,24.100137765000056],[91.42784548900005,24.106764800000064],[91.41437318000004,24.109679623000034],[91.37945853500008,24.108008969000025],[91.37432299400007,24.10613551700004],[91.37707510800004,24.079991738000047],[91.39653445100004,24.049753640000063],[91.39080838200005,24.02591135700004],[91.37421858500005,24.004453149000028],[91.37946250900006,23.975454907000028],[91.36158089700007,23.986398733000044],[91.34116401400007,23.982126040000026],[91.32363984300008,23.994616120000046],[91.31488150800004,23.990572517000032],[91.29651757600004,23.998196851000046],[91.29552558500006,24.005643796000072],[91.30793103100007,24.017661118000035],[91.30386963600006,24.024446228000045],[91.31238854500003,24.028571648000025],[91.31160978000008,24.03926844500006],[91.30343076700007,24.045325666000053],[91.30406762400008,24.05628975600007],[91.28409763500008,24.06377184300004],[91.29305977700005,24.093188456000064],[91.27940698600008,24.08886754100007],[91.26911992000004,24.094980188000022],[91.27083773200007,24.11254370300003],[91.28417297800007,24.11143430100003],[91.29129131200006,24.11891662100004],[91.27160070000008,24.123667167000065],[91.27182176000008,24.140609767000058],[91.26362892900005,24.140085734000024],[91.26174610700008,24.14615020100007],[91.26833809200008,24.14896450200007],[91.26697999800007,24.158137431000057],[91.27523539000003,24.156481507000024],[91.27730878800008,24.18156149500004],[91.30524816800005,24.19070591600007],[91.31316460300008,24.183320905000073],[91.31282170200006,24.203073103000065],[91.28400709900006,24.195639277000055],[91.27754634400009,24.203739867000024],[91.28373204800005,24.21750750500007],[91.29813495800005,24.21369303700004],[91.29853479400003,24.223023270000056],[91.32401530800007,24.22954225500007],[91.32883813900008,24.249628555000072],[91.32095611200003,24.264383544000054],[91.30172955800003,24.266389881000066],[91.28433383600003,24.246020415000032],[91.28085429900005,24.23276351800007],[91.28668524700004,24.22587593800006],[91.26568851200005,24.225186138000026],[91.19488236800004,24.239842943000042],[91.17983622900005,24.255828568000027],[91.17355789400006,24.26519860600007],[91.19330629500007,24.280174775000035],[91.19597578900004,24.293151245000047],[91.15896046500006,24.283951838000064],[91.17017631200008,24.315143341000066],[91.18941375500003,24.32214220800006],[91.23376944000006,24.31544361500005],[91.23407756700004,24.333463335000033],[91.21372467200007,24.36346629800005],[91.23022646600003,24.36585619600004],[91.24120499200006,24.378540928000064],[91.25557847000005,24.37914156100004],[91.23723076500005,24.40692468000003],[91.22129566000007,24.40936135900006],[91.22099157100007,24.402288399000042],[91.21384422800008,24.40340864500007],[91.21993645700007,24.41948028400003],[91.21710544600006,24.432475965000037],[91.22590809300004,24.434642754000038],[91.24201925600005,24.42689640900005],[91.22801827600006,24.48061769800006],[91.21649726500004,24.484504266000044],[91.21807832000007,24.474613912000052],[91.20532080800007,24.480937656000037],[91.19899244700008,24.46659002800004],[91.19031487400008,24.465723402000037],[91.18410014100004,24.471437184000024],[91.19437572500004,24.47764549200008],[91.19163918800007,24.481745501000034],[91.16499790000006,24.485147874000063],[91.15353946100004,24.477639972000077],[91.15248496200007,24.48489167500003],[91.16930253500004,24.500732920000075],[91.17956672200006,24.494096359000025],[91.19097831500005,24.500764408000066],[91.21318595300005,24.523436230000073],[91.23396119200004,24.56896290700007],[91.26512199800004,24.579745047000074],[91.27154861200006,24.605024568000033],[91.28086174800006,24.59578505500008],[91.29368228800007,24.597163703000035],[91.30723992200006,24.633083947000046],[91.30536903500007,24.654761609000047],[91.31284479400006,24.64652543400007],[91.34174652500008,24.67251068400003],[91.34850269200007,24.665952580000067],[91.35981287500005,24.679462055000045],[91.34956345400008,24.685609640000052],[91.35344601800006,24.689988612000036],[91.38005663400008,24.69532618200003],[91.39120956000005,24.688399514000025],[91.38664757100008,24.68195606200004],[91.39030844900003,24.674487852000027],[91.39788236100009,24.676748358000054],[91.40095068100004,24.67065569700003],[91.41357861600005,24.67117058900004],[91.41681767100005,24.680160219000072],[91.42879665900006,24.68223415400007],[91.42590561100008,24.66927577000007],[91.43069160300007,24.673353451000025],[91.43820354100006,24.66919124800006],[91.44132009300006,24.651840153000023],[91.44768456200006,24.665147989000047],[91.46270289000006,24.66468081900007],[91.46518341300003,24.657466233000036],[91.47566119900006,24.668391663000023],[91.48321481800008,24.665354429000047],[91.48288564400008,24.670890556000074],[91.49364137600008,24.664533266000035],[91.49619024200007,24.66900010100005],[91.52204983000007,24.66406808200003],[91.52526486100004,24.658025227000053],[91.53207554200009,24.66070314500007],[91.53757488400004,24.648316686000044],[91.55235195800003,24.66585676300008],[91.55621977600003,24.658989396000038],[91.56275958000003,24.662525360000075],[91.57567664700008,24.646536599000058],[91.57685949400008,24.658069897000075],[91.56836295100004,24.66443479800006],[91.58004747000007,24.675010386000054],[91.58479629500005,24.660355452000033],[91.59097091100006,24.65889121300006],[91.59234023800008,24.666940984000064],[91.61142436800009,24.669661793000046],[91.61261364000006,24.674931119000064],[91.62728017500007,24.656219065000073],[91.63160252100005,24.67178023200006]]]}},{"type":"Feature","id":"jamalpur","properties":{"district":"jamalpur","source_name":"Jamalpur","renamed":false},"geometry":{"type":"Polygon","coordinates":[[[89.82562005100004,25.415218647000074],[89.82136794800005,25.35562572400005],[89.84154970800006,25.308264548000068],[89.83115794900004,25.296140275000027],[89.87653343500006,25.28544541200006],[89.90907190700005,25.308176501000048],[89.93893490600004,25.299128230000065],[89.94383873400005,25.304451097000026],[89.94820169100007,25.293663743000025],[89.93302710700004,25.28788559700007],[89.93138845900006,25.260805349000066],[89.90499832300009,25.26450917300008],[89.88469367800008,25.18633980100003],[89.91044998700005,25.17168517600004],[89.90172573000007,25.163994303000038],[89.89456341400006,25.115965424000024],[89.91463249100008,25.08923857600007],[89.91130950600007,25.072226063000073],[89.92426125500003,25.06121814200003],[89.90478613200008,25.043843528000025],[89.90473251400005,25.033846621000066],[89.88254966900007,25.035713733000023],[89.87983039600005,25.01988508900007],[89.89244935000005,25.018757958000037],[89.89527055900004,24.991892307000057],[89.90438575500008,24.98600729700007],[89.90393713400005,24.958015963000037],[89.93768677100007,24.959541553000065],[89.94759426400003,24.92982415800003],[89.98209657100006,24.91676688700005],[89.99555427200005,24.922894477000057],[90.00554269400004,24.912970775000076],[90.02879177400007,24.909038931000055],[90.03734840800007,24.918705007000028],[90.03311873400008,24.90949411400004],[90.10882165700008,24.908461833000047],[90.13358076600008,24.898834142000055],[90.15460362200008,24.904847853000035],[90.15829152200007,24.89313551600003],[90.19492591200003,24.885258668000063],[90.20077635200005,24.875332316000026],[90.18887427500005,24.86502000200005],[90.18288972700003,24.866547530000048],[90.18253000100003,24.863631989000055],[90.19605944500006,24.864607157000023],[90.19873868100007,24.858020930000066],[90.18706613800003,24.85514824100005],[90.18699949900008,24.842299583000056],[90.18053839400005,24.840151863000074],[90.18935151900007,24.828995728000052],[90.16863215400008,24.826687622000065],[90.15883677600004,24.812274700000046],[90.15870277000005,24.793240643000047],[90.14358060000006,24.789671576000046],[90.13906526900007,24.77909272200003],[90.12459912700007,24.78910661900005],[90.10304559500008,24.78251652700004],[90.08707065300007,24.790080885000066],[90.04790786500007,24.773940191000065],[90.03222257400006,24.777034832000027],[90.02227725400007,24.770102190000046],[90.02044850300007,24.754747853000026],[89.99215291800004,24.736922611000068],[89.99257649000003,24.72833933100003],[89.97385147000006,24.723829391000038],[89.95774481200004,24.73336692400005],[89.95809722400008,24.744051827000078],[89.94078069400007,24.744603115000075],[89.93551735200003,24.757028801000047],[89.92126996000007,24.75414547200006],[89.92627628200006,24.743736436000063],[89.91739791000003,24.74617312400005],[89.90742631500007,24.734482267000033],[89.88142482900008,24.74185903800003],[89.87999342900008,24.708265293000068],[89.89514624100008,24.69472937200004],[89.89940953800004,24.681494885000063],[89.89386456800008,24.674955053000076],[89.87723961500006,24.678054316000043],[89.86544657400003,24.661475840000037],[89.86881272200009,24.64900735200007],[89.84382699100007,24.64550913900007],[89.84774962300008,24.63795768400007],[89.84262847100007,24.632238242000028],[89.85323324100005,24.619808504000048],[89.84253734000004,24.623894650000068],[89.84151417300006,24.614069449000056],[89.82706030700007,24.608595619000027],[89.83471497300008,24.60357530400006],[89.82388663400008,24.59631345500003],[89.82714896500005,24.58652694700004],[89.81693864900006,24.58133636900004],[89.81172617600004,24.585085974000037],[89.81679182800008,24.575117904000024],[89.80871135800004,24.567722229000026],[89.79422134800006,24.567161804000023],[89.76502849500008,24.613836238000033],[89.76591359500009,24.623463585000025],[89.78453991400005,24.62557545100003],[89.78341716100005,24.669510629000058],[89.79919876400004,24.68073276800004],[89.79013690200009,24.686417001000052],[89.79248603600007,24.703255538000064],[89.78306290500007,24.704486863000056],[89.77240479800008,24.724024196000073],[89.78315371200006,24.723942470000054],[89.79047061000006,24.738237238000067],[89.77748258400004,24.742761899000072],[89.78293364500007,24.756197929000052],[89.77300661300006,24.772073410000075],[89.75800173300007,24.767177480000043],[89.74257774500006,24.77484142700007],[89.73783158800006,24.765368869000042],[89.71533559800008,24.77734630300006],[89.73031622900004,24.798383788000024],[89.70997311300005,24.807016385000054],[89.68285426600005,24.831450274000076],[89.66079207600006,24.88807225900007],[89.67837380100008,24.903141919000063],[89.68605979600005,24.90284840700008],[89.67224360100005,24.929916156000047],[89.67785822200005,24.94318555700005],[89.67650626300008,24.96577286200005],[89.66075628900006,24.989436522000062],[89.66090615700006,25.007831447000058],[89.64797280100004,25.042769520000036],[89.65591422800009,25.049989221000033],[89.65306719200004,25.07801193800003],[89.63856297000007,25.090077102000066],[89.64981805400004,25.10613061600003],[89.65173760900007,25.14351292400005],[89.67198346300006,25.169701270000076],[89.70121427900006,25.23215271600003],[89.74102491400004,25.23371849800003],[89.74965646300006,25.24004648300007],[89.74935626400008,25.27111756100004],[89.75633312200006,25.280859340000063],[89.72183110600008,25.356040497000038],[89.74869243300003,25.37909552700006],[89.78027194400005,25.387958860000026],[89.78393132600007,25.41340583300007],[89.77157595300008,25.415256491000036],[89.77335259800003,25.426467914000057],[89.76692355200004,25.43273976300003],[89.82562005100004,25.415218647000074]]]}},{"type":"Feature","id":"jashore","properties":{"district":"jashore","source_name":"Jessore","renamed":true},"geometry":{"type":"Polygon","coordinates":[[[89.25807571400009,23.37050135000004],[89.27661944000005,23.36525161000003],[89.27336010600004,23.354486012000052],[89.28372162000005,23.349539849000053],[89.28451504700007,23.340508014000022],[89.30778538800007,23.318470654000066],[89.31906304000006,23.323556361000044],[89.32299546500008,23.298648711000055],[89.33672869300005,23.303522419000046],[89.34404593700003,23.283686172000046],[89.36851843300008,23.302244552000047],[89.37326745100006,23.290199722000068],[89.42557494000005,23.258715976000076],[89.42431186400006,23.243508948000056],[89.43345407700008,23.233756679000066],[89.41859205000009,23.230838962000064],[89.42225907200003,23.181146882000064],[89.40882914300005,23.153432907000024],[89.42014296600007,23.14643595700005],[89.41929580000004,23.140360944000065],[89.39514331700008,23.143083913000055],[89.37822307100004,23.13557094300006],[89.38932622700008,23.10781858400003],[89.38594813800006,23.084698367000044],[89.41663414600004,23.083067910000068],[89.44234031600007,23.114518076000024],[89.44049363100004,23.073546925000073],[89.45196647300008,23.070034846000055],[89.44481839800005,23.067128319000062],[89.44370053800003,23.055118761000074],[89.45406355800009,23.053940485000055],[89.45730464000007,23.041391],[89.46848989100005,23.032399158000032],[89.48797808900008,23.037418151000054],[89.50121776500004,23.033096262000072],[89.51029168000008,23.01558765300007],[89.52954178500005,23.006815980000056],[89.53719248100003,22.984194243000047],[89.54927847000005,22.97628368000005],[89.56054539100006,22.983848007000063],[89.56277635300006,22.97065699600006],[89.54489877300006,22.951553622000063],[89.52268178800006,22.943091263000042],[89.51877924500008,22.930205793000027],[89.51218713900005,22.927859908000073],[89.48197739500006,22.95395434900007],[89.48220824300006,22.966580848000035],[89.45932076300005,23.008670572000028],[89.43943419100003,23.007976435000046],[89.43015764700004,22.995015675000047],[89.42698346900005,22.961907594000024],[89.40630386600003,22.95679437600006],[89.39248655100005,22.932578168000077],[89.37289288000005,22.934868119000043],[89.36387983500003,22.924141449000047],[89.34090671500007,22.920048316000077],[89.33936587600004,22.90981238100005],[89.34587358400006,22.90832624500007],[89.35643661500006,22.87944211100006],[89.34499575700005,22.868697775000044],[89.35784885300006,22.859897558000057],[89.35079336400008,22.853770905000033],[89.35340993000005,22.837063751000073],[89.34839696500006,22.830912531000024],[89.32331996900007,22.827400745000034],[89.32859488900004,22.838125802000036],[89.29627795700009,22.84279591300003],[89.30901242700008,22.852889300000072],[89.29618458600004,22.854192598000054],[89.28821809200008,22.862180344000024],[89.28555721700008,22.84990190800005],[89.26709172200003,22.851069627000072],[89.26561722100007,22.841427820000035],[89.25583604400003,22.848113814000044],[89.23359832300008,22.827004857000077],[89.20145849800008,22.81240899200003],[89.17875654400007,22.812616862000027],[89.17206095100005,22.820182987000067],[89.16320227300008,22.80226029100004],[89.14795636200006,22.795280563000063],[89.14163518200007,22.80307605300004],[89.15742975400008,22.810737338000024],[89.15778253000008,22.827345603000026],[89.14658268700003,22.835937932000036],[89.14616956500004,22.828543894000063],[89.13715728300008,22.82749267500003],[89.12542551300004,22.841682169000023],[89.12876714300006,22.870781513000054],[89.11115787500006,22.888570363000042],[89.11125656500008,22.89587117800005],[89.11787134800005,22.903794866000055],[89.13755890200008,22.89054494000004],[89.14159699700008,22.898043805000043],[89.12609710100008,22.926956027000074],[89.10937904300005,22.93720460000003],[89.11473558600005,22.94401257800007],[89.10099141900008,22.938648294000075],[89.10756747400006,22.930883300000062],[89.10184883200003,22.922782476000066],[89.07831329700008,22.938889692000032],[89.07162984800004,22.932740636000062],[89.05871971200008,22.935878010000067],[89.04857057600003,22.93106967400007],[89.04214238300005,22.94186744900003],[89.03438009900003,22.930259685000067],[89.01459452600005,22.94669553700004],[89.00120317600005,22.945914035000044],[88.98537823400005,22.940937725000026],[88.99089063300005,22.932586092000065],[88.98798036000005,22.917763664000063],[88.97563644600007,22.922075504000077],[88.97426471800009,22.916266026000073],[88.97019124400003,22.92127477400004],[88.95435166000004,22.914566772000057],[88.95005924100008,22.92160586600005],[88.94186823700005,22.912465330000032],[88.92997149800004,22.919520761000058],[88.91790328800005,22.913440854000044],[88.91791070300008,22.92436513100006],[88.90858508300005,22.919159680000064],[88.89059638800006,22.92741078000006],[88.88681381700007,22.93469711700004],[88.89303579000006,22.93868382100004],[88.89316071000007,22.952829966000024],[88.86828908400008,22.951373325000077],[88.85889516000003,22.943754520000027],[88.85698134800003,22.96884065000006],[88.87068325500007,22.979363094000064],[88.86378069700004,23.00199036600003],[88.85010279500005,23.003067404000035],[88.84497380500005,23.01054335500004],[88.87661776700008,23.00330073500004],[88.88017625600008,23.00847353300003],[88.87217683600005,23.016747515000077],[88.88164601800008,23.040609717000052],[88.87494681200008,23.04442318200006],[88.87378462100008,23.066256502000044],[88.86098910500004,23.077446289000022],[88.87458915800005,23.08992064800003],[88.87114926100008,23.10228876700006],[88.88180117500008,23.110633144000076],[88.89976993100004,23.11219331600006],[88.90589795700004,23.125218680000046],[88.91787201400007,23.12921800600003],[88.92075828300005,23.143285802000037],[88.93081580800003,23.14332559500008],[88.92803540200003,23.16352908500005],[88.93401435800007,23.161915030000046],[88.93901124200005,23.176917530000026],[88.95617567600004,23.182007560000045],[88.96179801800008,23.193221106000067],[88.97435810800005,23.192959463000022],[88.97745866800005,23.182364436000057],[88.98713718800008,23.205725376000032],[88.97966923600006,23.212647419000064],[88.99563793500005,23.213992903000076],[88.97554483900007,23.224569470000063],[88.94221883500006,23.206358317000024],[88.92929219500007,23.211464056000068],[88.93023575200004,23.216916883000067],[88.91387283000006,23.214980215000026],[88.91217463500004,23.23402735800005],[88.89036959800006,23.231103241000028],[88.89090746400007,23.24533047700004],[88.91239466500008,23.249673304000055],[88.90498093700006,23.256277315000034],[88.91608905600003,23.270774694000067],[88.90599453700008,23.278051119000054],[88.96514992600004,23.289214220000076],[88.96137880500004,23.304285415000038],[88.96751536200009,23.31046103600005],[88.96054471100007,23.32922155400007],[88.97960090300006,23.343507549000037],[89.00840769300004,23.340183609000064],[89.03231931700003,23.349867842000037],[89.03320587000007,23.355139111000028],[89.01309673600008,23.368665195000062],[89.04134012400004,23.371956916000045],[89.03971608900008,23.360350140000037],[89.06689562000008,23.359778420000055],[89.06953990900007,23.351875665000023],[89.05266595100005,23.33510822100004],[89.06125352900006,23.32873287600006],[89.06486088400004,23.31269497900007],[89.04343914600008,23.297517336000055],[89.04747414900004,23.293421464000062],[89.06679836800004,23.308070678000036],[89.08229888600005,23.308622831000037],[89.10762740300004,23.295750517000045],[89.10660203900005,23.285974977000024],[89.13041359800008,23.274018225000077],[89.14264373700007,23.27578305700007],[89.14624122400005,23.28669361200008],[89.15956720400004,23.282973034000065],[89.17040625200008,23.290199166000036],[89.19953276400008,23.291414649000046],[89.21086696200007,23.32459566600005],[89.21340370800004,23.317819885000063],[89.24289948300003,23.328987184000027],[89.24502465400008,23.334305786000073],[89.23631880700003,23.34289760000007],[89.25135088100006,23.34494380800004],[89.25074106400007,23.36061637800003],[89.25807571400009,23.37050135000004]]]}},{"type":"Feature","id":"jhalokati","properties":{"district":"jhalokati","source_name":"Jhalokati","renamed":false},"geometry":{"type":"Polygon","coordinates":[[[90.20681596400004,22.499849192000056],[90.17480769700006,22.457382015000064],[90.17489418400004,22.430429745000026],[90.13906406600006,22.402327945000025],[90.11653632800005,22.36536535700003],[90.09404149900007,22.34521640500003],[90.07974875300005,22.35245937600007],[90.05085713100004,22.33691205300005],[90.05581121800003,22.356437406000055],[90.03798245600007,22.37231968100008],[90.03225710900006,22.364040483000053],[90.01900351900008,22.371828962000052],[90.02290114200008,22.394406385000025],[90.03865295100007,22.40181397500004],[90.02907449300005,22.419155412000066],[90.02728271600006,22.44283258100006],[90.03694077500006,22.448519068000053],[90.05997683400005,22.443174949000024],[90.05668004700004,22.457923527000048],[90.06348918900005,22.465221980000024],[90.07677732500008,22.440207456000053],[90.10070764900007,22.444663382000044],[90.10648000900005,22.459517438000034],[90.12322987200008,22.467939427000033],[90.13292206400007,22.483109866000063],[90.13179383400006,22.49118331300008],[90.12402417200008,22.49110563200003],[90.11685182600007,22.502995604000034],[90.11218690800007,22.49338637900007],[90.10055881300008,22.49934694800004],[90.07908221900004,22.487553905000027],[90.07918038200006,22.49509111200007],[90.07037643100006,22.50062321200005],[90.07276721100004,22.511555360000045],[90.06454044900005,22.508417267000027],[90.06568686000008,22.552760160000048],[90.05594197500005,22.579495768000072],[90.06366714200004,22.594426075000058],[90.07742831000007,22.58781026300005],[90.10236119500007,22.596308856000064],[90.10930289000004,22.610796168000036],[90.09656348800007,22.639441643000055],[90.09870699900006,22.656857441000056],[90.13813980800006,22.673560467000073],[90.15885120300004,22.720257245000028],[90.18615806900004,22.740357909000068],[90.18824993100009,22.74526616600008],[90.17673045300006,22.757949475000032],[90.18549586900008,22.765440943000044],[90.18082442200006,22.766169286000036],[90.18111454200005,22.775871489000053],[90.19239315600004,22.786466156000074],[90.20559085200006,22.77290107300007],[90.21841212300006,22.76927450200003],[90.21637931400005,22.76161157300004],[90.22406472100005,22.753502782000055],[90.25545720100007,22.752445012000067],[90.27048648200008,22.731797639000035],[90.27387833800003,22.690056371000026],[90.28933699200007,22.680237102000035],[90.29875216800008,22.68564009100004],[90.31989436300006,22.67336472200003],[90.32052445800008,22.663544169000033],[90.31518000700004,22.66077471500006],[90.32090915800006,22.647308572000043],[90.32609210600003,22.646906054000056],[90.32592821000009,22.658810738000057],[90.33230521200005,22.65972432600006],[90.37278189200003,22.649295852000023],[90.36906910500005,22.63141470000005],[90.35557647000007,22.636692695000022],[90.34390655100003,22.629815739000037],[90.38017551400009,22.60938380400006],[90.38466814800006,22.595307709000053],[90.37472061600005,22.592982427000038],[90.34632266900007,22.613412435000043],[90.33987888000007,22.605290660000037],[90.35437210200007,22.596322018000023],[90.36344569900007,22.58055713300007],[90.35106778500005,22.567019144000028],[90.33478726100003,22.58193467600006],[90.31223899900004,22.57857005900007],[90.30630306800003,22.56091876100004],[90.29209098800004,22.565152761000036],[90.28286484000006,22.56122170900005],[90.28052743500007,22.544103922000033],[90.22691729500008,22.50536621400005],[90.20681596400004,22.499849192000056]]]}},{"type":"Feature","id":"jhenaidah","properties":{"district":"jhenaidah","source_name":"Jhenaidah","renamed":false},"geometry":{"type":"Polygon","coordinates":[[[89.27012064600007,23.741158811000048],[89.31098379900004,23.731068228000026],[89.31149245500006,23.71944882100007],[89.32254762800005,23.71316375300006],[89.32160699000008,23.702990985000042],[89.34799616800007,23.682774895000023],[89.34914661800008,23.671099783000045],[89.35882683000005,23.671327],[89.37502490800006,23.66007391000005],[89.36045083400006,23.644907794000062],[89.34758004200006,23.614412179000055],[89.34119551900005,23.588370147000035],[89.34515162400004,23.579281039000023],[89.33792613600008,23.568035508000037],[89.32311968400006,23.565150236000022],[89.31436622900009,23.544988731000046],[89.30622962100006,23.540789267000036],[89.30333688900004,23.513028631000054],[89.30842281800005,23.50805520800003],[89.29804811200006,23.49734877900005],[89.30696231600007,23.48233996600004],[89.30308214200005,23.455218884000033],[89.28281397600006,23.438021696000078],[89.25668804800006,23.441069327000037],[89.25604977200004,23.433713270000055],[89.27053877700007,23.42872285800007],[89.24596225500005,23.392537042000072],[89.25037044700008,23.382653491000042],[89.24554994800008,23.376078327000073],[89.25807571400009,23.37050135000004],[89.25074106400007,23.36061637800003],[89.25314933700008,23.34838196100003],[89.23631880700003,23.34289760000007],[89.24502465400008,23.334305786000073],[89.24289948300003,23.328987184000027],[89.21340370800004,23.317819885000063],[89.21086696200007,23.32459566600005],[89.19953276400008,23.291414649000046],[89.17040625200008,23.290199166000036],[89.15956720400004,23.282973034000065],[89.14624122400005,23.28669361200008],[89.14264373700007,23.27578305700007],[89.13041359800008,23.274018225000077],[89.10660203900005,23.285974977000024],[89.10762740300004,23.295750517000045],[89.08229888600005,23.308622831000037],[89.06679836800004,23.308070678000036],[89.04747414900004,23.293421464000062],[89.04343914600008,23.297517336000055],[89.06486088400004,23.31269497900007],[89.06125352900006,23.32873287600006],[89.05266595100005,23.33510822100004],[89.06651116400008,23.34524825400007],[89.06888865300004,23.355307452000034],[89.06152984100004,23.36086803300003],[89.03971608900008,23.360350140000037],[89.04134012400004,23.371956916000045],[89.03151990100008,23.374418109000032],[89.01314341200003,23.36657228200005],[89.03320587000007,23.355139111000028],[89.03231931700003,23.349867842000037],[89.00840769300004,23.340183609000064],[88.97960090300006,23.343507549000037],[88.96054471100007,23.32922155400007],[88.96751536200009,23.31046103600005],[88.96137880500004,23.304285415000038],[88.96514992600004,23.289214220000076],[88.90599453700008,23.278051119000054],[88.91608905600003,23.270774694000067],[88.90498093700006,23.256277315000034],[88.91239466500008,23.249673304000055],[88.89090746400007,23.24533047700004],[88.88573211600004,23.228706286000033],[88.85630129700007,23.235308591000035],[88.84484711900006,23.230687528000033],[88.83609249500006,23.243734346000053],[88.82423235100003,23.23375273700003],[88.82822167100005,23.245194635000075],[88.81278521600007,23.255517782000027],[88.80589112400008,23.23809899200006],[88.81140032900004,23.22167401200005],[88.78973469600004,23.21848589500007],[88.77390251600008,23.22567257000003],[88.77622841800007,23.238219357000048],[88.76947151500008,23.244963201000076],[88.75390352000005,23.24026041600007],[88.71881313700004,23.254865296000048],[88.72444409500008,23.271901296000067],[88.71094883200004,23.279294382000046],[88.71047041700007,23.288681575000055],[88.69875208500008,23.291332828000066],[88.69624006500004,23.302232376000063],[88.70940756900006,23.313046689000032],[88.70644076100007,23.304132958000025],[88.72589457800007,23.298867865000034],[88.72560301700008,23.318603607000057],[88.73055895200008,23.31986253100007],[88.73407431300006,23.306580865000058],[88.74592769100008,23.308922375000066],[88.74987768000005,23.32090200500005],[88.74437989300009,23.327716225000074],[88.73272943200004,23.328363186000047],[88.73908358900007,23.34327779000006],[88.73373369900008,23.35343818900003],[88.74400168000005,23.348670028000072],[88.74762554100005,23.362391483000067],[88.75789874400004,23.359868695000046],[88.76481446200006,23.370427376000066],[88.77640609800005,23.37565286100005],[88.77797989600003,23.37106691200006],[88.78674464200003,23.380463743000064],[88.79731039200004,23.37082158000004],[88.81467918900006,23.388881045000062],[88.82261200600004,23.378520584000057],[88.83081387300007,23.380564591000052],[88.83291893500007,23.389228815000024],[88.84223232400007,23.37943927500004],[88.85228540400004,23.375298891000057],[88.85547589900006,23.38277071600004],[88.85464480800005,23.37558713900006],[88.86128278300004,23.376849261000075],[88.87524275300007,23.392057220000027],[88.87756576600003,23.406716833000075],[88.91654490800005,23.40594369400003],[88.91838959700004,23.412230287000057],[88.91072980200005,23.412811563000048],[88.91440709500006,23.417805848000057],[88.92111380400007,23.412779186000023],[88.93644905100007,23.416568814000073],[88.93379905300009,23.43047464500006],[88.94465928200003,23.431897011000046],[88.94338260400008,23.44158419000007],[88.91828027300005,23.442251078000027],[88.93040044800006,23.447995368000022],[88.92964023200005,23.461964222000063],[88.93650108700007,23.46193607400005],[88.93513689000008,23.469253343000048],[88.94530995400004,23.48315317400005],[88.94692637200006,23.511867489000053],[88.93385679800008,23.532230054000024],[88.93580540500005,23.539434990000075],[88.94673413200007,23.551746382000033],[88.97705253000004,23.545295060000058],[88.97638996200004,23.55744142900005],[88.98763298300008,23.570746776000078],[88.98494180900008,23.58256720600008],[89.00373392700004,23.603842689000032],[89.01032742000007,23.626259109000046],[89.005327,23.63937131600005],[89.01192665600007,23.65598865800007],[89.00608290500008,23.66883802500007],[89.01065191000004,23.706583541000043],[89.01726061300008,23.70874473600003],[89.02479021900007,23.69558220600004],[89.03772209300007,23.69226771500007],[89.05172215300007,23.715283747000058],[89.03704749900004,23.72246541800007],[89.04752095000003,23.727816148000045],[89.05989257300007,23.718870150000043],[89.07567414900006,23.727943511000035],[89.06335931900009,23.73638702100004],[89.05166028900004,23.75907475500003],[89.05457877900005,23.766232283000022],[89.06934490500004,23.77138316500003],[89.06873809100006,23.756243856000026],[89.08225895200007,23.758338295000044],[89.08369284200006,23.74374735500004],[89.09510065400008,23.74078830800005],[89.10023799000004,23.725321781000048],[89.11639312200003,23.734148814000037],[89.11200954200007,23.70683704700008],[89.11757260300004,23.694458921000034],[89.12780369400008,23.721562069000072],[89.15806029000004,23.722315666000043],[89.15878280800007,23.73560569400007],[89.18408852900006,23.749167433000025],[89.20319838800003,23.746721224000055],[89.21566077700004,23.759655675000033],[89.23190763900004,23.756302848000075],[89.25122428300006,23.763646503000075],[89.27012064600007,23.741158811000048]]]}},{"type":"Feature","id":"joypurhat","properties":{"district":"joypurhat","source_name":"Joypurhat","renamed":false},"geometry":{"type":"Polygon","coordinates":[[[89.20460992500006,25.228457279000054],[89.19459500700003,25.216915339000025],[89.19244765600007,25.19393552300005],[89.18390630500005,25.18453603100005],[89.19618939100008,25.180838168000037],[89.19780584300008,25.170826039000076],[89.22288471100006,25.155000795000035],[89.21764279300004,25.14490143300003],[89.23130075900008,25.14443280100005],[89.24814557700006,25.117764127000044],[89.25158461500007,25.097400736000054],[89.27956468200006,25.085840132000044],[89.24643857000007,25.065149123000026],[89.25097818500006,25.051955253000074],[89.24460512400003,25.04834799200006],[89.23617942600004,25.020443801000056],[89.21419194200007,25.028757004000056],[89.21757413500006,25.01837499100003],[89.20020640200005,25.00149585500003],[89.20582398700003,24.996747070000026],[89.19056787800008,24.995409033000044],[89.19673844300007,24.983959501000072],[89.18654011100006,24.982532587000037],[89.17818729700008,24.97282001700006],[89.18713440700003,24.962206240000057],[89.19020147400005,24.94405669500003],[89.17453743500005,24.95309956600005],[89.12194742000008,24.94979169100003],[89.12750628200007,24.962366641000074],[89.10330545300008,24.970883125000057],[89.09781401900005,24.961453171000073],[89.08877761500008,24.96127567900004],[89.09542460700004,24.943812851000075],[89.08351569400008,24.928394448000063],[89.09445261400003,24.904340169000022],[89.09997017900008,24.903619509000066],[89.09785615700008,24.891198185000064],[89.08826146900003,24.888072306000026],[89.08015991000008,24.892852239000035],[89.07589186800004,24.886323885000024],[89.08970606700007,24.875140887000043],[89.07736185100003,24.86880919500004],[89.06547818200005,24.87281202300005],[89.05427799900008,24.86076420300003],[89.04411666300007,24.864491206000025],[89.03601412200004,24.856664430000023],[89.02051577000003,24.857099795000067],[89.01571405800007,24.84899047400006],[89.00960263500008,24.85851673700006],[88.99002747700007,24.859442787000035],[88.99448805800006,24.868337935000056],[88.99091376200005,24.878818445000036],[89.00751920200008,24.89920982900003],[88.99980180200004,24.91187194400004],[89.00426398600007,24.93077415700003],[89.00004410200006,24.97294577100007],[89.01206813400006,24.982289466000054],[89.00928245000006,25.008102111000028],[89.01627129200006,25.015011525000034],[89.00966994500004,25.021873602000028],[89.01869731500005,25.026244860000077],[89.00957202100005,25.036503658000072],[89.01652901700004,25.047290789000044],[88.98568947200005,25.048689095000043],[88.98223868300005,25.055652593000048],[88.95328724000007,25.05519005600007],[88.95335298200007,25.028871612000046],[88.94301506300008,25.03956518700005],[88.94439400800007,25.057912333000047],[88.93878304700007,25.057184361000054],[88.93107793300004,25.07309652200007],[88.94153504100007,25.098399206000067],[88.94021575400006,25.11451179100004],[88.92181771500003,25.130380271000035],[88.92831574300004,25.14231763300006],[88.92031686300004,25.14591781300004],[88.92769194500005,25.176200094000023],[88.93328390800008,25.181349709000074],[88.94322226600008,25.173582993000025],[88.94841317000004,25.176431139000044],[88.94349829400005,25.183135960000072],[88.94749951500006,25.19455357000004],[88.93781601600006,25.193614638000042],[88.93382855000004,25.19990234900007],[88.93671261400004,25.209932484000035],[88.96104749700004,25.208275102000073],[88.95059189700004,25.244068869000046],[88.95624606500007,25.25515602200005],[88.97457528100006,25.260222842000076],[88.98676012600004,25.27456720300006],[89.00758797900005,25.263744915000075],[89.03263781000004,25.277095648000056],[89.05851417100007,25.261728494000067],[89.07010251800006,25.269782272000043],[89.09594623500004,25.241102278000028],[89.11747193300005,25.241898422000077],[89.12356047000009,25.25287417800007],[89.12951264600008,25.244514691000063],[89.14023057800006,25.246726657000067],[89.14121551500006,25.255098876000034],[89.15024977400003,25.256260729000076],[89.17459790000004,25.234597524000037],[89.19561256800006,25.23996568000007],[89.19644400400006,25.23082363000003],[89.20460992500006,25.228457279000054]]]}},{"type":"Feature","id":"khagrachhari","properties":{"district":"khagrachhari","source_name":"Khagrachhari","renamed":false},"geometry":{"type":"Polygon","coordinates":[[[91.79161555400003,23.223680341000033],[91.78445603800003,23.24133269200007],[91.77663863000004,23.242318735000026],[91.77614034000004,23.267633045000025],[91.76507771100006,23.27257345000004],[91.75977183800006,23.283496230000026],[91.76610451600004,23.309147662000044],[91.82504721100008,23.352452724000045],[91.82586314600007,23.36279347900006],[91.83761885400008,23.370907405000025],[91.83619665900005,23.386605323000026],[91.84185591400006,23.38847843600007],[91.84504065000004,23.404769514000066],[91.87296489300007,23.414334567000026],[91.89964430300006,23.440721152000037],[91.93736733300005,23.43252336000006],[91.94313313500004,23.437108395000052],[91.93786305100008,23.46694103300007],[91.95867182300003,23.473058347000062],[91.95818927700003,23.479662691000044],[91.96910539300006,23.476501048000046],[91.97097431900005,23.50266132300004],[91.95623435000005,23.525835176000044],[91.96450539100005,23.53537337700004],[91.95677956800006,23.551317562000065],[91.95403825900007,23.60976992800005],[91.94218252800005,23.634948218000034],[91.94649369200005,23.646076865000055],[91.93394623400008,23.684444593000023],[91.94043900300005,23.69306404500003],[91.95730868900006,23.693983244000037],[91.94812314200004,23.713918602000035],[91.95407483700006,23.730812572000048],[91.95959196300004,23.734964477000062],[91.97802664300008,23.731333676000077],[91.99995634700008,23.671333627000024],[92.00892285700007,23.66347758200004],[92.02317610700004,23.66297660500004],[92.02214003000006,23.658217871000033],[92.04602540500008,23.646833059000073],[92.07379211600005,23.647587696000073],[92.11564762000006,23.555993744000034],[92.13697396300006,23.430432475000032],[92.04928714400006,23.365290886000025],[92.12476243300006,23.31942353000005],[92.13300098600007,23.208756271000027],[92.18107987600007,23.101950214000055],[92.14255415600007,23.089258460000053],[92.13631098000008,23.09488577600007],[92.11402336600008,23.079730829000027],[92.07174376800003,23.072688518000064],[92.10423909500008,23.004649803000063],[92.11831295400003,22.958614526000076],[92.06911132500005,22.932578827000043],[92.05480585900006,22.895660043000078],[92.03706741500008,22.883588952000025],[92.01887368200005,22.88401069200006],[92.00018236700004,22.84173689800008],[91.98127542100008,22.83493791500007],[91.97616306100008,22.785388615000045],[92.00141374600008,22.72681304400004],[91.99423820200008,22.72054931300005],[91.96664272400005,22.717791636000072],[91.96267247900005,22.691159268000035],[91.93368259800008,22.687545981000028],[91.92393524800008,22.69923462400004],[91.89773837100006,22.69233482800007],[91.88330493100005,22.697237302000076],[91.87691516400008,22.71595684700003],[91.88390301100009,22.752637890000074],[91.89535240100008,22.75227240600003],[91.88695479400008,22.765832998000064],[91.87490452800006,22.767608379000023],[91.85674657700008,22.756974811000077],[91.85681217300004,22.777705121000054],[91.85156737500006,22.771749537000062],[91.83650511500008,22.780351879000023],[91.83461764400005,22.77580161800006],[91.83037896600007,22.777441365000072],[91.83475466600004,22.79032194100006],[91.81124864000003,22.79319427300004],[91.79276550300006,22.769248117000075],[91.79023293100005,22.783284525000056],[91.77818273400004,22.79052477500005],[91.76618561300006,22.815961051000045],[91.75415085300006,22.862945128000035],[91.74631797400008,22.871394320000036],[91.73022706500007,22.871798779000073],[91.71642267200008,22.886940639000045],[91.72494127400006,22.934744151000075],[91.73053575200004,22.939611753000065],[91.71310532200005,22.988694200000054],[91.72131835500005,22.98835783900006],[91.72600374500007,22.99902705900007],[91.74383567200005,23.006585484000027],[91.75435995100008,23.023154007000073],[91.77184196200005,23.034235119000073],[91.76759346600005,23.039788729000065],[91.77435891800008,23.038636163000035],[91.77382704800004,23.027673583000023],[91.78000158400005,23.028671616000054],[91.78342370400009,23.041887882000026],[91.77445874500006,23.069716620000065],[91.80597719700006,23.063161911000066],[91.81811063100008,23.07381276800004],[91.81483113700006,23.080231854000033],[91.83574122100003,23.093186251000077],[91.81335976600008,23.099432858000057],[91.81796469600005,23.11155605700003],[91.80810844700005,23.139179760000047],[91.81406305800004,23.14559692200004],[91.80603403400005,23.157581524000022],[91.80982704400003,23.16552543000006],[91.78881517800005,23.20459720200006],[91.79161555400003,23.223680341000033]]]}},{"type":"Feature","id":"khulna","properties":{"district":"khulna","source_name":"Khulna","renamed":false},"geometry":{"type":"MultiPolygon","coordinates":[[[[89.34011224500006,21.696279418000074],[89.33035109000008,21.701392791000046],[89.33751756800007,21.71832037300004],[89.34871471200006,21.70294676000003],[89.34011224500006,21.696279418000074]]],[[[89.38419998000006,21.87287135500003],[89.39716120500003,21.872421546000055],[89.39182099600004,21.86566422100003],[89.39150838500007,21.860137387000066],[89.40113402500003,21.850035142000024],[89.40620273100006,21.847961146000046],[89.42213801000008,21.846173024000052],[89.45013809100004,21.846962433000044],[89.46354844000007,21.818849604000036],[89.45541346600004,21.818289931000038],[89.44321968200006,21.811253701000055],[89.46373230200004,21.81819293600006],[89.47332609100005,21.807787759000064],[89.47275288000003,21.789523357000064],[89.45900264600004,21.770642354000074],[89.45380310200005,21.76507943200005],[89.44716369100007,21.768069283000045],[89.43330243900004,21.74626990200005],[89.41714842400006,21.74954277200004],[89.42610410200007,21.73548800100008],[89.39786545700008,21.72147560600007],[89.36368698600006,21.744869553000058],[89.36007436200003,21.751787640000032],[89.37808599600004,21.760858360000043],[89.36005321200008,21.757719837000025],[89.35488823400004,21.796902054000043],[89.34866278700008,21.803857298000025],[89.38156810100008,21.877735838000035],[89.38419998000006,21.87287135500003]]],[[[89.33579598200004,21.789545219000047],[89.31307309200008,21.83103589800004],[89.31096020700005,21.852713185000027],[89.36403784100008,21.883615409000072],[89.35025155700004,21.83432056600003],[89.33762787100005,21.818015797000044],[89.33579598200004,21.789545219000047]]],[[[89.32176868300007,21.86152752000004],[89.33353280100005,21.87586981800007],[89.35714138400004,21.88232184700007],[89.33866006800008,21.869101732000047],[89.32176868300007,21.86152752000004]]],[[[89.40363077400008,21.921722397000053],[89.40253179800004,21.914113155000052],[89.42023448300006,21.89069942800006],[89.45013630400007,21.874212728000032],[89.42021970200005,21.862684126000033],[89.41823997200004,21.85832677600007],[89.42345766100004,21.84785410300003],[89.39772989900007,21.854955550000057],[89.39189882600004,21.864426792000074],[89.39755730600007,21.867047512000056],[89.39714090500007,21.873798375000035],[89.38201925300007,21.878964234000023],[89.38155976400003,21.921814236000046],[89.40640580000007,21.930158685000038],[89.40363077400008,21.921722397000053]]],[[[89.40102011100004,21.980758544000025],[89.42447320600007,21.984597075000067],[89.41692116600007,21.96994157300003],[89.42763332700008,21.950712923000026],[89.45634087000008,21.93469951700007],[89.44614497300006,21.90794108700004],[89.47069770600007,21.902821145000075],[89.46430103300008,21.88042656300007],[89.46771508900008,21.857537697000055],[89.46007418100004,21.86028587900006],[89.45702973100003,21.85276989700003],[89.42223902700005,21.85083516900005],[89.42127449900005,21.861445029000038],[89.44573240100004,21.867361410000058],[89.45144091500003,21.874599630000034],[89.41835407100007,21.89570040900003],[89.40337319600008,21.915933247000055],[89.40843298800007,21.93115356000004],[89.38920566300004,21.932057274000044],[89.40000397400007,21.93922768400006],[89.39692643400008,21.944751934000067],[89.37458965100006,21.952978038000026],[89.38080058000008,21.964046007000036],[89.38848378500006,21.959068092000052],[89.40024875600005,21.962828251000076],[89.40362730700008,21.970163726000067],[89.40102011100004,21.980758544000025]]],[[[89.47116138800004,22.04631000200004],[89.50181022300006,21.968991279000022],[89.46629318500004,21.994423545000075],[89.50314170400009,21.96637928000007],[89.50891758300008,21.93659931600007],[89.50240958600006,21.929312923000055],[89.48794115700008,21.934622834000038],[89.47715603600005,21.935370931000023],[89.48490312300004,21.941316339000025],[89.48427306700006,21.94794818400004],[89.48362939000003,21.94115226300005],[89.46995288400007,21.939356047000047],[89.47698267500004,21.934285681000063],[89.49785310900006,21.92819940800007],[89.50714856800005,21.92947061800004],[89.50338891700005,21.91287001300003],[89.45245041600003,21.909505386000035],[89.46244198200009,21.92961738500003],[89.46079374900006,21.938695540000026],[89.43756182700008,21.950043373000028],[89.42187057500007,21.971501970000077],[89.43906157400005,21.992309843000044],[89.43048254500007,22.043025121000028],[89.44226003400007,22.062404378000053],[89.45684039900004,22.04923794800004],[89.47116138800004,22.04631000200004]]],[[[89.39015888700004,22.05570653700005],[89.40184304600007,22.054504903000065],[89.41520068600005,22.03728871000004],[89.42694270300007,22.027083359000073],[89.432608,21.98845003300005],[89.41495245500005,21.987622937000026],[89.41589107800007,21.994154140000035],[89.41121537700008,22.00392608800007],[89.420181,22.014787338000076],[89.41946338400004,22.016137402000027],[89.40963336300007,22.003232101000037],[89.41133669900006,21.98927288300007],[89.39813046300009,21.982430328000078],[89.39545703000005,21.99271423600004],[89.39290321700008,21.996848718000024],[89.38848373500008,21.99823543900004],[89.40231743400005,21.968907707000028],[89.38998694500003,21.960442381000064],[89.37978778400009,21.96532138500004],[89.37275121600004,21.955922705000035],[89.37552211100007,21.949853173000065],[89.39796881500007,21.940114643000072],[89.38897030200008,21.934736778000058],[89.38780630800005,21.930466541000044],[89.39079483000006,21.926099367000063],[89.38553175900006,21.92326840800007],[89.36258751000008,21.959652292000044],[89.35366280600005,22.03223938700006],[89.37662741300005,22.063470986000027],[89.39015888700004,22.05570653700005]]],[[[89.49580813000006,22.030143423000027],[89.47963262500008,22.04245238200008],[89.47956333800005,22.051626518000035],[89.50038806000003,22.062067329000058],[89.51537601200005,22.079874750000045],[89.52007440300008,22.072731437000073],[89.51602379000008,22.05759149900007],[89.49580813000006,22.030143423000027]]],[[[89.47300783000009,22.04883907100003],[89.45386548300007,22.052724322000074],[89.44422070400003,22.06414365100005],[89.48921497900005,22.090637979000064],[89.51287949500005,22.080641462000074],[89.47300783000009,22.04883907100003]]],[[[89.27709394200008,22.112728941000057],[89.31823088000004,22.105252274000065],[89.32415938300005,22.083835345000068],[89.34315455600006,22.05946185700003],[89.32817682200005,22.06034597100006],[89.30938435200005,22.074754769000037],[89.30735241800005,22.091177470000048],[89.30026162800004,22.098023881000074],[89.26281531000006,22.090643072000034],[89.27709394200008,22.112728941000057]]],[[[89.49616545900005,22.129983194000033],[89.50849763000008,22.088052015000073],[89.48665351800008,22.095284587000037],[89.47182612700004,22.12190362700005],[89.47362706300004,22.141346577000036],[89.48392873400007,22.143424888000027],[89.49616545900005,22.129983194000033]]],[[[89.44311137400007,22.159878270000036],[89.46280784300006,22.143095575000075],[89.45889156600003,22.120639964000077],[89.48505242200008,22.089028676000055],[89.45039883700008,22.075806302000046],[89.43796106700006,22.093945441000074],[89.41695429800006,22.103965602000073],[89.41430090400007,22.112418604000027],[89.41772837300005,22.101010511000027],[89.43479850800009,22.094518093000033],[89.44855765000005,22.07498504600005],[89.42732556700008,22.052117828000064],[89.42587474400005,22.02978538900004],[89.41062813100007,22.049643600000024],[89.40335290300004,22.054981042000065],[89.39038673400006,22.057026380000025],[89.37719453900007,22.066133714000046],[89.39115003000006,22.080835189000027],[89.38303783300006,22.11517976300007],[89.40771290600009,22.126782606000063],[89.41161985200006,22.137233724000055],[89.40815066800008,22.149431949000075],[89.41716756000005,22.158928521000064],[89.44311137400007,22.159878270000036]]],[[[89.33341876100008,22.124424557000054],[89.34928870200008,22.132166699000038],[89.34856068500005,22.113082105000046],[89.36976628200006,22.09545726400006],[89.38398549500005,22.09146981200007],[89.36346782700008,22.05306009900005],[89.34232684500006,22.030102011000054],[89.34956115000006,21.983095934000062],[89.34550764200009,21.97280139000003],[89.32501506600005,21.992837602000066],[89.28973323700006,22.060317457000053],[89.30487284100008,22.07194694900005],[89.33562952300008,22.054359657000077],[89.34483462500003,22.057668818000025],[89.34454699100007,22.064352937000024],[89.32652029500008,22.086391854000055],[89.31833966500005,22.108463209000035],[89.27815608100008,22.11929317000005],[89.28944326800007,22.150537061000023],[89.31167045900008,22.166706676000047],[89.32321543700004,22.184453458000064],[89.33181668800006,22.181774244000053],[89.33719993500006,22.15330376000003],[89.32544555300007,22.133023002000073],[89.33341876100008,22.124424557000054]]],[[[89.45940387500008,22.246343720000027],[89.45910522000008,22.196667818000037],[89.47240030700004,22.164528893000067],[89.46219891000004,22.14823120500006],[89.43309580200008,22.166364721000036],[89.41253527900005,22.197519155000066],[89.39500420600007,22.202298076000034],[89.40592456100006,22.210266528000034],[89.39489434600006,22.220002712000053],[89.41189112800004,22.220060510000053],[89.41870298300006,22.224858362000077],[89.42018119400007,22.227880166000034],[89.41931474600005,22.232107839000037],[89.45940387500008,22.246343720000027]]],[[[89.45740993200008,22.251528001000054],[89.41476061700007,22.238201073000027],[89.43394722300008,22.278560821000042],[89.43006817600008,22.289631986000074],[89.40974780100004,22.304316361000076],[89.42465351800007,22.324215846000072],[89.42412821200008,22.346625510000024],[89.44875573200005,22.323128840000038],[89.47890051600007,22.272539334000044],[89.45740993200008,22.251528001000054]]],[[[89.56054539100006,22.983848007000063],[89.56771535100006,22.991387433000057],[89.58693179500005,22.985446745000047],[89.58466966600008,22.977698099000065],[89.60791123000007,22.956258898000044],[89.62413688800007,22.967831604000025],[89.63099241700007,22.961703277000026],[89.65003740900005,22.968661548000057],[89.64791531000003,22.978532651000023],[89.65293228200005,22.983142859000054],[89.67682771800008,22.967510751000077],[89.68904468900007,22.976690592000068],[89.73460765200008,22.972895796000046],[89.74916269300007,22.96390688200006],[89.75243278800008,22.951878254000064],[89.72662391200004,22.91904362300005],[89.74118685000008,22.918847263000032],[89.72141392400005,22.90291363600005],[89.72679642800006,22.89438908300008],[89.71202649200006,22.892115914000044],[89.71934035600003,22.88438496300006],[89.71482401100008,22.87775192600003],[89.70872558800005,22.882064570000068],[89.69526660400004,22.873983663000047],[89.71768711700008,22.848593742000048],[89.71152257800009,22.82613299700006],[89.67500032800007,22.81117498800006],[89.67704868700008,22.79789941000007],[89.66587944400004,22.79539271400006],[89.65506110700005,22.77288633300003],[89.65422211100008,22.75499445300005],[89.64716244900006,22.752884893000044],[89.64426838600008,22.774043797000047],[89.63576943900006,22.766454427000042],[89.61124771300007,22.773978928000076],[89.59761333100005,22.72077164500007],[89.58533296500008,22.717649343000062],[89.60309520400006,22.703226377000078],[89.57020091700008,22.691647445000058],[89.57906227900008,22.668532827000035],[89.55646890300005,22.67841571500003],[89.54908781000006,22.66137420000007],[89.55261184800008,22.642361032000053],[89.53697940300003,22.625382079000076],[89.53236749300004,22.60910062100004],[89.56762013700006,22.556047311000043],[89.59619120500008,22.446688536000067],[89.60261659900004,22.44694585700006],[89.62577587400006,22.39740009600007],[89.62882316100007,22.365906670000072],[89.61961505400006,22.36306355200003],[89.62396073700006,22.341871483000034],[89.60624070100005,22.30819277100005],[89.58192730000007,22.279519660000062],[89.57919322700008,22.25965012200004],[89.58643682600007,22.244308040000078],[89.57710782900006,22.241434600000048],[89.57273688800007,22.253644458000053],[89.55606479600004,22.261171536000063],[89.55389006000007,22.304219450000062],[89.53858156900003,22.314758381000047],[89.52840848200003,22.33202822900006],[89.51578876900004,22.32742995500007],[89.51243096600007,22.33141180900003],[89.53488147800005,22.339079949000052],[89.53551686100008,22.34515181000006],[89.50437813200006,22.37065655200007],[89.53457707400008,22.343017924000037],[89.51481548100008,22.337647938000032],[89.51107519900006,22.33034820100005],[89.51600198300008,22.325878428000067],[89.52722057000005,22.330642557000033],[89.53649010100008,22.31393200800005],[89.55253175300004,22.301172062000035],[89.55254621000006,22.264881136000042],[89.55719314700008,22.256330327000057],[89.57053828100004,22.253072334000024],[89.57297815900006,22.24448894300008],[89.57155587700004,22.235995030000026],[89.52893887000005,22.197638005000044],[89.52687969800007,22.205349220000073],[89.53500598000005,22.20919127700006],[89.52853685400004,22.22106166100008],[89.53693914700006,22.23329379300003],[89.52973570100005,22.22726709400007],[89.52693596600005,22.221033582000075],[89.53306056200006,22.211250868000036],[89.52542282800005,22.205552768000075],[89.52456788100005,22.198431323000023],[89.52984045400007,22.196372434000068],[89.54155051400005,22.202515490000053],[89.54519915500003,22.185973326000067],[89.58389767700004,22.123188124000023],[89.53216568800008,21.99479713100004],[89.51017587100006,22.016628379000053],[89.53336708200004,22.058807297000044],[89.53569420000008,22.07952517500007],[89.52674505700008,22.095666450000067],[89.54493168400006,22.095649493000053],[89.55050074400003,22.111919640000053],[89.54095399500005,22.096860828000047],[89.52382888900007,22.09656705900005],[89.51640003000006,22.103394097000034],[89.47607125200005,22.232793767000032],[89.49477469400006,22.26597031800003],[89.49750075200006,22.286721045000036],[89.49321365200007,22.26787870900006],[89.47628337600008,22.299428979000027],[89.48304722200004,22.311242635000042],[89.48258963100005,22.317431463000048],[89.46039914400006,22.333926649000034],[89.45996855700008,22.34235392200003],[89.48393053900008,22.33671518400007],[89.48932460600008,22.34021940100007],[89.49014329200008,22.370353177000027],[89.48795106700004,22.371951482000043],[89.47189128700006,22.37092054200008],[89.47324914100005,22.379195553000045],[89.46787277700008,22.372430448000046],[89.47357855700005,22.369574612000065],[89.48877321500004,22.36974612000006],[89.48484534500005,22.33824032600006],[89.46360958700006,22.34427670200006],[89.45677372900008,22.34184185500004],[89.45660470300004,22.336044016000073],[89.48152556400004,22.31479266900004],[89.47332384700007,22.30574774200005],[89.43361277300005,22.35711742700005],[89.44656211700004,22.374113540000053],[89.44854397500006,22.38735867300005],[89.44587216900004,22.40384686400006],[89.43444379100004,22.413663532000044],[89.42447800800005,22.411541529000033],[89.43875946300005,22.385936341000047],[89.42377850400004,22.362295304000043],[89.42079476000004,22.324209446000054],[89.39869959900005,22.33425603200004],[89.40268248500007,22.345007572000043],[89.40014804400005,22.350417423000067],[89.38408113400004,22.350651854000034],[89.38433834700004,22.37340463700008],[89.36474144600004,22.374558351000076],[89.36697281300007,22.387435783000058],[89.36276005800005,22.37986329900008],[89.36286501900008,22.373009859000035],[89.38185877800004,22.372705789000065],[89.38205820900004,22.350618741000062],[89.39792630300008,22.34834154600003],[89.39638083500006,22.333775674000037],[89.41619176900008,22.321263961000056],[89.40688296200005,22.310977491000074],[89.41160912700008,22.29387900300003],[89.40632786500004,22.289763709000056],[89.40248749500006,22.29457742900007],[89.39547726200004,22.297811033000073],[89.38364452800005,22.29880994100006],[89.37871818300005,22.315770416000078],[89.36861070800006,22.317754127000057],[89.37635050100005,22.315049344000045],[89.37638997300007,22.304384107000033],[89.38510875700007,22.29586958400006],[89.40865626200008,22.288727938000022],[89.41361496400003,22.29192504200006],[89.42700903500008,22.27877588900003],[89.41773481700005,22.274597422000056],[89.40818822500006,22.278626235000047],[89.40442346200007,22.273912256000074],[89.40236605400008,22.279326785000023],[89.39424528800004,22.276609085000075],[89.39130206400006,22.289434502000063],[89.39401000700008,22.275599226000054],[89.40164191600007,22.277703365000036],[89.40403809600008,22.27186916100004],[89.40871668800008,22.277603648000024],[89.41677219800005,22.273392444000024],[89.42580762000006,22.274886173000027],[89.41414041200005,22.25921651400006],[89.38583572600004,22.27008038100007],[89.38263080600007,22.267885398000033],[89.37823910800006,22.258626048000053],[89.37220145500004,22.268628842000055],[89.36896050700005,22.269722096000066],[89.36002636500007,22.27052165300006],[89.34605330000005,22.26351326300005],[89.37068461400008,22.268147843000065],[89.37841312000006,22.25740712700008],[89.38520314400006,22.268938578000075],[89.41199612300005,22.258417445000077],[89.40893765000004,22.241377214000067],[89.41905252100008,22.22671723800005],[89.41052375300006,22.220398858000067],[89.39338073300007,22.22268018500006],[89.39293016200008,22.218733172000043],[89.40217613900006,22.209001587000046],[89.39044059600008,22.199763661000077],[89.41025402600008,22.195549667000023],[89.42888630500005,22.16684126000007],[89.40618331300004,22.15215310600007],[89.40640521300008,22.133921049000037],[89.37896818400009,22.13833799300005],[89.38529357700008,22.15819067900003],[89.37076557400007,22.163587336000035],[89.38327039500007,22.180049188000055],[89.38291489000005,22.182605330000058],[89.37409426800008,22.185044477000076],[89.36477622200005,22.18289444800007],[89.38220595300004,22.18168484000006],[89.36876545700005,22.162374686000078],[89.38386383000005,22.155994516000078],[89.37812473900004,22.136980514000072],[89.40492192400006,22.129442896000057],[89.38204445200006,22.120439520000048],[89.37992687600007,22.100466039000025],[89.36937681900008,22.100203204000024],[89.35082437200003,22.118413050000072],[89.35301323700008,22.13532451800006],[89.33410415400004,22.127970683000058],[89.32995418700006,22.134304644000053],[89.34050766200005,22.156276665000064],[89.33741581300006,22.178841292000072],[89.32450479900007,22.190319044000034],[89.33428919100004,22.198068989000035],[89.33190840300006,22.21659752100004],[89.32667068300003,22.21163210000003],[89.32937043400005,22.20062123500003],[89.30275141900006,22.216635848000067],[89.31138014100009,22.231602001000056],[89.29200238100003,22.25661436400003],[89.31391057400003,22.284574468000073],[89.28083511000006,22.28819870800004],[89.27565117300009,22.309790993000036],[89.25102147700005,22.33939785900003],[89.25351982300003,22.34567624500005],[89.27185460500004,22.344319941000037],[89.26569643600004,22.374393618000056],[89.24430839600006,22.36988672800004],[89.24018756100008,22.374782880000055],[89.25493138600007,22.400236606000078],[89.24074634400006,22.42856271900007],[89.24465038900007,22.44635209000006],[89.25895300800005,22.45311341200005],[89.25520054700007,22.463374389000023],[89.28502062900003,22.47755714500005],[89.25581231100006,22.49593532700004],[89.24863837000004,22.52792418200005],[89.23419306700004,22.551767140000038],[89.24117794000006,22.566799177000064],[89.25864303400004,22.572407748000046],[89.26415953600008,22.590938723000022],[89.26215269900007,22.604415043000074],[89.24327276500009,22.61015258200007],[89.24512042400005,22.618075392000037],[89.26008933200006,22.622352427000067],[89.24319404300007,22.637869761000047],[89.25065232200006,22.656490958000063],[89.25946012300005,22.658280142000024],[89.26450531500006,22.65134710500007],[89.26394558800007,22.631616996000048],[89.28781071800006,22.620692637000047],[89.29076772000008,22.623683953000068],[89.27680022100003,22.632012814000063],[89.30163511200004,22.646776269000043],[89.26334941400006,22.667676407000044],[89.25943736300007,22.715404653000064],[89.27108097100006,22.69841167000004],[89.28340051500004,22.69818022000004],[89.30057883900008,22.682966347000047],[89.30958121500004,22.69540095600007],[89.30574195100007,22.71381782700007],[89.32635076200006,22.71722544900007],[89.33165179500008,22.728630628000076],[89.31063858600004,22.750161890000072],[89.31013522300003,22.762213013000064],[89.29894716800004,22.771796900000027],[89.28978967500007,22.794836167000028],[89.27029039300004,22.79096688900006],[89.26366748300006,22.81367138400003],[89.24930229200004,22.810401263000074],[89.24562446300007,22.81601439800005],[89.25635821600008,22.831337139000027],[89.24674362300004,22.835644822000063],[89.25105586700005,22.845913843000062],[89.26561722100007,22.841427820000035],[89.26709172200003,22.851069627000072],[89.28555721700008,22.84990190800005],[89.28821809200008,22.862180344000024],[89.29618458600004,22.854192598000054],[89.30901242700008,22.852889300000072],[89.29627795700009,22.84279591300003],[89.32859488900004,22.838125802000036],[89.32331996900007,22.827400745000034],[89.35273105600004,22.834620307000023],[89.35079336400008,22.853770905000033],[89.35735763400004,22.863047062000078],[89.34499575700005,22.868697775000044],[89.35643661500006,22.87944211100006],[89.34587358400006,22.90832624500007],[89.33936587600004,22.90981238100005],[89.34090671500007,22.920048316000077],[89.36387983500003,22.924141449000047],[89.37289288000005,22.934868119000043],[89.39248655100005,22.932578168000077],[89.40630386600003,22.95679437600006],[89.42698346900005,22.961907594000024],[89.43015764700004,22.995015675000047],[89.43943419100003,23.007976435000046],[89.45932076300005,23.008670572000028],[89.48220824300006,22.966580848000035],[89.48197739500006,22.95395434900007],[89.51218713900005,22.927859908000073],[89.51877924500008,22.930205793000027],[89.52268178800006,22.943091263000042],[89.55621515800004,22.962694482000074],[89.56277635300006,22.97065699600006],[89.56054539100006,22.983848007000063]]]]}},{"type":"Feature","id":"kishoreganj","properties":{"district":"kishoreganj","source_name":"Kishoreganj","renamed":false},"geometry":{"type":"Polygon","coordinates":[[[91.19255540800003,24.637495858000023],[91.19197232200008,24.626021810000054],[91.17964594700004,24.62831845100004],[91.17914596900005,24.616289977000065],[91.20002492000003,24.60941196500005],[91.20383992400008,24.59332838000006],[91.19672121700006,24.588805612000044],[91.20706454800006,24.585929287000056],[91.20584488100008,24.577224767000075],[91.23396119200004,24.56896290700007],[91.21318595300005,24.523436230000073],[91.18285840800007,24.494944876000034],[91.16930253500004,24.500732920000075],[91.15007198200004,24.479093242000033],[91.16499790000006,24.485147874000063],[91.19163918800007,24.481745501000034],[91.19437572500004,24.47764549200008],[91.18410014100004,24.471437184000024],[91.19031487400008,24.465723402000037],[91.19899244700008,24.46659002800004],[91.20532080800007,24.480937656000037],[91.21807832000007,24.474613912000052],[91.21649726500004,24.484504266000044],[91.22801827600006,24.48061769800006],[91.24201925600005,24.42689640900005],[91.22590809300004,24.434642754000038],[91.21710544600006,24.432475965000037],[91.21993645700007,24.41948028400003],[91.21384422800008,24.40340864500007],[91.22099157100007,24.402288399000042],[91.22129566000007,24.40936135900006],[91.23723076500005,24.40692468000003],[91.25557847000005,24.37914156100004],[91.24120499200006,24.378540928000064],[91.23022646600003,24.36585619600004],[91.21372467200007,24.36346629800005],[91.23407756700004,24.333463335000033],[91.23376944000006,24.31544361500005],[91.18941375500003,24.32214220800006],[91.17017631200008,24.315143341000066],[91.15896046500006,24.283951838000064],[91.19597578900004,24.293151245000047],[91.18470173300005,24.27252192800006],[91.13764922200005,24.244163155000024],[91.08510332200007,24.241120816000034],[91.07912247700006,24.227326701000038],[91.09026573000006,24.219324293000057],[91.08968922500009,24.21124283900008],[91.04234399600006,24.212866770000062],[91.01612594100004,24.180454362000035],[90.98667596800004,24.157747890000053],[90.99702794800004,24.138444551000077],[91.03351923500009,24.11832527000007],[91.04978487600005,24.10209645900005],[91.05311531000007,24.083151994000048],[91.03787384400005,24.063198286000045],[91.00851389700006,24.049898377000034],[90.98599152400004,24.030601024000077],[90.96175647800004,24.033677350000062],[90.96793792500006,24.060062711000057],[90.95503967100007,24.06592669300005],[90.94366942300007,24.084509456000035],[90.91029642600006,24.075692674000038],[90.89112317000007,24.096396325000057],[90.84603336100008,24.111613333000037],[90.84851979100006,24.12048660100004],[90.86683895100003,24.127091905000043],[90.87099362500004,24.139990092000062],[90.84503583200006,24.142598209000028],[90.82515146300005,24.157097084000043],[90.80696040200007,24.18817713800007],[90.80081441600004,24.184646603000033],[90.78614903100004,24.193052864000038],[90.79319040700005,24.219846827000026],[90.78330509700004,24.22663269700007],[90.78154532000008,24.242667615000073],[90.77020765200007,24.250757832000033],[90.75331055800007,24.25171962400003],[90.73307785300005,24.238455676000058],[90.70793311500006,24.236781370000074],[90.65638991800006,24.251141871000073],[90.64929343300008,24.257987849000074],[90.64113998400006,24.305754148000062],[90.61792401800005,24.33885195000005],[90.64206849800007,24.385603462000063],[90.64584817500008,24.416718997000032],[90.63468863500003,24.434164800000076],[90.59763770600006,24.44323657700005],[90.57888857000006,24.45858067200004],[90.57458359000003,24.48182329800005],[90.58823601700004,24.49690636400004],[90.60284609800004,24.498922589000074],[90.63201708100007,24.478654213000027],[90.63726000800006,24.481182438000076],[90.63632561100007,24.47591315300008],[90.64759362500007,24.477823969000042],[90.66323614500004,24.467030196000053],[90.67761648200008,24.466899802000057],[90.67783275000005,24.48022294200007],[90.68539116000005,24.488509546000046],[90.68250772100004,24.50282430900006],[90.70274620700008,24.517659648000063],[90.70447809400008,24.50085729500006],[90.71404293300003,24.49402251400005],[90.72248013600006,24.474061568000025],[90.73608921500005,24.486066218000076],[90.74225946100006,24.508627182000055],[90.75418473100007,24.503231734000053],[90.75856621400004,24.511009384000033],[90.79369283900007,24.507794846000024],[90.79236723600008,24.51804260600005],[90.80520664200003,24.531223905000047],[90.80170111300004,24.537880468000026],[90.80415665200007,24.546354964000045],[90.81117620400005,24.54792546300007],[90.81517103900006,24.56058979100004],[90.80994419700005,24.565653373000032],[90.81931121400004,24.573929950000036],[90.81996583300008,24.588018232000024],[90.83976122600006,24.579915553000035],[90.85659895200007,24.599320913000042],[90.88000487800008,24.592465748000052],[90.88476653200007,24.600338788000045],[90.90402422300008,24.59979596200003],[90.90631522900009,24.59492017100007],[90.91480846600007,24.599968998000065],[90.91632423200008,24.61372792000003],[90.92840338100007,24.615525518000027],[90.93972086200006,24.601775231000033],[90.95354927100004,24.602425967000045],[90.96366772000005,24.611318950000054],[90.97730411400005,24.59958750800007],[90.98355842200004,24.604744545000074],[91.01780259600008,24.60312669900003],[91.03098158600005,24.629941616000053],[91.04133471700004,24.624359339000023],[91.03671595800006,24.611967322000055],[91.07360350600004,24.61882644800005],[91.09965223500006,24.599873394000042],[91.10577598100008,24.60128075600005],[91.10465897400007,24.60799808200005],[91.12885690700006,24.610029286000042],[91.13467698700003,24.622098751000067],[91.12731898800007,24.629160588000047],[91.13034594000004,24.642153569000072],[91.13844944900006,24.634576844000037],[91.15433789100007,24.638964702000067],[91.16239660000008,24.63220093800004],[91.17440688800008,24.641388005000067],[91.19255540800003,24.637495858000023]]]}},{"type":"Feature","id":"kurigram","properties":{"district":"kurigram","source_name":"Kurigram","renamed":false},"geometry":{"type":"MultiPolygon","coordinates":[[[[89.51158102100004,26.022842153000056],[89.52129117700008,26.02237574700007],[89.51669770400008,26.015432418000046],[89.51158102100004,26.022842153000056]]],[[[89.55164942600004,26.063061635000054],[89.57238333700008,26.063127352000038],[89.57095082200004,26.05233542900004],[89.55841367200009,26.050137850000056],[89.55164942600004,26.063061635000054]]],[[[89.50184273800005,26.06993472700003],[89.51384387200005,26.065981153000052],[89.51102974600008,26.057423390000054],[89.50266046100006,26.060003814000027],[89.50184273800005,26.06993472700003]]],[[[89.62064337200007,26.068313785000043],[89.61389748300007,26.06738277100004],[89.61324683900006,26.07618105100005],[89.61883788900008,26.07484936700007],[89.62064337200007,26.068313785000043]]],[[[89.70278900200003,26.181766930000038],[89.69970620100008,26.178275658000075],[89.69930675700004,26.18367115500007],[89.70278900200003,26.181766930000038]]],[[[89.58772876300009,26.18846261400006],[89.58325873800004,26.18462911000006],[89.58579881200006,26.189505628000063],[89.58772876300009,26.18846261400006]]],[[[89.60388943100008,26.192454490000046],[89.60602085800008,26.184202241000037],[89.59939941500005,26.180364455000074],[89.60708185100003,26.17613326600008],[89.58897551900003,26.175771747000056],[89.58946112700005,26.18837049800004],[89.60388943100008,26.192454490000046]]],[[[89.62191409900004,26.200424733000034],[89.61789258100004,26.194194433000064],[89.61974344700008,26.187198033000072],[89.61373943900008,26.196897854000042],[89.62191409900004,26.200424733000034]]],[[[89.59803952900006,26.197077198000045],[89.59155828100006,26.194521640000062],[89.59147709900003,26.20093633600004],[89.59438098900006,26.20266411500006],[89.59803952900006,26.197077198000045]]],[[[89.60914032900007,26.203834236000034],[89.61674461300004,26.20454320300007],[89.61670369700005,26.20223209200003],[89.60914032900007,26.203834236000034]]],[[[89.60419362800008,26.11760058300007],[89.59649821400006,26.135300999000037],[89.59785316500006,26.154007110000066],[89.59108655500006,26.15732067400006],[89.59982950700004,26.160956594000027],[89.61028559400006,26.153948093000054],[89.61008605500007,26.161948127000073],[89.61881218100007,26.166973770000027],[89.61117125600003,26.168703567000023],[89.60738622500008,26.179236984000056],[89.63699334400008,26.178913484000077],[89.63207665500005,26.171985095000025],[89.64923797400007,26.164532181000027],[89.65862414500003,26.176535028000046],[89.65544179700004,26.18152636900004],[89.63903526300004,26.178719148000027],[89.62769865500007,26.18405671100004],[89.63010969500004,26.19587254000004],[89.64495403300003,26.184802046000073],[89.64994160500004,26.190297171000054],[89.63941938400006,26.19983314500007],[89.63833409500006,26.211088275000066],[89.63213502100007,26.211975506000044],[89.63379926900006,26.23034584000004],[89.65040311400008,26.22107774600005],[89.67184059900006,26.219950621000066],[89.67793123800004,26.235643938000067],[89.68690864100006,26.219981886000028],[89.67862918500003,26.219529271000056],[89.68032472500005,26.210369394000054],[89.67344408100007,26.205783350000047],[89.69174330000004,26.177635577000046],[89.70198649700006,26.174063129000047],[89.67425294500003,26.16704644400005],[89.70131142400004,26.15185716600007],[89.70989158100008,26.156309409000073],[89.71263823700008,26.16811369000004],[89.72036240200003,26.15639882800008],[89.74759690300004,26.157444032000058],[89.75412031600007,26.14030554800007],[89.76636520800008,26.130980518000058],[89.75581149800007,26.110154759000068],[89.78411969300004,26.105400775000078],[89.78209765900004,26.08323976400004],[89.79484820800008,26.08743228900005],[89.79031021900005,26.075953492000053],[89.79476010500008,26.077144365000038],[89.79872496200005,26.059663115000035],[89.78460152700006,26.055996553000057],[89.78782124100007,26.047812950000036],[89.77357499600004,26.037731219000023],[89.78472904500006,26.040841887000056],[89.79006791900008,26.03441614600007],[89.79233786900005,26.04092292400003],[89.80177142600007,26.040353349000043],[89.79139648500006,26.018151389000025],[89.80597982300009,26.044623857000033],[89.81922141800004,26.025914963000048],[89.81529946100005,26.020311021000055],[89.82055892600005,25.999652250000054],[89.81480905100005,25.997947169000042],[89.82015492900007,25.987741623000034],[89.83589156500005,25.982534607000048],[89.83086717200007,26.001967759000024],[89.83580171600005,26.012667660000034],[89.85076161800004,25.989766298000063],[89.87319813900007,25.975862821000078],[89.85520467000003,25.968853796000076],[89.84187471400008,25.97073981500006],[89.84619166600004,25.950465377000057],[89.82908030400006,25.954854072000046],[89.825349,25.945571096000037],[89.84500533100004,25.940112748000047],[89.88700592900005,25.94532507300005],[89.87852971800004,25.924335167000038],[89.83250586100007,25.870712989000026],[89.83522753300008,25.84082752300003],[89.81699159400006,25.814382498000043],[89.82579363500008,25.811225660000048],[89.84127211900005,25.75909398400006],[89.82732798900008,25.72995268300008],[89.83429627100008,25.71649053400006],[89.85104642800007,25.711808034000057],[89.84657511400007,25.695855589000075],[89.86248105000004,25.667182741000033],[89.87102956600006,25.662647030000073],[89.88181023000004,25.62481484700004],[89.86628151300005,25.547803312000042],[89.85122013800003,25.538718996000057],[89.86018051300005,25.517723685000078],[89.84897100400008,25.490036563000046],[89.85212207100005,25.465950132000046],[89.83266613300003,25.438871208000023],[89.82562005100004,25.415218647000074],[89.76692355200004,25.43273976300003],[89.77335259800003,25.426467914000057],[89.77157595300008,25.415256491000036],[89.78393132600007,25.41340583300007],[89.78027194400005,25.387958860000026],[89.74441599000005,25.373989797000036],[89.74787443300005,25.386314124000023],[89.73901549600004,25.389255078000076],[89.73985878900004,25.397452994000048],[89.70165081200008,25.390236111000036],[89.69469044600004,25.399658808000027],[89.70134403200007,25.402162657000076],[89.69940297800008,25.417246550000073],[89.68654129600009,25.415142656000057],[89.70033104600003,25.437273721000054],[89.70683378100006,25.466901920000055],[89.68513556500005,25.465458944000034],[89.68427407000007,25.475378230000047],[89.67023741700007,25.486212157000068],[89.67404189200005,25.492630602000077],[89.69854754300007,25.497097223000026],[89.68137089500004,25.51750021600003],[89.69787471500007,25.533353676000047],[89.66748512200007,25.535800005000056],[89.61672657500009,25.56893199800004],[89.58814410800005,25.556384605000062],[89.56537608500008,25.584794153000075],[89.53599495500004,25.590928020000035],[89.53296791500009,25.600985415000025],[89.54586225800006,25.607743966000044],[89.54832073200004,25.629494116000046],[89.53589048800006,25.64899424300006],[89.52558563600007,25.650650338000048],[89.51852893500006,25.644577027000025],[89.51529054900004,25.706478596000068],[89.50825391500007,25.71729790300003],[89.49421064600006,25.71266991300007],[89.48648177600006,25.722676411000066],[89.48492960700008,25.727846842000076],[89.49866625000004,25.731040595000024],[89.49910120600003,25.748200860000054],[89.47928641400006,25.755657306000046],[89.47967838000005,25.762887784000043],[89.45918736000004,25.786375090000035],[89.45988462500009,25.812920031000033],[89.46890279700006,25.815526222000074],[89.46282117100003,25.822921380000025],[89.45239655600005,25.819006391000073],[89.45742436700004,25.826981717000024],[89.47052240400006,25.824994916000037],[89.48289084100008,25.833967218000055],[89.49212676100007,25.809713229000067],[89.51741765100007,25.80586456800006],[89.51677383600008,25.820326738000063],[89.52942555800007,25.814098065000053],[89.53574821100005,25.82391535100004],[89.52992556800007,25.86556414300003],[89.55242194900006,25.861754073000043],[89.55361804300009,25.874871463000034],[89.57040597500009,25.88164095700006],[89.54631228400007,25.88863464800005],[89.54319997700009,25.89768072800007],[89.53340346400006,25.900196529000027],[89.52941050900006,25.915398374000063],[89.51745824300008,25.91753414200008],[89.51063961400007,25.945345116000055],[89.49732782800004,25.95344269700007],[89.50371750900007,25.95900676100007],[89.49990412300008,25.970728380000025],[89.48212042900008,25.961750101000064],[89.47313026000006,25.978688481000063],[89.48124413100004,25.99754461400005],[89.49077457700008,26.004307164000068],[89.50906520900008,26.00207845600005],[89.52116260800005,26.00867481100005],[89.54817380700007,26.000697565000053],[89.53639954200008,25.99009177000005],[89.54087781500004,25.96963162700007],[89.55759025000003,25.96545889300006],[89.56640829100007,25.98036565500007],[89.56884160100003,25.967858625000076],[89.57782905600004,25.96938196800005],[89.57666200500006,25.97813124100003],[89.58668669200006,25.98096631100003],[89.57865848000006,26.026359213000035],[89.58353470900005,26.024414250000063],[89.58681239100008,26.03842256300004],[89.59503616900008,26.03532180600007],[89.59827701200004,26.044456412000045],[89.61321602700008,26.05362916300004],[89.60498710400003,26.063291313000036],[89.61772546300006,26.060225295000066],[89.61934890200007,26.053519187000063],[89.63172052000004,26.063028819000067],[89.65000396000005,26.064484589000074],[89.63398965800008,26.080107225000063],[89.63934385800007,26.090969216000076],[89.63014348800004,26.106946899000036],[89.62355473900004,26.107503394000048],[89.62145688300006,26.100431032000074],[89.61390149800008,26.103700481000033],[89.61724027000008,26.094802111000035],[89.60943387500004,26.09547907700005],[89.60825030400008,26.08850409200005],[89.59671006600007,26.098023219000027],[89.59785057300007,26.113069405000033],[89.61406223000006,26.106897608000054],[89.63028552600008,26.11852370400004],[89.62630291500005,26.128522544000077],[89.62044011800003,26.119834886000035],[89.61234498100004,26.127855621000037],[89.60419362800008,26.11760058300007]]]]}},{"type":"Feature","id":"kushtia","properties":{"district":"kushtia","source_name":"Kushtia","renamed":false},"geometry":{"type":"Polygon","coordinates":[[[88.84371990900007,24.12587918400004],[88.86294683700004,24.107789895000053],[88.88112668000008,24.11522741300007],[88.88319210800006,24.106641551000052],[88.87437842000008,24.10021054200007],[88.88514329300006,24.101807231000066],[88.91139829500008,24.11289369600007],[88.91052564800003,24.12560781800005],[88.92191661900006,24.129097907000073],[88.92031422600007,24.118389765000074],[88.93845735600007,24.131741386000044],[88.94991146900009,24.125104203000035],[89.00667774600004,24.118116670000063],[89.02549043700003,24.093610451000075],[89.06281219200008,23.98737086700004],[89.07275535100007,23.977875315000063],[89.09620426700008,23.97252738800006],[89.09930448300008,23.95987195300006],[89.12488923100005,23.962422357000037],[89.14828067900004,23.950558643000022],[89.17025513800007,23.951068443000054],[89.17935938800008,23.962078569000028],[89.17776762300008,23.98742278000003],[89.21627636300008,23.988491423000028],[89.215942,23.972680086000025],[89.23700408400003,23.972887293000042],[89.23651402600007,23.94396142200003],[89.25132882000008,23.933750948000068],[89.26236039500003,23.90979061200005],[89.25861580400004,23.884741622000035],[89.26529003600007,23.877818993000062],[89.27105507600004,23.87670385200005],[89.27756025000008,23.905728948000046],[89.30387331400004,23.88877920300007],[89.31202603500003,23.874382638000043],[89.34714832900005,23.88922010400006],[89.36076801900003,23.882775294000055],[89.36322092200004,23.87009588500007],[89.35242787300007,23.862325574000067],[89.35133368400005,23.841130430000078],[89.33646230000005,23.828747831000044],[89.32696037400007,23.795265632000053],[89.33019636800003,23.778542491000053],[89.31107153700003,23.77616417400003],[89.31048082700005,23.76877546700007],[89.32198631700004,23.766013998000062],[89.31502689100006,23.747488717000067],[89.28847528700004,23.735712724000052],[89.26478065400005,23.744588307000072],[89.25122428300006,23.763646503000075],[89.23190763900004,23.756302848000075],[89.21566077700004,23.759655675000033],[89.20319838800003,23.746721224000055],[89.18408852900006,23.749167433000025],[89.15878280800007,23.73560569400007],[89.15806029000004,23.722315666000043],[89.12780369400008,23.721562069000072],[89.11757260300004,23.694458921000034],[89.11200954200007,23.70683704700008],[89.11639312200003,23.734148814000037],[89.10023799000004,23.725321781000048],[89.09510065400008,23.74078830800005],[89.08369284200006,23.74374735500004],[89.08225895200007,23.758338295000044],[89.06873809100006,23.756243856000026],[89.07033598000004,23.77044925900003],[89.06370284900004,23.77143938100005],[89.05166028900004,23.75907475500003],[89.06499536700005,23.73380195900006],[89.07567414900006,23.727943511000035],[89.05989257300007,23.718870150000043],[89.04752095000003,23.727816148000045],[89.03704749900004,23.72246541800007],[89.05172267200004,23.713728013000036],[89.03287015000006,23.691835567000055],[89.01931641700008,23.70153741400003],[89.00743689600006,23.723420196000063],[89.00592083900005,23.748287279000067],[88.98955154100008,23.752311432000056],[89.00613999300003,23.785639898000056],[88.99964304000008,23.781987516000072],[88.97665989600006,23.789011952000067],[88.97417160900005,23.801542049000034],[88.95785007200004,23.80896838800004],[88.94780088000005,23.80124705000003],[88.93818001000005,23.804108486000075],[88.93905206300008,23.796823207000045],[88.90979611500006,23.784780684000054],[88.92222585900004,23.816404313000078],[88.90731731400007,23.837860859000045],[88.89143328200004,23.827437493000048],[88.85896465900004,23.832656085000053],[88.86462270900006,23.853842504000056],[88.88205273200003,23.866453035000063],[88.88283507700004,23.87720827800007],[88.87199526700005,23.879035955000063],[88.85356917400009,23.87045837200003],[88.83790716200008,23.87893192000007],[88.83997822600008,23.883890459000042],[88.86332276400003,23.883592787000055],[88.87447767400005,23.892370242000027],[88.87318206100008,23.909261137000044],[88.86448046900006,23.922392924000064],[88.83501849100008,23.938789241000052],[88.81568631100004,23.927705270000047],[88.80953535900005,23.967046354000047],[88.80006548300008,23.976340073000074],[88.78393749900005,23.969555537000076],[88.77894307400004,23.948256843000024],[88.76338884100005,23.969309487000032],[88.73447778400003,23.962985308000043],[88.73963964400008,23.984625966000067],[88.76898472300007,23.984246738000024],[88.75719232600005,24.006675237000024],[88.72992122600004,23.995420402000036],[88.74216632100007,24.033425374000046],[88.73953516100005,24.045735928000056],[88.72683076400006,24.053057745000046],[88.73716578800008,24.062557097000024],[88.72355022500005,24.068738890000077],[88.72770461100004,24.100923757000032],[88.71717386800003,24.10349912500004],[88.70022772200008,24.09442789600007],[88.70077998700003,24.10825471800007],[88.69304200400006,24.111323362000064],[88.69713714200003,24.12046531200008],[88.70850119400006,24.120086332000028],[88.74639361600003,24.14717154300007],[88.73153928900007,24.171718231000057],[88.73342434600005,24.193875496000032],[88.78454599200006,24.134984486000064],[88.81457882800004,24.12171038300005],[88.84371990900007,24.12587918400004]]]}},{"type":"Feature","id":"lakshmipur","properties":{"district":"lakshmipur","source_name":"Lakshmipur","renamed":false},"geometry":{"type":"MultiPolygon","coordinates":[[[[90.97645204400004,22.52198363800005],[90.93211333700003,22.49701664400004],[90.89375066900004,22.56028032100005],[90.95111425600004,22.54725796300005],[90.97645204400004,22.52198363800005]]],[[[90.77036485100007,22.80937080900003],[90.75718775500007,22.822818007000023],[90.75179812700009,22.831429273000026],[90.76091315700006,22.836166225000056],[90.77440777300006,22.82863191200005],[90.77036485100007,22.80937080900003]]],[[[90.65633525800007,22.84481171400006],[90.65041738500008,22.843916860000036],[90.64894127700006,22.84003348500005],[90.64386135100006,22.83671178000003],[90.64961527800006,22.847665561000042],[90.65633525800007,22.84481171400006]]],[[[90.75565200200003,22.869830679000074],[90.76187755400008,22.85008958700007],[90.77595643600006,22.831714272000056],[90.76124234200006,22.837419131000047],[90.75072016400009,22.834780581000075],[90.73743332300006,22.860195372000078],[90.74404605500007,22.869885383000053],[90.75565200200003,22.869830679000074]]],[[[90.75267767800005,22.87470290600004],[90.74237361300004,22.87055035700007],[90.73641689100003,22.86297213000006],[90.73318049400007,22.875080772000047],[90.74010667500005,22.88709437400007],[90.75267767800005,22.87470290600004]]],[[[90.71218927500007,22.893812127000047],[90.71261115900006,22.888133461000052],[90.71083375900008,22.89363866000008],[90.71218927500007,22.893812127000047]]],[[[90.68360709100006,22.895519550000074],[90.68913545500004,22.903749180000034],[90.69709858700008,22.900527999000076],[90.68360709100006,22.895519550000074]]],[[[90.73408727700007,22.895169665000026],[90.72884304400009,22.898587431000067],[90.72383988700005,22.908552945000054],[90.72728561000008,22.906386199000053],[90.73408727700007,22.895169665000026]]],[[[90.72441918500004,22.910796728000037],[90.72006003300004,22.91578758600008],[90.72133030300006,22.92180465000007],[90.72379298200008,22.91911682400007],[90.72441918500004,22.910796728000037]]],[[[90.68358922800007,22.925018587000068],[90.68506042600006,22.917472946000032],[90.67691680300004,22.93136191600007],[90.68358922800007,22.925018587000068]]],[[[90.67691680300004,22.93136191600007],[90.66780791900004,22.93968785800007],[90.66634541200006,22.943518984000036],[90.67293778800007,22.937780519000057],[90.67691680300004,22.93136191600007]]],[[[90.96184522200008,23.131043962000035],[90.95311747000005,23.126088995000032],[90.95373921700008,23.113619804000052],[90.94144789300003,23.10110337200007],[90.94115762400008,23.083873788000062],[90.93169149000005,23.089772305000054],[90.92333149100006,23.077623433000042],[90.91112918900006,23.078679969000063],[90.91907926600004,23.06550272900006],[90.89860460100005,23.070018254000047],[90.91880617300006,23.041895226000065],[90.90506756300005,23.035219678000033],[90.89706619500004,23.038583078000045],[90.88667989900006,23.025631685000064],[90.89761165400006,23.011885474000053],[90.91960574700005,23.01292221400007],[90.93366604600004,22.986630456000057],[90.94413447500006,22.998144929000034],[90.96601303800009,22.97937472600006],[90.97366827500008,22.98502295700007],[90.98722344700008,22.972939834000044],[90.98779888300004,22.978293716000053],[90.99732154500003,22.97832328100003],[90.99932535200008,22.94908115900006],[90.98892717600006,22.93968631200005],[90.99139972300009,22.931100031000028],[90.98131420200008,22.91618707400005],[90.99129145600006,22.903061045000072],[90.98152173200003,22.89218590200005],[90.98588796900003,22.877059006000025],[90.95565138900008,22.859428644000047],[90.94292048400007,22.862226285000077],[90.94539156200005,22.837670555000045],[90.93181060400008,22.828169540000033],[90.92668110700004,22.813934825000047],[90.89010801000006,22.810864297000023],[90.98130274700009,22.753984409000054],[90.98083090900008,22.715403601000048],[91.00946000700009,22.705752804000042],[91.01730050000003,22.68046079800007],[91.00105690300006,22.665735077000022],[90.98848345400006,22.63997661600007],[91.01178682300008,22.606904454000073],[91.01740593000005,22.56817560500008],[90.94542830400007,22.614890591000062],[90.89250820800004,22.65898356100007],[90.84791029100006,22.672132232000024],[90.82413141300003,22.700984525000024],[90.77976182000003,22.780747570000074],[90.78262997100006,22.831688964000023],[90.76028801700005,22.871184448000065],[90.73289339100006,22.904104413000027],[90.71474624800004,22.940201554000055],[90.71850773000006,22.91578558200007],[90.72598914800005,22.901076699000043],[90.73614725000004,22.890370891000032],[90.72797873500008,22.87969915000008],[90.72137112000007,22.880087763000063],[90.66895247500008,22.964567098000032],[90.64654932200006,22.984368093000057],[90.66284011100004,23.007621448000066],[90.66081937400008,23.013212343000077],[90.66967523400007,23.01545372700008],[90.65785069400005,23.02421910000004],[90.66660607300008,23.031441097000027],[90.66240432400008,23.050493648000042],[90.68843285900005,23.063321682000037],[90.73160418900005,23.04224865300006],[90.75378924000006,23.059391710000057],[90.75205493100003,23.067553864000047],[90.76963044000007,23.077185232000033],[90.79199856500009,23.078154102000042],[90.79599003400006,23.118077662000076],[90.81307424800008,23.121656709000035],[90.82133610400007,23.133455253000022],[90.83630484600008,23.13815035600004],[90.85062716700008,23.155076591000068],[90.84721779200004,23.166982494000024],[90.86805138700004,23.173530603000074],[90.89293741700004,23.170989358000043],[90.90196849900008,23.162305029000038],[90.90199326900006,23.153239016000043],[90.91386254100007,23.15626314600007],[90.91210993400006,23.147814880000055],[90.93501369200004,23.14380684400004],[90.95551708700003,23.14593297700003],[90.96184522200008,23.131043962000035]]]]}},{"type":"Feature","id":"lalmonirhat","properties":{"district":"lalmonirhat","source_name":"Lalmonirhat","renamed":false},"geometry":{"type":"MultiPolygon","coordinates":[[[[89.39790397800004,26.094360780000045],[89.41989039500004,26.088683256000024],[89.41613682500008,26.07690601300004],[89.39626165600004,26.083061384000075],[89.39790397800004,26.094360780000045]]],[[[89.42320106100004,26.106164714000045],[89.42393090200005,26.099131941000053],[89.41438684500008,26.09942929300007],[89.41730671800008,26.106038307000063],[89.42320106100004,26.106164714000045]]],[[[89.17762938300007,26.244749607000074],[89.18539619300003,26.244718798000065],[89.18100887800006,26.239577764000046],[89.17762938300007,26.244749607000074]]],[[[89.01251323200006,26.26576469500003],[89.00571419400006,26.249868324000033],[88.99886023200008,26.252968940000073],[89.00110923200003,26.263155504000053],[89.00511081500008,26.256493528000078],[89.00522346000008,26.26582215700006],[89.01251323200006,26.26576469500003]]],[[[89.14200938000005,26.26952508100004],[89.14755783300006,26.262876117000076],[89.13988385300007,26.262126098000067],[89.14014077400003,26.255199584000025],[89.14993944900004,26.25623586300003],[89.15295092300005,26.26547677900004],[89.17029694100006,26.263842225000076],[89.16634397000007,26.25120296500006],[89.17048140200006,26.239898853000057],[89.16305201000006,26.23895286800007],[89.15964676600004,26.250772873000074],[89.15406156700004,26.23678912300005],[89.14349562400008,26.24230364300007],[89.14490898100007,26.248536433000027],[89.13342663700007,26.26251841000004],[89.14200938000005,26.26952508100004]]],[[[89.02772983700004,26.273324064000064],[89.03678518300006,26.264281243000028],[89.03238198100007,26.256223893000026],[89.02421765800005,26.265668086000062],[89.02772983700004,26.273324064000064]]],[[[89.00040618100007,26.27753849000004],[88.99569267100009,26.277196355000058],[88.99293901700008,26.280114785000023],[88.99898045100008,26.283865598000034],[89.00040618100007,26.27753849000004]]],[[[89.11493003800007,26.284905692000052],[89.11884294400005,26.282028100000048],[89.11674994900005,26.278272182000023],[89.11274713300008,26.27989527400007],[89.11493003800007,26.284905692000052]]],[[[88.92132796700008,26.335525731000075],[88.94168433300007,26.330940937000037],[88.93756146300007,26.31298564100007],[88.94902903400003,26.318453643000055],[88.95342272900007,26.30363032300005],[88.96391111100007,26.304140044000064],[88.96083534700006,26.29503718600006],[88.98359747900008,26.299584208000056],[88.98151432900005,26.283055542000056],[88.95445894700003,26.274720932000037],[88.92364908900004,26.29606319800007],[88.93071067200003,26.307418150000046],[88.91812191100007,26.32565730700003],[88.92333156200004,26.326691505000042],[88.92132796700008,26.335525731000075]]],[[[88.93812915600006,26.354708935000076],[88.94258994600006,26.352476894000063],[88.93862793800008,26.350877757000035],[88.93812915600006,26.354708935000076]]],[[[89.07578000600006,26.403973139000072],[89.07241179800008,26.401161471000023],[89.07245904200005,26.40340371900004],[89.07578000600006,26.403973139000072]]],[[[89.05925917300004,26.404255384000066],[89.05608878200007,26.401362818000052],[89.05416398400007,26.40753079700005],[89.05925917300004,26.404255384000066]]],[[[89.20284293400005,26.129358328000023],[89.24201852300007,26.113060243000064],[89.25155357100004,26.09145641500004],[89.26563185800006,26.092399785000055],[89.25435170700007,26.064214265000032],[89.26696255200005,26.060895901000038],[89.28097800600005,26.065694502000042],[89.27850506200008,26.048646631000054],[89.30615165400008,26.04660849000004],[89.32291652900005,26.03772543900004],[89.34643384500004,26.01160606600007],[89.39376215300007,26.00872719800003],[89.39080755400005,26.023039994000044],[89.40313108500004,26.02766861300006],[89.40739436500007,26.04161288100005],[89.42582835900004,26.044329823000055],[89.43389827900006,26.03053393600004],[89.42741579500006,26.013241664000077],[89.46158974000008,25.99846057600007],[89.48124413100004,25.99754461400005],[89.47298246500009,25.97486498300003],[89.48212042900008,25.961750101000064],[89.49990412300008,25.970728380000025],[89.50371750900007,25.95900676100007],[89.49732782800004,25.95344269700007],[89.51063961400007,25.945345116000055],[89.51745824300008,25.91753414200008],[89.52941050900006,25.915398374000063],[89.53340346400006,25.900196529000027],[89.54319997700009,25.89768072800007],[89.54631228400007,25.88863464800005],[89.57106580000004,25.88542136700005],[89.55361804300009,25.874871463000034],[89.55242194900006,25.861754073000043],[89.52992556800007,25.86556414300003],[89.53664561600004,25.83895196700007],[89.53200650600007,25.815326010000035],[89.52242783200006,25.814065087000074],[89.51677383600008,25.820326738000063],[89.51741765100007,25.80586456800006],[89.50131338300008,25.806083382000054],[89.48861999500008,25.813241238000046],[89.48289084100008,25.833967218000055],[89.47739351200005,25.834755723000058],[89.47470995500004,25.82671676600006],[89.46394018900008,25.829424783000036],[89.45240935800007,25.82279843200007],[89.45455090700005,25.816354621000073],[89.46282117100003,25.822921380000025],[89.46890279700006,25.815526222000074],[89.45988462500009,25.812920031000033],[89.46054799500007,25.788279817000046],[89.45537042400008,25.783914864000053],[89.42939220000005,25.788494487000037],[89.42938980900004,25.79518056200004],[89.38566037100009,25.798109827000076],[89.37060979100005,25.81750757700007],[89.36104489000007,25.817365953000035],[89.33878026100007,25.83175464800007],[89.33480297700004,25.85036317400005],[89.30765497300007,25.86492985700005],[89.28191534700005,25.89608686500003],[89.26472395900004,25.890288944000076],[89.25890721200005,25.89753888900003],[89.23517205500008,25.90454618800004],[89.20151140900003,25.94447086400004],[89.15325488800005,25.954946277000033],[89.11222944100007,25.993604955000023],[89.09491435000007,26.032542240000055],[89.09066666400008,26.06077517800003],[89.09929349100008,26.075887628000032],[89.08913283900006,26.088750744000038],[89.09063909700006,26.115479049000044],[89.10137725800007,26.119341425000073],[89.09820325300007,26.145189909000067],[89.07205350900006,26.17079148600004],[89.05701700400004,26.167911724000078],[89.03707433700004,26.174533358000076],[89.01925746100005,26.191914436000047],[89.03216764500007,26.20214413000008],[89.03593672300008,26.221100749000072],[89.02237473400004,26.22764649100003],[89.01719446100003,26.238139902000057],[89.02747051700004,26.247725777000028],[89.04598527300004,26.240764522000063],[89.05194321600004,26.256106677000048],[89.06232566100005,26.253732933000038],[89.05859180200008,26.293343408000055],[89.04635047000005,26.295734199000037],[89.04508111900003,26.275260178000053],[89.01969510500004,26.289898891000064],[89.02600908200003,26.304166920000057],[89.02259652900005,26.30825960800007],[89.01553748300006,26.30218922100005],[89.01683402600008,26.289494051000077],[89.00763440000009,26.30422238700004],[88.99566409100004,26.290342354000074],[88.98287216300008,26.310182961000066],[88.98500163200003,26.318154222000032],[88.99331541200007,26.31504269800007],[88.99148171200005,26.32244203700003],[89.00090138600007,26.329857696000033],[88.98479219600006,26.334030338000048],[88.98508217700004,26.350043508000056],[88.96052370900009,26.35153207600007],[88.96282637200005,26.336381102000075],[88.95592844000004,26.330108401000075],[88.95205107800007,26.34133411700003],[88.95873168400004,26.34282945800004],[88.94609737800005,26.343979791000038],[88.95807615200005,26.357517077000068],[88.95329986100006,26.366066432000025],[88.94766631500005,26.355963048000035],[88.91188482100006,26.366197972000066],[88.91319758200007,26.374335331000054],[88.92002392400008,26.374688942000034],[88.91208909500006,26.38258862300006],[88.91877254100007,26.39504346500007],[88.91719856400005,26.40327027400008],[88.90989667800005,26.40087094000006],[88.90670578300006,26.406744291000052],[88.92650556600006,26.40689210900007],[88.93122162200007,26.41426525600008],[88.92295459400003,26.42342300300004],[88.93271571000008,26.427566567000042],[88.92614867100008,26.43216364600005],[88.94471786400004,26.42568441900005],[88.95114234400006,26.433716005000065],[88.94613139600006,26.448036520000073],[88.96521691900006,26.451983147000078],[88.95713951500005,26.45953088300007],[88.98320573400008,26.446594453000046],[88.98084768200005,26.426699323000037],[88.99397031200004,26.412897024000074],[88.99839957000006,26.413275284000065],[88.99595959100003,26.41976384700007],[89.00588128800007,26.421524176000048],[89.00716589300004,26.41283469900003],[89.02170567500008,26.414171384000042],[89.02197404900005,26.405868691000023],[89.02798490100008,26.407837266000058],[89.03350641000009,26.395526290000078],[89.06721875200003,26.400108918000058],[89.08726909100005,26.397763646000044],[89.08126577700006,26.39028330700006],[89.09570491600005,26.391528823000044],[89.08835797800003,26.365788664000036],[89.07988697200005,26.366775677000078],[89.09821814300005,26.358189851000077],[89.10016675900005,26.336552340000026],[89.08720414800007,26.323229058000038],[89.09185021800005,26.320416272000045],[89.09673248800004,26.329322184000034],[89.09865138500004,26.324171243000023],[89.10781198400008,26.326691749000076],[89.11267156200006,26.318509438000035],[89.13624486300006,26.32021687500003],[89.13532318300008,26.308869745000038],[89.12901249300006,26.30585954600008],[89.13240809200005,26.298822834000077],[89.12190929000008,26.287594899000055],[89.10824357300004,26.31312698800008],[89.09919529800004,26.30412142800003],[89.10731557900004,26.29932844800004],[89.10491370200003,26.27556734500007],[89.12515959700005,26.263562644000046],[89.11978669000007,26.252728863000073],[89.13934899000003,26.238137702000074],[89.14207466500005,26.214642320000053],[89.14897688900004,26.21034947100003],[89.13548462400007,26.18738836400007],[89.13748157000003,26.176362895000068],[89.15722284700007,26.163289035000048],[89.14845245000004,26.158193554000036],[89.16050183900006,26.13524492600004],[89.19291469300003,26.12387476200007],[89.20284293400005,26.129358328000023]]]]}},{"type":"Feature","id":"madaripur","properties":{"district":"madaripur","source_name":"Madaripur","renamed":false},"geometry":{"type":"Polygon","coordinates":[[[90.28138471800008,23.44650635800008],[90.27136433200008,23.427047365000078],[90.24485486900005,23.42748411200006],[90.23723280000007,23.416778804000046],[90.22054752800005,23.411381191000032],[90.22700376900008,23.39467894200004],[90.24120795400006,23.39411851400007],[90.26435131300008,23.37967287600003],[90.24587284900008,23.37776034700005],[90.23238433800003,23.36053066900007],[90.24837520600005,23.349388110000064],[90.24716767200005,23.34315889900006],[90.22784218200007,23.332282450000037],[90.24392694800008,23.31761163400006],[90.22765474000005,23.26344969300004],[90.23916491800009,23.25365925400007],[90.24166824100007,23.23228741400004],[90.24906795800007,23.23441503600003],[90.24714103400004,23.21811991800007],[90.26653944700007,23.20897033800003],[90.27363971300008,23.195867316000033],[90.27568968500003,23.199584297000058],[90.28602909900007,23.192852465000044],[90.29191809700006,23.146225014000038],[90.30815602200005,23.144533679000062],[90.30882639200007,23.13254803600006],[90.35450269300009,23.138947441000028],[90.34629501700005,23.11863519900004],[90.35320757200003,23.112959402000058],[90.35131831400008,23.092953195000064],[90.33619505400009,23.069693133000044],[90.34878564300004,23.056747049000023],[90.31575086600003,23.052879059000077],[90.31434601400008,23.036934560000077],[90.32944803300006,23.00735108600003],[90.32453422900005,22.988783996000052],[90.31987995900005,22.981461128000035],[90.27107950300007,22.972496041000056],[90.25879264800005,22.964849395000044],[90.25850038500005,22.973396121000064],[90.24743572600005,22.97463612000007],[90.23993447700008,22.966654695000045],[90.23021705300005,22.978689305000046],[90.23836489700005,23.03671611200008],[90.21376615300005,23.06989995600003],[90.20040911200005,23.05414907200003],[90.16497433300003,23.067623285000025],[90.15503667200005,23.052650836000055],[90.13309466600003,23.049725359000035],[90.12614498900007,23.027338792000023],[90.12069448300008,23.02709179900006],[90.11483919900007,23.03396837300005],[90.11080565800006,23.067063048000023],[90.12418185600006,23.065077041000052],[90.12953751700007,23.071721910000065],[90.10838167300005,23.076871081000036],[90.11039356800006,23.10341040700007],[90.11869664900007,23.11147571300006],[90.10904473200009,23.117402930000026],[90.07926946900005,23.113302605000058],[90.07986140300005,23.124937300000056],[90.04232312100004,23.105651437000063],[90.04418763900009,23.12122336400006],[90.01367764800005,23.12922124200003],[90.01183552600008,23.138773050000054],[89.99283081500005,23.131937330000028],[89.98431485900005,23.11053719000006],[89.93645612400007,23.117663813000036],[89.94411816100006,23.157498761000056],[89.96649544900004,23.164535303000036],[89.97141837300006,23.181053707000046],[89.97715691900004,23.181615274000023],[89.98473357700004,23.21823039000003],[89.99631058800009,23.216762051000046],[90.00890260600005,23.234260405000043],[90.01817326500009,23.230456041000025],[90.02342733100005,23.240433703000065],[90.02271954300005,23.254907312000057],[90.03128676700004,23.26428458600003],[90.02123337500007,23.275131203000058],[90.02573160500003,23.305882331000078],[90.03301597800004,23.314644831000066],[90.03117376300008,23.337921936000043],[90.03934310000005,23.339197155000022],[90.06759440400003,23.305185046000076],[90.09288950800004,23.31253130300007],[90.09157530400006,23.326456110000038],[90.10218982200007,23.333576126000025],[90.09860280200007,23.342636390000052],[90.08404766000007,23.349151548000066],[90.08780512200008,23.36691929500006],[90.10122351400008,23.381917400000077],[90.09612887300005,23.38534302100004],[90.09732826300007,23.402925131000075],[90.11162290000004,23.411070721000044],[90.09351702000004,23.411576602000025],[90.11111562900004,23.432509278000055],[90.10589126200006,23.445701663000023],[90.11069281700009,23.456342585000073],[90.12744274400006,23.460198740000067],[90.14161523600006,23.475412713000026],[90.15751860700004,23.46636675900004],[90.16519069000003,23.489835451000033],[90.18200348500005,23.49803725000004],[90.28138471800008,23.44650635800008]]]}},{"type":"Feature","id":"magura","properties":{"district":"magura","source_name":"Magura","renamed":false},"geometry":{"type":"Polygon","coordinates":[[[89.49731996600008,23.579061368000055],[89.49926343500005,23.55805661200003],[89.52303950100008,23.55054504000003],[89.53750409100007,23.53606132300007],[89.53241183400007,23.52871155300005],[89.50144065600006,23.520983382000054],[89.48989551400007,23.50056259200005],[89.49181429500004,23.479152859000067],[89.50762433600005,23.478187972000057],[89.50820970900008,23.506412013000045],[89.52709715300006,23.51299890000007],[89.57239917200008,23.498071120000077],[89.60596144200008,23.47268593700005],[89.60749591900003,23.416497478000053],[89.61759496000008,23.38682453200005],[89.59990025900004,23.377855160000024],[89.60799135900004,23.369971252000028],[89.60320033400006,23.341872866000074],[89.62148328000006,23.310184583000023],[89.64498065700008,23.298926220000055],[89.61765238800007,23.30443874900004],[89.60443249700006,23.312284444000056],[89.60324693400008,23.321242192000057],[89.56004876000009,23.320355686000028],[89.55628443000006,23.308714553000073],[89.53424712600008,23.303177223000034],[89.52447801900007,23.278177937000066],[89.48042776700004,23.29956489400007],[89.48001658800007,23.28583573800006],[89.46351806800004,23.283772059000057],[89.46262173900004,23.26825831900004],[89.45457561300003,23.257199096000022],[89.42557494000005,23.258715976000076],[89.37326745100006,23.290199722000068],[89.36851843300008,23.302244552000047],[89.34404593700003,23.283686172000046],[89.33672869300005,23.303522419000046],[89.32299546500008,23.298648711000055],[89.31906304000006,23.323556361000044],[89.30778538800007,23.318470654000066],[89.28827103400005,23.335869925000054],[89.28372162000005,23.349539849000053],[89.27336010600004,23.354486012000052],[89.27661944000005,23.36525161000003],[89.24389060400006,23.379299450000076],[89.25037044700008,23.382653491000042],[89.24581663100008,23.391035246000058],[89.25204082300007,23.394823811000037],[89.24953848600006,23.403155054000024],[89.25684996800004,23.40377202600007],[89.26088558800006,23.409147459000053],[89.25532502800007,23.41296383100007],[89.27053877700007,23.42872285800007],[89.25604977200004,23.433713270000055],[89.25668804800006,23.441069327000037],[89.28281397600006,23.438021696000078],[89.30308214200005,23.455218884000033],[89.30696231600007,23.48233996600004],[89.29804811200006,23.49734877900005],[89.30842281800005,23.50805520800003],[89.30333688900004,23.513028631000054],[89.30622962100006,23.540789267000036],[89.31436622900009,23.544988731000046],[89.32311968400006,23.565150236000022],[89.33792613600008,23.568035508000037],[89.34515162400004,23.579281039000023],[89.34119551900005,23.588370147000035],[89.34758004200006,23.614412179000055],[89.36045083400006,23.644907794000062],[89.37502490800006,23.66007391000005],[89.36649454600007,23.664118529000064],[89.37515822500006,23.664713145000064],[89.38570057200008,23.676506438000047],[89.41127038700006,23.681866538000065],[89.43951162800005,23.658849920000023],[89.43925805600009,23.64076711100006],[89.48021327300006,23.627453555000045],[89.48212492400006,23.619905911000046],[89.47061362200003,23.597130996000033],[89.48422877700006,23.59276382400003],[89.49731996600008,23.579061368000055]]]}},{"type":"Feature","id":"manikganj","properties":{"district":"manikganj","source_name":"Manikganj","renamed":false},"geometry":{"type":"Polygon","coordinates":[[[90.00759375000007,24.011362161000022],[90.01347731500005,24.007608249000043],[90.02225337500005,24.014759153000057],[90.02555437800004,24.004872731000034],[90.04358123300005,24.00423640200006],[90.04505687300008,23.995989430000066],[90.05643045300008,23.999556838000046],[90.03901480700006,23.982839386000023],[90.04397317800004,23.974055744000054],[90.03910353400005,23.97248091000006],[90.05061323800004,23.96061913400007],[90.07371827900005,23.957658440000046],[90.06346770200008,23.95027450500004],[90.06688461700008,23.92846707700005],[90.07417615100007,23.92689095700007],[90.06664497600008,23.91685596800005],[90.06928266600005,23.906764413000076],[90.08537194000007,23.911392233000072],[90.10800067100007,23.895784583000022],[90.11604749300005,23.875580396000032],[90.14473940900007,23.846605217000047],[90.15051828400004,23.828241624000043],[90.16138073300004,23.83274972600003],[90.17192289500008,23.82766543300005],[90.17165166000007,23.818573916000048],[90.18546173600004,23.81878374000007],[90.20393947900004,23.83079456400003],[90.20326567200004,23.837699685000075],[90.21868125500004,23.840167605000033],[90.23992495900006,23.832156911000027],[90.24583169700009,23.83830946200004],[90.24244620200005,23.784005613000033],[90.21855734600007,23.748314554000046],[90.25568188400007,23.715592273000027],[90.22534592600005,23.70922906800007],[90.20766331200008,23.725311043000033],[90.18960281700004,23.720576850000043],[90.15958962900004,23.725659981000035],[90.15416944800006,23.747692159000053],[90.13652060700008,23.745416722000073],[90.11270020200004,23.716958186000056],[90.10083743600006,23.730076174000033],[90.08449204800007,23.729504489000078],[90.08124466100008,23.71745945500004],[90.05597594900007,23.727240075000054],[90.04032530900008,23.70493871000008],[90.03775411400005,23.685202866000054],[90.02618640700007,23.671744215000047],[90.01828543100004,23.670997889000034],[90.02061330300006,23.65873393800007],[90.00715939800006,23.644709508000062],[90.00769718900006,23.634942220000028],[89.93809272500005,23.653874048000034],[89.92084687500005,23.668474423000077],[89.89770255200006,23.673691392000023],[89.85540335500008,23.730870762000052],[89.78210195300005,23.79634174000006],[89.77094028600004,23.83329234000007],[89.73274126100006,23.83536815800005],[89.70383132300003,23.877096608000045],[89.69681070400009,23.867219530000057],[89.70231088300005,23.89552487900005],[89.69542138200006,23.92391880100007],[89.68462387700004,23.925678658000038],[89.68671829100003,23.93996591000007],[89.69271246100004,23.942608687000074],[89.69339573300005,23.987298002000045],[89.70644074800003,24.003753251000035],[89.73288058700007,24.019423492000044],[89.76589026000005,24.023654907000036],[89.78520477000006,24.035247347000052],[89.78586038000003,24.011083497000072],[89.77667032500005,23.987529342000073],[89.76461166900003,23.978002525000022],[89.77662751500009,23.97440924400007],[89.78679858800007,23.987328106000064],[89.79398141200005,23.986453881000045],[89.79270440000005,23.979117334000023],[89.80247981800005,23.979602734000025],[89.80653605000003,23.973006379000026],[89.81878397300005,23.98220611000005],[89.82690210900006,23.981048616000066],[89.85538670200003,23.963593686000024],[89.86896418900005,23.971329694000076],[89.86619071200005,23.99123407600007],[89.87649988400005,23.99417089900004],[89.88221138600005,23.97043945300004],[89.89242538400003,23.969915169000046],[89.88932269600008,23.979898825000078],[89.90465266500007,23.987544859000025],[89.90704651800007,23.99862790800006],[89.91403279600007,23.99460693900005],[89.93747821600004,24.005619137000053],[89.93026467300007,23.997129562000055],[89.93511742300007,23.997290887000077],[89.93803491200003,24.003814586000033],[89.94696571700007,24.004192213000067],[89.93871014900003,24.011820906000025],[89.94733739000009,24.01652996300004],[89.94844231300004,24.028268421000064],[89.96490396800004,24.01411319600004],[89.96851051100003,24.03046532700006],[89.97924461800005,24.033573149000063],[89.98526689200008,24.018010574000073],[89.97633294400003,24.01721235100007],[89.97733045200005,24.011623738000026],[89.98852091200007,24.009441980000076],[89.99231521600007,24.001559792000023],[90.00646498300006,24.002121548000048],[90.00759375000007,24.011362161000022]]]}},{"type":"Feature","id":"maulvibazar","properties":{"district":"maulvibazar","source_name":"Maulvibazar","renamed":false},"geometry":{"type":"Polygon","coordinates":[[[91.82069204000004,24.209373154000048],[91.78900032200005,24.22106176500006],[91.74497450800004,24.24708623300006],[91.75746980000008,24.141311169000062],[91.72832924300008,24.143407074000038],[91.70213154600003,24.164021518000027],[91.68817176700009,24.162324505000072],[91.67665971800005,24.200432212000067],[91.66660138600008,24.212324934000037],[91.66534360000009,24.23365543700004],[91.64767004600003,24.21862636000003],[91.66006899200005,24.189667689000032],[91.65747632900008,24.17968789200006],[91.64133952800006,24.176584650000052],[91.64118793800009,24.18796027700006],[91.62949746300006,24.199621715000035],[91.61558893600005,24.23175814800004],[91.61432724600007,24.28668317900008],[91.63162143000005,24.311514871000043],[91.63118650100006,24.334934279000038],[91.62049769300006,24.360341720000065],[91.62394022300003,24.364637925000068],[91.60328374200003,24.362484735000066],[91.60163876800004,24.415464436000036],[91.62035841600004,24.415949157000057],[91.61787011700005,24.439512216000026],[91.60740921100006,24.44175585000005],[91.61465188700004,24.503952969000068],[91.62161973900004,24.517724801000043],[91.63548986600006,24.520083543000055],[91.63997778900006,24.53564759900007],[91.63519233100004,24.543920177000075],[91.64560089300005,24.541419808000057],[91.65421969300007,24.54750881900003],[91.64117346500007,24.556470757000056],[91.64395371700004,24.566122627000027],[91.63539932600008,24.564588206000053],[91.62419762400003,24.578100950000078],[91.63000692900005,24.58709397100006],[91.62163382000006,24.590056264000054],[91.60983157300006,24.583011397000064],[91.61311338900003,24.594991458000038],[91.62132517700007,24.60188398500003],[91.63217134700005,24.588429989000076],[91.63124437900007,24.594526314000063],[91.64545673300006,24.59643197400004],[91.66049250900005,24.59214109000004],[91.66757746600007,24.607490170000062],[91.66159106800006,24.62787701800005],[91.67504173200007,24.631196647000024],[91.68581950900005,24.605176347000054],[91.72459557500008,24.593626796000024],[91.74850669600005,24.598123271000077],[91.77056027600008,24.624620030000074],[91.78121127200006,24.626527976000034],[91.78363535700004,24.643299452000065],[91.79482476800007,24.646252928000024],[91.79961441900008,24.63744799500006],[91.82860440000007,24.653657671000076],[91.84826351400005,24.644837223000025],[91.86630951600006,24.65747239700005],[91.88483988100006,24.65693916300006],[91.89069566900008,24.646155692000036],[91.90235453900004,24.65194354700003],[91.90290966000003,24.66342786200005],[91.92280430900007,24.65244894600005],[91.92982293000006,24.659504231000028],[91.96408418700008,24.645450871000037],[91.96645402800004,24.638931494000076],[91.99580326700004,24.654804633000026],[92.02944943800009,24.652591760000064],[92.03480314000007,24.68830057300005],[92.02992805900004,24.698283652000043],[92.03885390700003,24.706480592000048],[92.04888389400008,24.69745554700006],[92.05965299700006,24.71021376400006],[92.05749106400003,24.728461319000075],[92.06313481700005,24.718532305000053],[92.07568096200004,24.717931469000064],[92.08047012700007,24.723547410000037],[92.08401544800006,24.748237674000052],[92.07725632300009,24.749213431000044],[92.07731792600003,24.76476653000003],[92.09292599100007,24.76486176000003],[92.09936346400008,24.75662320200007],[92.11459767600007,24.764409450000073],[92.12710475500006,24.760296925000034],[92.17446042500006,24.773481438000033],[92.19234955100006,24.768107204000046],[92.19824502700004,24.777959028000055],[92.19343389800008,24.798428039000044],[92.20087123100006,24.806973482000046],[92.20333379100003,24.802499863000037],[92.21314268600008,24.813209441000026],[92.24354921600008,24.81951795200007],[92.23731335300005,24.830945800000052],[92.24857437900005,24.83598525900004],[92.24924461300003,24.830146841000044],[92.27190786000006,24.82810416500007],[92.27349835600006,24.799314587000026],[92.28883247100003,24.784631638000064],[92.28015385100008,24.766331064000042],[92.28886171400006,24.761162281000054],[92.27962959100006,24.744489892000047],[92.29588223900004,24.73663313800006],[92.25433826300008,24.678179860000057],[92.23529115400004,24.597638484000072],[92.23083358900004,24.53022829300005],[92.22336310400004,24.517295716000035],[92.20878977400008,24.504265771000064],[92.16939743200004,24.531877145000067],[92.15990808200007,24.529045217000032],[92.15133406200005,24.496147024000038],[92.16724221600003,24.43490707600006],[92.16523726600008,24.420178231000023],[92.13669930100008,24.42509768000008],[92.13453367000005,24.406845136000072],[92.12008334100005,24.392465790000074],[92.12287347800003,24.38415083600006],[92.10084961400008,24.38061461600006],[92.09031217600005,24.372036098000024],[92.04501233300005,24.375203792000036],[92.01986964900004,24.386665747000052],[92.00997794400007,24.381879226000024],[91.99918269400007,24.39240441000004],[91.98467611600006,24.376746206000064],[91.97035001400008,24.384657253000057],[91.96711720400003,24.379040905000068],[91.98425984700003,24.35962302100006],[91.97814581200004,24.357807877000027],[91.99678056200008,24.336944845000062],[91.99585731400003,24.322179034000044],[91.97704300400005,24.327567870000053],[91.95774762800005,24.356199858000025],[91.94029145400003,24.343135480000058],[91.91989658800009,24.33760118300006],[91.94074254600008,24.268238576000044],[91.90570151800006,24.138815699000077],[91.88456388400004,24.138759407000066],[91.87396839300004,24.174004413000034],[91.84816361700007,24.18491286400007],[91.84371391000008,24.200262848000023],[91.85168077500003,24.213262342000064],[91.84407629900005,24.226278947000026],[91.82069204000004,24.209373154000048]]]}},{"type":"Feature","id":"meherpur","properties":{"district":"meherpur","source_name":"Meherpur","renamed":false},"geometry":{"type":"Polygon","coordinates":[[[88.85896465900004,23.832656085000053],[88.85077532900004,23.832691201000046],[88.83165292400008,23.813026851000075],[88.81884949600004,23.772567871000035],[88.79205281700007,23.772414773000037],[88.78652562900004,23.742441246000055],[88.77884351800003,23.73255867100005],[88.78411403600006,23.71738811000006],[88.77377880000006,23.699766628000077],[88.74651512300005,23.694878519000042],[88.73798383400003,23.684026476000042],[88.69694154700005,23.66525398400006],[88.69185757700006,23.654979979000075],[88.68733028000008,23.659699990000036],[88.68018298900006,23.648233532000063],[88.65427383700006,23.65043451400004],[88.64269976100007,23.630761059000065],[88.64255429300005,23.62457689300004],[88.64813543800005,23.62410238500007],[88.63511301900007,23.615286385000047],[88.63705290400009,23.60687644500007],[88.60927298200005,23.600505526000063],[88.60145512600008,23.606980016000023],[88.59715928300005,23.602070690000062],[88.58003167000004,23.603060975000062],[88.58527356700006,23.616560443000026],[88.59378296100004,23.616988825000078],[88.59371318000007,23.64091393900003],[88.56215880100007,23.637184456000057],[88.55819021100007,23.64924749900007],[88.57382417900004,23.666752230000043],[88.56513672100004,23.71382303400003],[88.57657250700004,23.733086510000078],[88.57365343000004,23.73822890200006],[88.57199407500008,23.733867789000044],[88.57245280100005,23.747705191000023],[88.58037374800006,23.758036333000064],[88.57969306300004,23.773091176000037],[88.56498554300003,23.77743163400004],[88.55935846500006,23.78630184900004],[88.57887879000003,23.78751509700004],[88.58212737500008,23.797794243000055],[88.59304705100004,23.799980309000034],[88.58758035900007,23.810599593000063],[88.60101670100005,23.81444962000006],[88.58698482600005,23.829541905000042],[88.59021214100005,23.853946979000057],[88.57692597300007,23.852103596000063],[88.57528536400008,23.861722533000034],[88.58245571100008,23.862618895000026],[88.58400651200003,23.869704800000022],[88.60847014300003,23.86308260100003],[88.60931883500007,23.87368549300004],[88.61949540900008,23.87695496300006],[88.62593264300006,23.865280752000047],[88.63839124400005,23.871436577000054],[88.65414259900007,23.86557177800006],[88.66754045700009,23.86959540500004],[88.66423952000008,23.882498502000033],[88.68418572700006,23.890271230000053],[88.68837410500004,23.90157221800007],[88.70534635600006,23.900711709000063],[88.69950264400006,23.911064660000022],[88.70761034300006,23.91637125400007],[88.73338383700008,23.91108295500004],[88.73471610600006,23.931317230000047],[88.74206368800003,23.933346070000027],[88.73447778400003,23.962985308000043],[88.76338884100005,23.969309487000032],[88.77894307400004,23.948256843000024],[88.78393749900005,23.969555537000076],[88.80006548300008,23.976340073000074],[88.80953535900005,23.967046354000047],[88.81568631100004,23.927705270000047],[88.82693450000005,23.937882743000046],[88.84271238300005,23.93765866700005],[88.87318206100008,23.909261137000044],[88.87536486800008,23.895694608000042],[88.86724135200006,23.88559953600003],[88.83782308500008,23.881473017000076],[88.85356917400009,23.87045837200003],[88.87199526700005,23.879035955000063],[88.88480809400005,23.87396509100006],[88.86462270900006,23.853842504000056],[88.85896465900004,23.832656085000053]]]}},{"type":"Feature","id":"munshiganj","properties":{"district":"munshiganj","source_name":"Munshiganj","renamed":false},"geometry":{"type":"Polygon","coordinates":[[[90.43019340800004,23.608605170000033],[90.44182329700004,23.585787651000032],[90.42898407300004,23.566589656000076],[90.44250909200008,23.55262672200007],[90.45375030400004,23.550594156000045],[90.48582612500007,23.570732684000063],[90.51831715700007,23.57307840200008],[90.54531506100005,23.56053234600006],[90.56492294300006,23.534392593000064],[90.57633940700003,23.534056044000067],[90.57891017000009,23.541420481000046],[90.55910745900007,23.574643619000028],[90.56029552000007,23.589041187000078],[90.57356948600005,23.59726089700007],[90.60721246100007,23.599841060000074],[90.62995024400004,23.620819235000056],[90.65305367500008,23.62040421200004],[90.66716696800006,23.592483731000073],[90.64653366700009,23.588322344000062],[90.64696543700006,23.576062372000024],[90.66738746900006,23.571765206000066],[90.68728279500004,23.557371145000047],[90.71066010500004,23.50782196700004],[90.68241741300005,23.489565981000055],[90.64166966600004,23.503678012000023],[90.61302998800005,23.490430751000076],[90.60141185000003,23.498070752000046],[90.57612541400005,23.49571168500006],[90.57715957700003,23.48509788900003],[90.58428423200007,23.480163232000052],[90.57755973600007,23.470589394000058],[90.57775700900004,23.45207619300004],[90.54146524100008,23.398249175000046],[90.53868894100003,23.37934916200004],[90.49846092000007,23.40442050300004],[90.43095525500007,23.416242020000027],[90.43050710600005,23.406679136000037],[90.40615611700008,23.400421851000033],[90.36606806300006,23.42720525200008],[90.32136224800007,23.438112670000066],[90.30243300500007,23.451460501000042],[90.28138471800008,23.44650635800008],[90.18200348500005,23.49803725000004],[90.15825715400007,23.522147180000047],[90.17677327500007,23.52754247300004],[90.18153426600009,23.540445541000054],[90.17716190100003,23.55575845800007],[90.20516079100008,23.56605309300005],[90.20860719000007,23.588815719000024],[90.22059937500006,23.595135095000046],[90.22619784100004,23.613551088000065],[90.24116859300005,23.633363904000078],[90.24729095200007,23.63349201500006],[90.24960533100005,23.654479224000056],[90.26848574800005,23.653277375000073],[90.28618321000005,23.673856036000075],[90.33825401600006,23.638630999000043],[90.35096951300005,23.637565685000027],[90.36825592800005,23.652653041000065],[90.39035931600006,23.649901595000074],[90.43019340800004,23.608605170000033]]]}},{"type":"Feature","id":"mymensingh","properties":{"district":"mymensingh","source_name":"Mymensingh","renamed":false},"geometry":{"type":"Polygon","coordinates":[[[90.61403511100008,25.174205678000078],[90.61514990000006,25.15582084700003],[90.60601447800008,25.138691227000038],[90.61086498900005,25.129571214000066],[90.60100022100005,25.11500665600005],[90.60011052100003,25.09415550800003],[90.58930920700004,25.083999706000043],[90.59543146400006,25.076472971000044],[90.59029176600006,25.061551524000038],[90.59760651200008,25.070427167000048],[90.60740834500007,25.07017685900007],[90.60504523800006,25.06092885000004],[90.61138928000008,25.052316305000033],[90.60498737400007,25.05166690300007],[90.60327130700006,25.04285419300004],[90.60701727500003,25.02864647900003],[90.59121770800004,25.03381031600003],[90.58579773300005,25.026805798000055],[90.55013868500004,25.041755471000045],[90.54604808000005,25.033440728000073],[90.53541489500003,25.03564287100005],[90.53293751000007,25.030795426000054],[90.54663970600006,25.023928488000024],[90.54052104400006,25.01229763500004],[90.52461006600004,25.029333827000073],[90.51601747600006,25.02412316500005],[90.51200158600005,25.030732993000072],[90.50561955800003,25.019278815000064],[90.50109578500008,25.031961675000048],[90.49425317300006,25.022048323000035],[90.50411216700007,25.016786886000034],[90.49274742200004,25.00455137600005],[90.50331023000007,25.001494597000033],[90.50349208500006,24.98486575000004],[90.51042919900004,24.986804094000036],[90.51623060100007,24.977140723000048],[90.52284843700005,24.979489943000033],[90.51277965800006,24.960426733000077],[90.51609024000004,24.94675085600005],[90.53039602100006,24.951501145000066],[90.52747398000008,24.94165420400003],[90.54399039100008,24.937394295000047],[90.53375481600006,24.92652638000004],[90.54108517600008,24.90674237500008],[90.53458838500006,24.891576735000058],[90.54285897400007,24.885248860000047],[90.56814689500004,24.885723702000064],[90.57226491500006,24.856978579000042],[90.55927283000005,24.843472718000044],[90.57340391000008,24.838475225000025],[90.57885999600006,24.84430744900004],[90.58805276500004,24.842248040000072],[90.58812043500006,24.834838362000028],[90.56339681400004,24.811615302000064],[90.57870195700008,24.822153726000067],[90.58204818300004,24.811637026000028],[90.60078183400003,24.809620152000036],[90.60757598600009,24.81440062400003],[90.62463853700007,24.79545657500006],[90.64224459700006,24.79830755000006],[90.64874125000006,24.791486495000072],[90.66980884700007,24.80267399400003],[90.71131162300009,24.797991809000052],[90.70555743800008,24.786627047000025],[90.72055527900005,24.781009468000036],[90.72174077500006,24.772404020000067],[90.70976313100005,24.767197891000023],[90.69832723900004,24.77423994800006],[90.69585656400005,24.757436832000053],[90.71508934100007,24.75272409300004],[90.71479840900008,24.743031820000056],[90.72164717800007,24.742612929000074],[90.72421109400005,24.730911613000046],[90.70859665200004,24.729918860000055],[90.69600303100003,24.71468034800006],[90.69585031900004,24.700099245000047],[90.70532097200004,24.699597837000056],[90.70899262700004,24.69268418100006],[90.70062631000008,24.675679510000066],[90.72202203300003,24.649185911000075],[90.73019038100006,24.652906780000023],[90.74074150000007,24.649002259000042],[90.74353562700009,24.637863846000073],[90.75797626500008,24.637681113000042],[90.75695954500009,24.610467062000055],[90.77300636500007,24.60874747400004],[90.77669186500003,24.61659118800003],[90.78317981400005,24.607467776000078],[90.79462711500008,24.60498462100003],[90.79201323500007,24.578505132000032],[90.81418321900009,24.58087781200004],[90.81996583300008,24.588018232000024],[90.81931121400004,24.573929950000036],[90.80994419700005,24.565653373000032],[90.81517103900006,24.56058979100004],[90.81117620400005,24.54792546300007],[90.80415665200007,24.546354964000045],[90.80170111300004,24.537880468000026],[90.80520664200003,24.531223905000047],[90.79236723600008,24.51804260600005],[90.79369283900007,24.507794846000024],[90.75856621400004,24.511009384000033],[90.75418473100007,24.503231734000053],[90.74225946100006,24.508627182000055],[90.73608921500005,24.486066218000076],[90.72248013600006,24.474061568000025],[90.71404293300003,24.49402251400005],[90.70447809400008,24.50085729500006],[90.70274620700008,24.517659648000063],[90.68250772100004,24.50282430900006],[90.68539116000005,24.488509546000046],[90.67783275000005,24.48022294200007],[90.67761648200008,24.466899802000057],[90.66323614500004,24.467030196000053],[90.64759362500007,24.477823969000042],[90.63632561100007,24.47591315300008],[90.63726000800006,24.481182438000076],[90.63201708100007,24.478654213000027],[90.60284609800004,24.498922589000074],[90.58823601700004,24.49690636400004],[90.57532708800005,24.483916902000033],[90.57549012600003,24.468091408000078],[90.58743876300008,24.448073962000024],[90.63468863500003,24.434164800000076],[90.64584817500008,24.416718997000032],[90.64206849800007,24.385603462000063],[90.61792401800005,24.33885195000005],[90.64113998400006,24.305754148000062],[90.64929343300008,24.257987849000074],[90.62241755700006,24.268610267000042],[90.57232972100007,24.246738507000032],[90.54414230400005,24.266160909000064],[90.54432986400008,24.27593317700007],[90.52106272400005,24.287702955000043],[90.52901084500007,24.303294788000073],[90.48902380600003,24.313616065000076],[90.45855812100007,24.338443531000053],[90.44340939800009,24.341081804000055],[90.42643080700003,24.330487064000067],[90.42811660600006,24.310199685000043],[90.40973757800003,24.29701025600008],[90.40389488700004,24.284280242000023],[90.39282556100005,24.281613237000045],[90.37963485000006,24.290428574000032],[90.36457301500008,24.281129856000064],[90.35685814400006,24.28914140300003],[90.35928419800007,24.30013709800005],[90.34868041600004,24.294460984000068],[90.32441531700005,24.299009237000064],[90.29049776800008,24.27777491200004],[90.28113166200006,24.287204381000038],[90.26228285700006,24.290610387000072],[90.24789516800007,24.33330422800003],[90.23362570700004,24.334800761000054],[90.22946855400005,24.345531367000035],[90.24901177300006,24.415266544000076],[90.23091710000006,24.418983594000053],[90.20961273200004,24.458345833000067],[90.22235241800007,24.46154858700004],[90.24354355900005,24.481354732000057],[90.23481364700007,24.486676956000053],[90.22662972000006,24.483669468000073],[90.21418152400008,24.49954510200007],[90.20708394100006,24.49733093800006],[90.20789217200007,24.509779494000043],[90.19269294200006,24.513676528000076],[90.18746029400006,24.522068501000035],[90.17367726600008,24.518853897000042],[90.16880900500007,24.538068171000077],[90.16125539900008,24.536689506000073],[90.15239300800005,24.55000974400008],[90.14606436000008,24.56716885900005],[90.15013349900005,24.575530437000054],[90.13972782700006,24.575701325000068],[90.12473847800004,24.596311159000038],[90.13041350100008,24.61762662900003],[90.14423784000007,24.623604224000076],[90.14808398200006,24.634901832000025],[90.12670018900008,24.71870979700003],[90.13241375600006,24.734886451000023],[90.09047325300008,24.737119611000026],[90.08864054500003,24.75215640500005],[90.09626213300004,24.75773991500006],[90.07577902900005,24.787873767000065],[90.09047140200005,24.789612057000056],[90.10304559500008,24.78251652700004],[90.12459912700007,24.78910661900005],[90.13906526900007,24.77909272200003],[90.14358060000006,24.789671576000046],[90.15870277000005,24.793240643000047],[90.15883677600004,24.812274700000046],[90.16863215400008,24.826687622000065],[90.18935151900007,24.828995728000052],[90.18053839400005,24.840151863000074],[90.18699949900008,24.842299583000056],[90.18706613800003,24.85514824100005],[90.19873868100007,24.858020930000066],[90.19605944500006,24.864607157000023],[90.18253000100003,24.863631989000055],[90.20077635200005,24.875332316000026],[90.19492591200003,24.885258668000063],[90.22155257400004,24.881060368000078],[90.23862558600007,24.891761488000043],[90.24557641000007,24.924993010000037],[90.23204074900008,24.943747649000045],[90.23585715800004,24.948328933000028],[90.25773263900004,24.94546199000007],[90.25491681100004,24.957399262000024],[90.24125388800007,24.96244842300007],[90.24331346700006,24.967269403000046],[90.23737475000007,24.969559919000062],[90.23531657800004,24.964563877000046],[90.22641519900003,24.97121331900007],[90.24115279000006,25.008715632000076],[90.23224353100005,25.041982833000077],[90.25071457000007,25.063248583000075],[90.25864335800009,25.06292002500004],[90.26475739000006,25.05149741200006],[90.28163839500007,25.058257698000034],[90.28445892200006,25.078850361000036],[90.30484343500007,25.079078001000028],[90.29806703800006,25.09011746500005],[90.28663163400006,25.082503169000063],[90.27705162800004,25.093762121000054],[90.26262673600007,25.097808275000034],[90.26548937200005,25.136898202000054],[90.26984462200005,25.138301418000026],[90.25966138500007,25.16264552900003],[90.26421526100006,25.196392522000053],[90.31035707500007,25.188875542000062],[90.33017654700006,25.193889969000054],[90.37053634100005,25.162933500000065],[90.40440638800004,25.160046368000053],[90.44098050800005,25.144625759000064],[90.48583160800007,25.16118974400007],[90.49930096600008,25.17193755200003],[90.50982725700004,25.169719886000053],[90.50901351200008,25.17544035000003],[90.61403511100008,25.174205678000078]]]}},{"type":"Feature","id":"naogaon","properties":{"district":"naogaon","source_name":"Naogaon","renamed":false},"geometry":{"type":"Polygon","coordinates":[[[88.92302151900003,25.165007159000027],[88.92031686300004,25.14591781300004],[88.92831574300004,25.14231763300006],[88.92181771500003,25.130380271000035],[88.94021575400006,25.11451179100004],[88.94153504100007,25.098399206000067],[88.93107793300004,25.07309652200007],[88.93878304700007,25.057184361000054],[88.94439400800007,25.057912333000047],[88.94301506300008,25.03956518700005],[88.95570495300007,25.028880256000036],[88.95328724000007,25.05519005600007],[88.98223868300005,25.055652593000048],[88.98568947200005,25.048689095000043],[89.01652901700004,25.047290789000044],[89.00946378400005,25.033395968000036],[89.01869731500005,25.026244860000077],[89.00966994500004,25.021873602000028],[89.01627129200006,25.015011525000034],[89.00928245000006,25.008102111000028],[89.01206813400006,24.982289466000054],[89.00004410200006,24.97294577100007],[89.00426398600007,24.93077415700003],[88.99980180200004,24.91187194400004],[89.00751920200008,24.89920982900003],[88.99091376200005,24.878818445000036],[88.99448805800006,24.868337935000056],[88.99002747700007,24.859442787000035],[88.97417975700006,24.84867948300007],[88.97922841400003,24.829331379000052],[88.98799825300006,24.825661425000078],[88.96990637500005,24.82332259800006],[88.97330269800005,24.80914784600003],[88.98218487300005,24.80458833000006],[88.97264515500007,24.787826928000072],[88.97490739000006,24.77280498500005],[88.96633634500006,24.764226935000067],[88.96364447400003,24.743352403000074],[88.97335538000004,24.738968876000058],[88.98005984100007,24.747109394000063],[88.98884526000006,24.74345849900004],[88.99724351300006,24.766351506000035],[89.01344462200007,24.765435253000078],[89.02125907700008,24.779995837000058],[89.03755055700003,24.78096556500003],[89.04906645200003,24.790543307000064],[89.05482065000007,24.780757262000066],[89.06002501400008,24.786439251000047],[89.07165880800005,24.78193387500005],[89.07721040800004,24.789137976000063],[89.08870167100008,24.78222032700006],[89.08184642000003,24.764439362000076],[89.09619948300008,24.75119391800007],[89.08412761400007,24.741765929000053],[89.09657134900004,24.735146841000073],[89.08432015800008,24.72087055000003],[89.09853138000005,24.72583833300007],[89.10713306500008,24.715310792000025],[89.12088006600004,24.71463057400007],[89.11645127900005,24.72434088800003],[89.13095097300004,24.716766345000053],[89.12354214400006,24.730973852000034],[89.13326350900007,24.742453203000025],[89.13607135300003,24.732468356000027],[89.15089775400008,24.737594517000048],[89.14508331800005,24.714460023000072],[89.13156595800007,24.702891769000075],[89.13856319300004,24.690295664000075],[89.13523677900008,24.65445496600006],[89.12040110700008,24.652445852000028],[89.11540492800003,24.63870143500003],[89.09799875400006,24.637917319000053],[89.10185382700007,24.621173998000074],[89.09511184500008,24.594761680000033],[89.10448456000006,24.586766646000058],[89.10391548600006,24.562462667000034],[89.09798388800004,24.558471719000067],[89.09823414400006,24.541597154000044],[89.09222780100004,24.537991625000075],[89.08476947400004,24.544578658000034],[89.07909382400004,24.53332031900004],[89.06210647400007,24.538166851000028],[89.05258753800007,24.534225754000033],[89.02501595600006,24.557936642000072],[89.00955487900006,24.551224713000067],[89.00463070400008,24.555658578000077],[89.00949221200005,24.565603043000067],[88.97320527600004,24.58439069600007],[88.95467319800008,24.579142241000056],[88.93355235400008,24.588658087000056],[88.90957551600007,24.643229012000063],[88.88899080400006,24.638256011000067],[88.87870678200005,24.64256847100006],[88.88091646700008,24.63641204700008],[88.85464132700008,24.658431247000067],[88.82265779900007,24.65287420900006],[88.81089016900006,24.65805864300006],[88.81332323900006,24.674925590000043],[88.80544371100007,24.675730028000032],[88.79747192600007,24.686593569000024],[88.76805240500005,24.667539517000023],[88.74266559700004,24.683464881000077],[88.73534555900005,24.663774751000062],[88.72849158400004,24.666196228000047],[88.72483103700006,24.659721090000062],[88.71416414800007,24.66747054600006],[88.70027420000008,24.65993846500004],[88.70349679500004,24.64785473300003],[88.69518065500006,24.639835754000046],[88.70250714600007,24.63827036400005],[88.70631252000004,24.62874649500003],[88.69804326700006,24.630871134000074],[88.69593311400007,24.62537497900007],[88.69418646800005,24.63315842000003],[88.68267188300007,24.637004110000078],[88.65681665100004,24.62412998800005],[88.64914395200003,24.631342244000052],[88.64607218000003,24.62143471400003],[88.63596462900006,24.618120270000077],[88.63087177100005,24.62769369700004],[88.63624004500008,24.631569472000024],[88.62988994100004,24.63138814900003],[88.62360976600007,24.64528084600005],[88.63014671300004,24.652169421000053],[88.62962284800005,24.670309623000037],[88.62037986900003,24.701792153000042],[88.59352243000006,24.69843489400006],[88.59136741700007,24.686650050000026],[88.57834019300003,24.67623505000006],[88.57118262100005,24.680876676000025],[88.58235753700006,24.697973165000064],[88.57601969200005,24.69629740700003],[88.56796668900006,24.70487911400005],[88.54771231400008,24.70059288300007],[88.51860941900009,24.70809637700006],[88.50556983200005,24.718630889000053],[88.50914053900004,24.73470619400007],[88.49366551800006,24.739069030000053],[88.48895454900008,24.73353566800006],[88.46256363600008,24.731956376000028],[88.46549731900006,24.747440749000077],[88.45542598900005,24.749891442000035],[88.45827604800007,24.75853420800007],[88.47518202400005,24.758740551000074],[88.47591280300009,24.74694038800004],[88.48530235100003,24.74412473900003],[88.49321674000004,24.748283005000076],[88.48964307100005,24.756735803000026],[88.49459261600003,24.771770496000045],[88.47934015900006,24.772843806000026],[88.47315433800009,24.762628480000046],[88.45266109100004,24.77747789400007],[88.41243649300009,24.76883850300004],[88.41791997600006,24.781124313000078],[88.43096394800006,24.784077593000063],[88.43004267700007,24.793574559000035],[88.43565921800007,24.805819429000053],[88.44118167200008,24.80483759200007],[88.44733588900004,24.82588213200006],[88.43589118700004,24.81799885500004],[88.42627292100008,24.824957046000065],[88.41272058800007,24.823678923000045],[88.41309756000004,24.830438961000027],[88.42158858900007,24.83088777300003],[88.41763354000005,24.83740053400004],[88.39411456200008,24.81809551200007],[88.38333165600005,24.821572874000026],[88.38420268200008,24.82866331100007],[88.40192112400007,24.830056913000078],[88.39891669700006,24.837612],[88.41347468100008,24.847931208000034],[88.43662239000008,24.83961220300006],[88.44180040500004,24.846526769000036],[88.45740954300004,24.845860882000068],[88.45042517900004,24.861508428000036],[88.47403117900006,24.844373572000052],[88.47565378200005,24.862151821000054],[88.49454620800003,24.880582076000053],[88.48478123100006,24.898944682000035],[88.49420192500008,24.907613352000055],[88.49033117000005,24.92713378600007],[88.47073910800003,24.93779331500008],[88.45326892700007,24.93140491400004],[88.45799424400008,24.91811051600007],[88.43983596700008,24.920726263000063],[88.43192784700005,24.92866391800004],[88.43416912800006,24.96086755700003],[88.42298692900005,24.96612518200004],[88.39951476500005,24.95967126200003],[88.39511187100004,24.96470762000007],[88.40473320400008,24.979649935000054],[88.41739495200005,24.974967568000068],[88.41177305800005,24.985422957000026],[88.415275,24.99836975100004],[88.42202086900005,25.007039587000065],[88.43608813000003,25.00622126600007],[88.44193150500007,25.01328883900004],[88.43880081200007,25.022655158000077],[88.45262173700007,25.037062502000026],[88.43777218900004,25.043177055000058],[88.43537026900003,25.050434705000043],[88.45105772300008,25.07529122400007],[88.44135006100004,25.127643496000076],[88.46000113000008,25.140065639000056],[88.45922429000007,25.160965013000066],[88.44290599000004,25.174356559000046],[88.44693320500005,25.197598034000066],[88.46337065900008,25.195024302000036],[88.47543225000004,25.21348273800004],[88.49909937500007,25.21049384300005],[88.50059646900007,25.20340783900008],[88.53675839800007,25.196577743000034],[88.53392272600007,25.188080427000045],[88.54802940100006,25.195317052000064],[88.55756866600007,25.19271677100005],[88.55556200900008,25.17906557300006],[88.56480780500004,25.17461496800007],[88.57957488800008,25.176907404000076],[88.59066430600006,25.192270664000034],[88.60399913700007,25.194420962000038],[88.61225960300004,25.203580441000042],[88.64281649700007,25.20642788400005],[88.67266473400008,25.198528141000054],[88.67999565200006,25.209020483000074],[88.70448215700009,25.208287520000056],[88.73333643900008,25.20001737000007],[88.73453353800005,25.18469882100004],[88.74261842700008,25.18678324900003],[88.75000606400005,25.17705718800005],[88.75909349400007,25.185796482000057],[88.76695924400008,25.183256463000077],[88.76931884900006,25.189913218000072],[88.77360850400004,25.179465253000046],[88.80584010400008,25.170549236000056],[88.81334300600008,25.17436163800005],[88.81785902500008,25.188992445000054],[88.82691938200009,25.19258994300003],[88.83041635800004,25.205453159000058],[88.84370693500006,25.213918813000078],[88.84967909800008,25.201855841000054],[88.86487738300008,25.200702310000054],[88.86407381600009,25.190238845000067],[88.87388941100005,25.19157271100005],[88.87582266600003,25.17897222600004],[88.88981656600004,25.178469329000052],[88.88936558100005,25.184757408000053],[88.91092701600007,25.180413421000026],[88.91233034600003,25.16806454400006],[88.92302151900003,25.165007159000027]]]}},{"type":"Feature","id":"narail","properties":{"district":"narail","source_name":"Narail","renamed":false},"geometry":{"type":"Polygon","coordinates":[[[89.60443249700006,23.312284444000056],[89.63028753900005,23.289994148000062],[89.64921669000006,23.289719200000036],[89.66881717900009,23.278813694000064],[89.64801109700005,23.272415323000075],[89.63682950500004,23.261615068000026],[89.63298246100004,23.237685886000065],[89.64183393300004,23.232456367000054],[89.66841590700005,23.244875423000053],[89.68555500300005,23.227228253000078],[89.68801293900003,23.210391351000055],[89.67903090900006,23.183265213000027],[89.68990979800003,23.16350705900004],[89.69605733700007,23.162023473000033],[89.73250347900006,23.186191991000044],[89.75174300300006,23.187794729000075],[89.76339227700004,23.182134138000038],[89.76348677100003,23.17562468500006],[89.73227879500007,23.168203581000057],[89.73017671700006,23.158450278000032],[89.74166769600004,23.14229374200005],[89.73856955400004,23.12959853900003],[89.70485967400003,23.113499869000066],[89.68620298400003,23.132758973000023],[89.67748288700005,23.132859378000035],[89.67261421200004,23.12314365800006],[89.69063522400006,23.09867944800004],[89.73587850200005,23.073035747000063],[89.72852489500008,23.055618785000036],[89.74688847700008,23.04844962900006],[89.76246506200005,23.007430371000055],[89.79682251000008,22.996307150000064],[89.79247269500007,22.980373201000077],[89.80573701000009,22.963685343000066],[89.80104671600003,22.94125997900005],[89.78636094400008,22.962090287000024],[89.78506717200008,22.982909651000057],[89.76756281600007,22.977738677000048],[89.76065604600007,22.96471338300006],[89.74916269300007,22.96390688200006],[89.73460765200008,22.972895796000046],[89.68904468900007,22.976690592000068],[89.67682771800008,22.967510751000077],[89.67033812600005,22.976458575000038],[89.65082874300003,22.983172679000063],[89.65003740900005,22.968661548000057],[89.63099241700007,22.961703277000026],[89.62413688800007,22.967831604000025],[89.61219750100008,22.955717265000033],[89.58466966600008,22.977698099000065],[89.58693179500005,22.985446745000047],[89.58178183800004,22.98780337100004],[89.56771535100006,22.991387433000057],[89.54927847000005,22.97628368000005],[89.53719248100003,22.984194243000047],[89.52954178500005,23.006815980000056],[89.51029168000008,23.01558765300007],[89.50121776500004,23.033096262000072],[89.48797808900008,23.037418151000054],[89.46848989100005,23.032399158000032],[89.45730464000007,23.041391],[89.45406355800009,23.053940485000055],[89.44370053800003,23.055118761000074],[89.44481839800005,23.067128319000062],[89.45196647300008,23.070034846000055],[89.44049363100004,23.073546925000073],[89.44234031600007,23.114518076000024],[89.41663414600004,23.083067910000068],[89.39475474900007,23.080859427000064],[89.38459733800005,23.086521176000076],[89.38932622700008,23.10781858400003],[89.37822307100004,23.13557094300006],[89.39514331700008,23.143083913000055],[89.41929580000004,23.140360944000065],[89.42014296600007,23.14643595700005],[89.40882914300005,23.153432907000024],[89.42225907200003,23.181146882000064],[89.41859205000009,23.230838962000064],[89.43345407700008,23.233756679000066],[89.42431186400006,23.243508948000056],[89.42557494000005,23.258715976000076],[89.45457561300003,23.257199096000022],[89.46262173900004,23.26825831900004],[89.46351806800004,23.283772059000057],[89.48001658800007,23.28583573800006],[89.48042776700004,23.29956489400007],[89.52447801900007,23.278177937000066],[89.53424712600008,23.303177223000034],[89.55628443000006,23.308714553000073],[89.56004876000009,23.320355686000028],[89.60324693400008,23.321242192000057],[89.60443249700006,23.312284444000056]]]}},{"type":"Feature","id":"narayanganj","properties":{"district":"narayanganj","source_name":"Narayanganj","renamed":false},"geometry":{"type":"Polygon","coordinates":[[[90.57066787000008,23.894989313000053],[90.59213914200006,23.88245676100007],[90.60442382000008,23.889394250000066],[90.61042091000007,23.884309750000057],[90.60788153900006,23.85862892600005],[90.59582920500009,23.854383468000037],[90.60958692500003,23.832696956000063],[90.61927013300004,23.837223571000038],[90.61864901800004,23.85169676000004],[90.63347435100007,23.868327364000038],[90.64408986300003,23.86926556800006],[90.65115898100004,23.862159727000062],[90.65430699500007,23.85539317300004],[90.64563952200007,23.849513126000033],[90.66270752300005,23.841579309000053],[90.66033918300008,23.836001402000022],[90.64480742000006,23.836389497000027],[90.63653473700003,23.82429084000006],[90.64973101000004,23.79952146900007],[90.66418268900009,23.801751859000035],[90.67001620700006,23.794236701000045],[90.68956436700006,23.79817385800004],[90.67828651500008,23.820077147000063],[90.68190396200004,23.825166608000075],[90.70861783600003,23.813175133000072],[90.71476524800005,23.79916110700003],[90.74098922200005,23.787612938000052],[90.72145939200004,23.737230951000072],[90.72461211400008,23.71895820000003],[90.74106952100004,23.69741467500006],[90.73844490000005,23.680911811000044],[90.73021916400006,23.664495186000067],[90.72157282300003,23.661730603000024],[90.69830972700004,23.665907342000025],[90.67485265900007,23.68011636400007],[90.65710730200004,23.671729925000022],[90.64011131600006,23.674678447000076],[90.62692201500005,23.614049828000077],[90.60721246100007,23.599841060000074],[90.57356948600005,23.59726089700007],[90.56029552000007,23.589041187000078],[90.55910745900007,23.574643619000028],[90.57891017000009,23.541420481000046],[90.57633940700003,23.534056044000067],[90.56492294300006,23.534392593000064],[90.54531506100005,23.56053234600006],[90.51831715700007,23.57307840200008],[90.48582612500007,23.570732684000063],[90.44825462500006,23.55051411900007],[90.42898407300004,23.566589656000076],[90.44182329700004,23.585787651000032],[90.43019340800004,23.608605170000033],[90.44673251400008,23.623869890000037],[90.47023138100008,23.629254455000023],[90.47316388500008,23.634870015000047],[90.44896385600003,23.668106478000027],[90.46192739200006,23.683527456000036],[90.51253807900008,23.709174743000062],[90.48993043400009,23.735987545000057],[90.48243510900005,23.773362720000023],[90.47092817800007,23.783551699000043],[90.48009965900008,23.791820329000075],[90.48778643200006,23.81763863900005],[90.47126942300008,23.84730829600005],[90.48318383000009,23.846895604000053],[90.50304414300007,23.859121050000056],[90.50522836500005,23.874385795000023],[90.52106924300006,23.877381943000046],[90.51864839000007,23.890713814000037],[90.52747004700007,23.89443050700004],[90.53427913600007,23.88713719900005],[90.55398675300006,23.885890500000073],[90.55608400400007,23.892368059000034],[90.57066787000008,23.894989313000053]]]}},{"type":"Feature","id":"narsingdi","properties":{"district":"narsingdi","source_name":"Narsingdi","renamed":false},"geometry":{"type":"Polygon","coordinates":[[[90.98599152400004,24.030601024000077],[90.96619037800008,24.006244567000067],[90.97382229000004,23.98848440000006],[90.97296536400006,23.96993629800005],[90.95306409700004,23.95387661600006],[90.95118165500008,23.92850726000006],[90.93011744200004,23.90988309900007],[90.90876724100008,23.867637869000077],[90.89833296500007,23.862733322000054],[90.85810197000006,23.879037157000027],[90.83355638200004,23.863332410000055],[90.76665510400005,23.86420895300006],[90.75946948800004,23.85004175200004],[90.76800060800008,23.82024916100005],[90.76577061800003,23.801915620000045],[90.73461306300004,23.76283612700007],[90.73232501500007,23.773740872000076],[90.74098922200005,23.787612938000052],[90.71476524800005,23.79916110700003],[90.71370316600007,23.80846289300007],[90.69834063500008,23.819407883000054],[90.68016361800005,23.824210679000032],[90.68956436700006,23.79817385800004],[90.68321954900006,23.794317121000063],[90.66404803900008,23.795539421000058],[90.66418268900009,23.801751859000035],[90.64973101000004,23.79952146900007],[90.63653473700003,23.82429084000006],[90.64480742000006,23.836389497000027],[90.66033918300008,23.836001402000022],[90.66270752300005,23.841579309000053],[90.64563952200007,23.849513126000033],[90.65430699500007,23.85539317300004],[90.65115898100004,23.862159727000062],[90.64408986300003,23.86926556800006],[90.63347435100007,23.868327364000038],[90.61864901800004,23.85169676000004],[90.61927013300004,23.837223571000038],[90.60958692500003,23.832696956000063],[90.59582920500009,23.854383468000037],[90.60788153900006,23.85862892600005],[90.61042091000007,23.884309750000057],[90.60442382000008,23.889394250000066],[90.59213914200006,23.88245676100007],[90.56144956500003,23.904917428000033],[90.56039122900006,23.911095346000025],[90.57036764200006,23.915281763000053],[90.59174628800008,23.91430904300006],[90.60815338000003,23.92151700100004],[90.61693549800003,23.940245606000076],[90.61757564500004,23.96711172700003],[90.63014869700004,23.979610623000042],[90.63884956300006,24.00367764500004],[90.65680656900008,24.011304332000066],[90.65727612000006,24.025339648000056],[90.63533405200008,24.070778715000074],[90.64106040000007,24.076237755000022],[90.63969486100007,24.106087048000063],[90.65723204300008,24.092367211000067],[90.66792828900003,24.099604468000052],[90.69983570500005,24.10134935800005],[90.70315683800004,24.10784998200006],[90.69484050600005,24.116614984000023],[90.68453644700008,24.112784602000033],[90.67640970700006,24.11802311200006],[90.69530001100009,24.139958311000044],[90.68500772000004,24.151159625000048],[90.68609050700007,24.190084891000026],[90.67173920300007,24.20459673000005],[90.67264925200004,24.22261489600004],[90.68480159300003,24.234472926000024],[90.68295030000007,24.24434832000003],[90.72259846100008,24.235388759000045],[90.75331055800007,24.25171962400003],[90.77020765200007,24.250757832000033],[90.78154532000008,24.242667615000073],[90.78330509700004,24.22663269700007],[90.79319040700005,24.219846827000026],[90.78614903100004,24.193052864000038],[90.80081441600004,24.184646603000033],[90.80696040200007,24.18817713800007],[90.82515146300005,24.157097084000043],[90.84503583200006,24.142598209000028],[90.87099362500004,24.139990092000062],[90.86683895100003,24.127091905000043],[90.84851979100006,24.12048660100004],[90.84603336100008,24.111613333000037],[90.89112317000007,24.096396325000057],[90.91029642600006,24.075692674000038],[90.94366942300007,24.084509456000035],[90.95503967100007,24.06592669300005],[90.96793792500006,24.060062711000057],[90.96175647800004,24.033677350000062],[90.98599152400004,24.030601024000077]]]}},{"type":"Feature","id":"natore","properties":{"district":"natore","source_name":"Natore","renamed":false},"geometry":{"type":"Polygon","coordinates":[[[89.33903402300007,24.559464771000023],[89.33034942600005,24.534861852000063],[89.32162414600003,24.529987723000033],[89.30551115100008,24.499398727000028],[89.28323346900004,24.48491677000004],[89.28115982700007,24.456458783000073],[89.24715426400007,24.427233871000055],[89.25982059400008,24.423084922000044],[89.27294728000004,24.426942860000054],[89.28528906900004,24.42028737800007],[89.28368901500005,24.378644403000067],[89.29297533300007,24.365071387000057],[89.30014627800006,24.367124888000035],[89.31276801800004,24.35161118900004],[89.31864074000003,24.35306579400003],[89.31830118100004,24.34352584800007],[89.31035700400008,24.335462047000078],[89.28727062700005,24.330757206000044],[89.28594521300005,24.304634647000057],[89.27668323800003,24.304710490000048],[89.25493197800006,24.27345510500004],[89.24166159800006,24.275643418000072],[89.23330847500006,24.26664001300003],[89.23329280200005,24.257242646000066],[89.24078331100009,24.253908633000037],[89.23775196200006,24.242975478000062],[89.23167763200007,24.244983235000063],[89.22748107700005,24.23486247900007],[89.21947854700005,24.235072279000065],[89.22286528100005,24.224604561000035],[89.21526572400006,24.211740235000036],[89.18943682500009,24.19793916800006],[89.17502766200005,24.200668946000064],[89.15623133000008,24.17017224400007],[89.12647939800007,24.17007982000007],[89.09539147800007,24.15682449700006],[89.08125293200004,24.16620153200006],[89.08143263000005,24.15600165500007],[89.05604196000007,24.15089862900004],[89.04705583600008,24.13907097500004],[89.03387909000008,24.147522199000036],[89.03226306500005,24.16618928300005],[89.02440005000005,24.168920265000054],[89.01809097300008,24.161616937000076],[88.99809205800005,24.156845971000052],[89.01291924200007,24.146771131000037],[88.99808395800005,24.143724063000036],[89.01547336800007,24.142260125000064],[89.00375942800008,24.142437564000033],[89.01031056400006,24.129660817000058],[89.00667774600004,24.118116670000063],[88.94991146900009,24.125104203000035],[88.93845735600007,24.131741386000044],[88.92031422600007,24.118389765000074],[88.92191661900006,24.129097907000073],[88.91052564800003,24.12560781800005],[88.91139829500008,24.11289369600007],[88.88514329300006,24.101807231000066],[88.87437842000008,24.10021054200007],[88.88319210800006,24.106641551000052],[88.88112668000008,24.11522741300007],[88.86294683700004,24.107789895000053],[88.86592580600006,24.122936767000056],[88.87173766400008,24.130387521000046],[88.88278298700004,24.130393663000063],[88.89536798300009,24.158143429000063],[88.86053999000006,24.16605523900006],[88.87244004600007,24.179549047000023],[88.86554019200008,24.185734870000033],[88.87607098600006,24.20107634900006],[88.86896290300007,24.208948402000033],[88.87469121200007,24.216400719000035],[88.87190329900005,24.226770178000038],[88.87575637600008,24.233278937000023],[88.88076112300007,24.22515918700003],[88.89566284000006,24.22882112800005],[88.90072994500008,24.240223284000024],[88.91533233700005,24.24058883300006],[88.91762955900003,24.250964871000065],[88.90002275000006,24.27105547800005],[88.90267689700005,24.290282872000034],[88.87823140400008,24.29269565900006],[88.86606756400005,24.310920444000033],[88.85349125900007,24.30475054300007],[88.84687299800004,24.31920668400005],[88.85103822500008,24.325498285000037],[88.84666521100007,24.339748378000024],[88.86173971400007,24.362785685000063],[88.88308512200007,24.362039105000065],[88.89369623100004,24.36829962400003],[88.89638063100006,24.37841619900007],[88.89002563100007,24.383265033000043],[88.90245628900004,24.407957727000053],[88.89716039700005,24.440010012000073],[88.90262044100007,24.446341329000063],[88.89315409100004,24.455833039000026],[88.90006565300007,24.464244231000066],[88.89257719500006,24.475122890000023],[88.90543871500006,24.497833985000057],[88.92298934000007,24.502888142000074],[88.92839772800005,24.510897931000045],[88.92387696600008,24.517085660000077],[88.89906594400009,24.51141492000005],[88.89369885000008,24.520354949000023],[88.88417118600006,24.51587954300004],[88.88289597100004,24.524747198000057],[88.89724826700007,24.52661150600005],[88.89656532400005,24.534866713000042],[88.92101284600005,24.544528617000026],[88.94102283200004,24.53612744000003],[88.94716563900005,24.54512327300006],[88.96250548600005,24.549364556000057],[88.96329111800009,24.583600881000052],[88.97053902200008,24.585191466000026],[89.00949221200005,24.565603043000067],[89.00463070400008,24.555658578000077],[89.00955487900006,24.551224713000067],[89.02875296400003,24.556811597000035],[89.05258753800007,24.534225754000033],[89.06210647400007,24.538166851000028],[89.07909382400004,24.53332031900004],[89.08476947400004,24.544578658000034],[89.09222780100004,24.537991625000075],[89.09823414400006,24.541597154000044],[89.10484318300007,24.576868606000062],[89.10448456000006,24.586766646000058],[89.09511184500008,24.594761680000033],[89.10185382700007,24.621173998000074],[89.09799875400006,24.637917319000053],[89.11540492800003,24.63870143500003],[89.12040110700008,24.652445852000028],[89.13523677900008,24.65445496600006],[89.13795557100008,24.68401289700006],[89.14800165100007,24.67949100900006],[89.15241522900004,24.68659000100007],[89.16189190900008,24.68597321900006],[89.16682869600004,24.671718286000043],[89.14422450800004,24.67080382200004],[89.14552759100008,24.65873239700005],[89.13644036700003,24.655999962000067],[89.13570988800006,24.644000455000025],[89.14622318200009,24.62337288300006],[89.16709489600004,24.61967599700006],[89.17548743300006,24.630598941000073],[89.17343020200008,24.646231571000044],[89.19293049600003,24.64947806300006],[89.19256172100006,24.64108571500003],[89.20044321700004,24.643408733000058],[89.20880777100007,24.633555536000074],[89.20059628700005,24.627069595000023],[89.19849522900006,24.614540825000063],[89.20474544100006,24.605153462000033],[89.21607188400003,24.613060891000032],[89.21365650400008,24.598798369000065],[89.22848961800008,24.580028300000038],[89.23786102200006,24.584062695000057],[89.24112100700006,24.599651093000034],[89.25437904000006,24.606192110000052],[89.24826197200008,24.619420496000032],[89.25731144800005,24.629059313000027],[89.28577950200008,24.626683713000034],[89.30016177300007,24.61851826900005],[89.29758279600009,24.614465926000037],[89.30710000900007,24.613816344000043],[89.30793959500005,24.598236860000043],[89.32867443500004,24.599176303000036],[89.32734708800007,24.575841523000065],[89.33903402300007,24.559464771000023]]]}},{"type":"Feature","id":"chapai nawabganj","properties":{"district":"chapai nawabganj","source_name":"Nawabganj","renamed":true},"geometry":{"type":"Polygon","coordinates":[[[88.50556983200005,24.718630889000053],[88.48787414600008,24.706517143000042],[88.48973213600004,24.690325132000055],[88.48284295400003,24.681251019000058],[88.45992279100005,24.684851776000073],[88.45537895100006,24.678114309000023],[88.47258456400004,24.668800926000074],[88.48051145900007,24.678821653000057],[88.51059525000005,24.682118632000027],[88.51102487600008,24.672390162000056],[88.50141808300003,24.674246116000063],[88.50060431300005,24.666451713000072],[88.48868144500005,24.665195635000032],[88.49085809000007,24.65661915900006],[88.43474815800005,24.66631995700004],[88.43341675600004,24.650512594000077],[88.41993944400008,24.647875448000036],[88.43040244900004,24.639182580000067],[88.41799179700007,24.630340861000036],[88.42125557900005,24.615573211000026],[88.39129586100006,24.600106906000065],[88.36989307700009,24.602241707000076],[88.36928425700006,24.59463982500006],[88.36112032400007,24.603167856000027],[88.34495473700008,24.585985049000044],[88.33159040300006,24.58624216800007],[88.31841046400007,24.569340329000056],[88.30052402200005,24.56492922700005],[88.31206678600006,24.521188137000024],[88.30524750800004,24.481450549000044],[88.31537719000005,24.46116178500006],[88.33089025100008,24.447629712000037],[88.32817270900006,24.438435522000077],[88.29168668900007,24.416361798000025],[88.26330356700004,24.445992595000064],[88.19838854100004,24.462580857000034],[88.17342682300006,24.493143842000052],[88.14071962200006,24.511339640000074],[88.09693820600006,24.556543138000052],[88.04115131000003,24.643425767000053],[88.00862798600008,24.667883810000035],[88.06283936300008,24.721642237000026],[88.07245074400004,24.74375705700004],[88.06570857800006,24.75081490100007],[88.07450642700007,24.760866658000054],[88.06828787700005,24.769268150000073],[88.07783154900005,24.76920818700006],[88.08898044700004,24.78301950900004],[88.10607689500006,24.77966215600003],[88.10498512300006,24.799668703000066],[88.12353621200003,24.823165533000065],[88.13071768800006,24.805077281000024],[88.13625386200005,24.805399574000035],[88.13461370300007,24.83413659200005],[88.14490550700003,24.85119965900003],[88.16042153900008,24.848580646000073],[88.16216318000005,24.858064425000066],[88.17186177200006,24.860693898000022],[88.15927813900004,24.872175881000032],[88.16366757100008,24.878078925000068],[88.15263050800007,24.884531503000062],[88.15772125100005,24.892464876000076],[88.16909220100007,24.890886946000023],[88.14030664200004,24.914156509000065],[88.13800382400007,24.93625756600005],[88.15746437300004,24.93358495700005],[88.15834482500009,24.941483106000078],[88.17015018700005,24.950490005000063],[88.17544373200008,24.94633746200003],[88.18354085300007,24.95564935400006],[88.18662426200007,24.951814959000046],[88.20723571500008,24.95834559000008],[88.22929660900007,24.95806769400008],[88.26134452700006,24.923101510000038],[88.26491204400008,24.892793391000055],[88.25902848400005,24.878141218000053],[88.26574887600003,24.87725699300006],[88.27031939000005,24.893787816000042],[88.27722917600005,24.897520018000023],[88.27807023600008,24.88815221300007],[88.29682866800005,24.88834600900003],[88.30465639700003,24.87233694400004],[88.31849314100003,24.88364671100004],[88.32132353700007,24.875636539000027],[88.33295079300007,24.870912677000035],[88.34681043000006,24.892513619000056],[88.34388657900007,24.899671331000036],[88.32800483100004,24.90430298900003],[88.32428806400009,24.917747534000057],[88.33553470600003,24.918255741000053],[88.33975344900006,24.939668684000026],[88.35370097300006,24.942135875000076],[88.35952447100004,24.95347554700004],[88.37157847300006,24.94227502900003],[88.39501987600005,24.94170764000006],[88.40179783900004,24.95085830900007],[88.39343607400008,24.960381226000038],[88.39511187100004,24.96470762000007],[88.39951476500005,24.95967126200003],[88.42298692900005,24.96612518200004],[88.43416912800006,24.96086755700003],[88.43192784700005,24.92866391800004],[88.43983596700008,24.920726263000063],[88.45799424400008,24.91811051600007],[88.45326892700007,24.93140491400004],[88.47073910800003,24.93779331500008],[88.49033117000005,24.92713378600007],[88.49420192500008,24.907613352000055],[88.48478123100006,24.898944682000035],[88.49454620800003,24.880582076000053],[88.47565378200005,24.862151821000054],[88.47403117900006,24.844373572000052],[88.45042517900004,24.861508428000036],[88.45740954300004,24.845860882000068],[88.44180040500004,24.846526769000036],[88.43662239000008,24.83961220300006],[88.41347468100008,24.847931208000034],[88.39891669700006,24.837612],[88.40192112400007,24.830056913000078],[88.38420268200008,24.82866331100007],[88.38333165600005,24.821572874000026],[88.39411456200008,24.81809551200007],[88.41763354000005,24.83740053400004],[88.42158858900007,24.83088777300003],[88.41309756000004,24.830438961000027],[88.41272058800007,24.823678923000045],[88.42627292100008,24.824957046000065],[88.43589118700004,24.81799885500004],[88.44733588900004,24.82588213200006],[88.44118167200008,24.80483759200007],[88.43565921800007,24.805819429000053],[88.43004267700007,24.793574559000035],[88.43096394800006,24.784077593000063],[88.41791997600006,24.781124313000078],[88.41243649300009,24.76883850300004],[88.45266109100004,24.77747789400007],[88.47315433800009,24.762628480000046],[88.47934015900006,24.772843806000026],[88.49459261600003,24.771770496000045],[88.48964307100005,24.756735803000026],[88.49321674000004,24.748283005000076],[88.47591280300009,24.74694038800004],[88.47518202400005,24.758740551000074],[88.46930798100004,24.761187978000066],[88.45827604800007,24.75853420800007],[88.45542598900005,24.749891442000035],[88.46549731900006,24.747440749000077],[88.46543000900004,24.730951318000052],[88.48895454900008,24.73353566800006],[88.49366551800006,24.739069030000053],[88.50914053900004,24.73470619400007],[88.50556983200005,24.718630889000053]]]}},{"type":"Feature","id":"netrakona","properties":{"district":"netrakona","source_name":"Netrakona","renamed":false},"geometry":{"type":"Polygon","coordinates":[[[90.96484836000008,25.17187864600004],[90.96229103800005,25.167350166000062],[90.97026229400007,25.160580280000033],[90.95231907000004,25.149401158000046],[90.94923736600003,25.137860602000046],[90.95589987900007,25.119526534000045],[90.94755347600005,25.113436181000054],[90.97083821200005,25.095694706000074],[90.97466440600004,25.074280415000032],[90.95656635600005,25.070438945000035],[90.94501134900008,25.081252776000042],[90.92777781100006,25.077852679000046],[90.93569530100007,25.065713661000075],[90.92958908600008,25.06396175800006],[90.93257791300005,25.045253063000075],[90.95129552700007,25.044525967000027],[90.96498834700003,25.03468212200005],[90.94510244600008,25.03140774800005],[90.93404784100005,25.019939097000076],[90.93629244700008,25.009055239000077],[90.94732173100005,25.004896897000037],[90.94365821000008,24.97592475400006],[90.96013240900004,24.972722556000065],[90.97256364200007,24.95988591200006],[90.96888898900005,24.946646487000066],[90.94906895200006,24.939455464000048],[90.95514067200008,24.93983489200008],[90.95341560000008,24.918929751000064],[90.96403026800004,24.91149492200003],[90.98008086800007,24.917160178000074],[90.99286753400008,24.914100639000026],[90.99805530300006,24.89213513900006],[91.01576670900005,24.898306410000032],[91.01651023700003,24.885728246000042],[91.03015194000005,24.884290320000048],[91.03909553900007,24.905642615000033],[91.04555501600004,24.908005181000078],[91.05136395600005,24.902219389000038],[91.07523545600009,24.901242162000074],[91.08880545600005,24.887581457000067],[91.10127900700007,24.884494724000035],[91.10891687000009,24.871370892000073],[91.10345686900007,24.863662272000056],[91.11381036500006,24.847542650000037],[91.12349976800004,24.848716841000055],[91.13018081600006,24.839753638000047],[91.12071595700007,24.83761758600008],[91.11253752700009,24.817381477000026],[91.13241415200008,24.79260454100006],[91.14455762600005,24.794589682000037],[91.14224054000005,24.799738255000022],[91.15284559500003,24.81064894000008],[91.14410780000009,24.828629143000057],[91.15295528000007,24.837460409000073],[91.16552415300004,24.832262582000055],[91.17214863800007,24.80962130200004],[91.16075300500006,24.793187729000067],[91.17029472400009,24.789186981000057],[91.17120756600008,24.77993630900005],[91.15831701800005,24.76467616800005],[91.13522539800005,24.757196401000044],[91.15945608900006,24.747215830000073],[91.15414559400006,24.741484783000033],[91.14761550800006,24.747108871000023],[91.15130017700005,24.729522905000067],[91.14132690600007,24.72420917900007],[91.15967957000004,24.723734259000025],[91.16005477300007,24.717149969000047],[91.16756248400009,24.724286022000058],[91.18149912500007,24.723589339000057],[91.20507159500005,24.70972101800004],[91.22527540400006,24.727513266000074],[91.22667379800004,24.70721954800007],[91.21998659800005,24.70196714900004],[91.24087651700006,24.692093535000026],[91.24179836300004,24.679517633000046],[91.23344949400007,24.672270302000072],[91.22421833600004,24.675519381000072],[91.22252540000005,24.669382469000027],[91.23274113600007,24.666434710000033],[91.22995021200006,24.654663007000067],[91.20835185100003,24.651038184000072],[91.20345788900005,24.631846325000026],[91.17440688800008,24.641388005000067],[91.16568391400006,24.63266143900006],[91.15433789100007,24.638964702000067],[91.13844944900006,24.634576844000037],[91.13034594000004,24.642153569000072],[91.12731898800007,24.629160588000047],[91.13467698700003,24.622098751000067],[91.12885690700006,24.610029286000042],[91.10465897400007,24.60799808200005],[91.10577598100008,24.60128075600005],[91.09353901000009,24.601579554000068],[91.07360350600004,24.61882644800005],[91.03671595800006,24.611967322000055],[91.04133471700004,24.624359339000023],[91.03098158600005,24.629941616000053],[91.01780259600008,24.60312669900003],[90.98355842200004,24.604744545000074],[90.97730411400005,24.59958750800007],[90.96366772000005,24.611318950000054],[90.95354927100004,24.602425967000045],[90.93972086200006,24.601775231000033],[90.92840338100007,24.615525518000027],[90.91632423200008,24.61372792000003],[90.91480846600007,24.599968998000065],[90.90631522900009,24.59492017100007],[90.90402422300008,24.59979596200003],[90.88476653200007,24.600338788000045],[90.88000487800008,24.592465748000052],[90.85659895200007,24.599320913000042],[90.83976122600006,24.579915553000035],[90.81996583300008,24.588018232000024],[90.79703296700006,24.57553112900007],[90.78884433600007,24.58511164600003],[90.79597719800006,24.595305206000035],[90.79462711500008,24.60498462100003],[90.78317981400005,24.607467776000078],[90.77669186500003,24.61659118800003],[90.77300636500007,24.60874747400004],[90.75695954500009,24.610467062000055],[90.75797626500008,24.637681113000042],[90.74353562700009,24.637863846000073],[90.74074150000007,24.649002259000042],[90.73019038100006,24.652906780000023],[90.72202203300003,24.649185911000075],[90.70062631000008,24.675679510000066],[90.70899262700004,24.69268418100006],[90.70532097200004,24.699597837000056],[90.69585031900004,24.700099245000047],[90.69600303100003,24.71468034800006],[90.70859665200004,24.729918860000055],[90.72421109400005,24.730911613000046],[90.72164717800007,24.742612929000074],[90.71479840900008,24.743031820000056],[90.71508934100007,24.75272409300004],[90.69585656400005,24.757436832000053],[90.69832723900004,24.77423994800006],[90.70976313100005,24.767197891000023],[90.72174077500006,24.772404020000067],[90.72055527900005,24.781009468000036],[90.70555743800008,24.786627047000025],[90.70844483500008,24.801221557000076],[90.66980884700007,24.80267399400003],[90.64874125000006,24.791486495000072],[90.64224459700006,24.79830755000006],[90.62463853700007,24.79545657500006],[90.60757598600009,24.81440062400003],[90.60078183400003,24.809620152000036],[90.58204818300004,24.811637026000028],[90.57870195700008,24.822153726000067],[90.56339681400004,24.811615302000064],[90.58812043500006,24.834838362000028],[90.58805276500004,24.842248040000072],[90.57885999600006,24.84430744900004],[90.57340391000008,24.838475225000025],[90.55927283000005,24.843472718000044],[90.57226491500006,24.856978579000042],[90.56814689500004,24.885723702000064],[90.54285897400007,24.885248860000047],[90.53458838500006,24.891576735000058],[90.54108517600008,24.90674237500008],[90.53375481600006,24.92652638000004],[90.54399039100008,24.937394295000047],[90.52747398000008,24.94165420400003],[90.53039602100006,24.951501145000066],[90.51772833200005,24.945859007000024],[90.51279334700007,24.951325147000034],[90.52284843700005,24.979489943000033],[90.51623060100007,24.977140723000048],[90.51042919900004,24.986804094000036],[90.50349208500006,24.98486575000004],[90.50331023000007,25.001494597000033],[90.49274742200004,25.00455137600005],[90.50411216700007,25.016786886000034],[90.49391860300005,25.026058035000062],[90.50433487500004,25.031723254000042],[90.50867629400005,25.01786351800007],[90.51200158600005,25.030732993000072],[90.51601747600006,25.02412316500005],[90.52461006600004,25.029333827000073],[90.54052104400006,25.01229763500004],[90.54663970600006,25.023928488000024],[90.53293751000007,25.030795426000054],[90.53541489500003,25.03564287100005],[90.54604808000005,25.033440728000073],[90.55013868500004,25.041755471000045],[90.58579773300005,25.026805798000055],[90.59121770800004,25.03381031600003],[90.60701727500003,25.02864647900003],[90.60327130700006,25.04285419300004],[90.60498737400007,25.05166690300007],[90.61138928000008,25.052316305000033],[90.60504523800006,25.06092885000004],[90.60740834500007,25.07017685900007],[90.59760651200008,25.070427167000048],[90.59029176600006,25.061551524000038],[90.59543146400006,25.076472971000044],[90.58930920700004,25.083999706000043],[90.60011052100003,25.09415550800003],[90.60100022100005,25.11500665600005],[90.61086498900005,25.129571214000066],[90.60601447800008,25.138691227000038],[90.61514990000006,25.15582084700003],[90.61403511100008,25.174205678000078],[90.64086562000006,25.17463448500007],[90.64028331600008,25.183705950000046],[90.64833372500004,25.18068898100006],[90.65493659500004,25.190275373000077],[90.65797559300006,25.185347942000078],[90.66281935500007,25.189897208000048],[90.66594035200006,25.16595707700003],[90.68545820900005,25.174630721000028],[90.68183181600006,25.164930522000077],[90.69895031300007,25.156954443000075],[90.70992375300006,25.168211197000062],[90.73319387900005,25.15501402900003],[90.74188380600003,25.16136516000006],[90.73416640200008,25.16694541000004],[90.75907308200004,25.167928132000043],[90.76463252200006,25.179043061000073],[90.78028162200008,25.186223735000056],[90.78723680900004,25.17883021600005],[90.79489605700007,25.181292159000066],[90.80487355200006,25.166462567000053],[90.84977294800007,25.157735573000025],[90.88407237300004,25.166042240000024],[90.92789535100007,25.162337346000072],[90.96484836000008,25.17187864600004]]]}},{"type":"Feature","id":"nilphamari","properties":{"district":"nilphamari","source_name":"Nilphamari","renamed":false},"geometry":{"type":"Polygon","coordinates":[[[89.01891644900007,26.242229604000045],[89.02237473400004,26.22764649100003],[89.03593672300008,26.221100749000072],[89.03216764500007,26.20214413000008],[89.01925746100005,26.191914436000047],[89.03707433700004,26.174533358000076],[89.05701700400004,26.167911724000078],[89.07205350900006,26.17079148600004],[89.09820325300007,26.145189909000067],[89.10137725800007,26.119341425000073],[89.09063909700006,26.115479049000044],[89.08902558200003,26.100299423000024],[89.08913283900006,26.088750744000038],[89.09929349100008,26.075887628000032],[89.09066666400008,26.06077517800003],[89.09428505500006,26.03501850300006],[89.11222944100007,25.993604955000023],[89.14184304200006,25.964174249000052],[89.10782737000005,25.964412738000078],[89.09698013100007,25.93434112400007],[89.10341654800004,25.932139567000036],[89.10370276700007,25.923468661000072],[89.09787276400004,25.905749653000044],[89.11627714200006,25.88611740500005],[89.09611333000004,25.861397684000053],[89.10039409100006,25.851258280000025],[89.08727898100005,25.845881821000035],[89.09127142200003,25.829052871000044],[89.08288278100008,25.826147431000038],[89.08260724500008,25.830869772000028],[89.06200776300005,25.83409773900007],[89.04526452000005,25.816188405000048],[89.01276946500008,25.819267594000053],[89.00394086500006,25.812187067000025],[88.99120131300003,25.814375726000037],[88.98571795700008,25.807400821000044],[88.96493965800005,25.813551708000034],[88.94834357900004,25.81000091800007],[88.94429306900008,25.801832286000035],[88.95460757200004,25.802560864000043],[88.95982093000003,25.790664965000076],[88.95560042400007,25.787721658000066],[88.96183220500006,25.784327245000043],[88.94538285700008,25.774766025000076],[88.94249184700004,25.76245622600004],[88.95418386000006,25.739467455000067],[88.94807353000004,25.74293923600004],[88.93627045600005,25.731838912000057],[88.90807106500006,25.745697258000064],[88.90525274600003,25.73763727100004],[88.91489391700009,25.735090367000055],[88.89800800100005,25.735102994000044],[88.89159007900008,25.741934550000053],[88.88984532900008,25.770795427000053],[88.85621788300006,25.776865533000034],[88.84499632200004,25.809600274000047],[88.82782243200006,25.812962669000058],[88.82267237800005,25.839059314000053],[88.82774142000005,25.85314709100004],[88.82009742400004,25.855948469000055],[88.81348020000007,25.883081084000025],[88.80319688700007,25.89681074400005],[88.80122301500006,25.92244247800005],[88.77857616500006,25.934859192000033],[88.75954954500008,25.938950040000066],[88.75555386900004,25.931420828000057],[88.74426991800004,25.938858450000055],[88.75131035400005,25.94691476500003],[88.74393775500005,25.96654133800007],[88.74815954800005,25.97730392400007],[88.73495475900006,26.01468248300006],[88.74391767400004,26.024065708000023],[88.75876038700005,26.024525753000034],[88.76184180500007,26.041554140000073],[88.77746074000004,26.059962184000028],[88.77465395200005,26.073690596000063],[88.75809098000008,26.084014771000056],[88.76723430400006,26.087786980000033],[88.78900188200004,26.123164084000052],[88.77896253000006,26.166047647000028],[88.78173380400005,26.17754968400004],[88.77617946500004,26.18114835700004],[88.79387465900004,26.189324062000026],[88.79782729600004,26.203378912000062],[88.79057408300008,26.207529304000047],[88.79747352400005,26.214673928000025],[88.79006423500005,26.230391747000056],[88.77749788700004,26.239034464000042],[88.76291949600005,26.236121057000048],[88.75813874300007,26.26153572900006],[88.76624395800008,26.28809351500007],[88.75808311700007,26.301179553000054],[88.79347037900004,26.310073768000052],[88.81906717900006,26.29459068600005],[88.81029639000008,26.274346344000037],[88.81282072000005,26.256934259000047],[88.82909712600008,26.249805405000075],[88.82757704900007,26.239727421000055],[88.84389307200007,26.230672301000027],[88.87781568200006,26.233494973000063],[88.87768899100007,26.242295408000075],[88.87169065900008,26.24049671000006],[88.86140162000004,26.25211521500006],[88.86133500200003,26.272734170000035],[88.87579110200005,26.286649983000075],[88.89820319200004,26.288743889000045],[88.92622102500007,26.283892902000048],[88.95677408100005,26.240635601000065],[89.01891644900007,26.242229604000045]]]}},{"type":"Feature","id":"noakhali","properties":{"district":"noakhali","source_name":"Noakhali","renamed":false},"geometry":{"type":"MultiPolygon","coordinates":[[[[91.08273991600004,22.05354972200007],[91.05708514200006,22.030820067000036],[91.05659351600008,22.050900169000045],[91.04837196500006,22.04861081200005],[91.04866961600004,22.054153778000057],[91.06896686100004,22.063152751000075],[91.08312511800005,22.06372896000005],[91.08273991600004,22.05354972200007]]],[[[91.03095117600003,22.083823146000043],[91.04110718800007,22.083902200000068],[91.04790330000009,22.071965095000053],[91.03539245200005,22.04252097500006],[91.01829982500004,22.034507545000054],[91.02241705700004,22.043851113000073],[90.98902009200003,22.023022834000074],[90.98156896800003,22.027943554000046],[90.97299012500008,22.04966450200004],[90.97834969400003,22.081548630000043],[91.00146099100004,22.100529920000042],[91.03095117600003,22.083823146000043]]],[[[91.01505079600008,22.17566270100008],[91.01930321900005,22.19113326400003],[91.02924637200005,22.199627323000072],[91.02448888500004,22.177142710000055],[91.01505079600008,22.17566270100008]]],[[[91.01532635700005,22.242632311000023],[91.01286385500003,22.264188826000066],[91.02399510200007,22.31618071400004],[91.01901275200004,22.33230739800007],[91.03663618600007,22.32027375100006],[91.02913957300007,22.271707539000033],[91.01532635700005,22.242632311000023]]],[[[91.03619942100005,22.337628236000057],[91.01959835100007,22.351165690000073],[91.04152984800004,22.373827004000077],[91.05355426400007,22.34626382400006],[91.03619942100005,22.337628236000057]]],[[[91.05526995900004,22.359555108000052],[91.04348724400006,22.37492773100007],[91.05030127200007,22.38568643600007],[91.05664850200009,22.368580390000034],[91.05526995900004,22.359555108000052]]],[[[91.14094090600008,22.373214533000066],[91.17499253000005,22.383753864000028],[91.18448588000007,22.365770234000024],[91.18987542000008,22.32661246300006],[91.18431122400006,22.296500769000033],[91.18995216500008,22.282172797000044],[91.18824348600003,22.232822132000024],[91.16603794200006,22.170699230000025],[91.13717902300004,22.146285712000065],[91.13660281100005,22.133012321000024],[91.11390231900003,22.12681109600004],[91.05776121600007,22.07923059600006],[91.00947466300005,22.104775767000035],[91.00431830900004,22.115515092000066],[91.03813208700006,22.15827763900006],[91.06417641800005,22.223143685000025],[91.06970710500008,22.255086250000033],[91.06880889000007,22.33979806600007],[91.05922218800004,22.34898846400006],[91.07473768700004,22.363005577000024],[91.06988478600005,22.40642140600005],[91.13292146300006,22.382498611000074],[91.14094090600008,22.373214533000066]]],[[[90.97227792600006,22.420598305000055],[90.98253184300006,22.41437448100004],[90.99017511300008,22.391004017000057],[90.97874366900004,22.410772313000052],[90.97227792600006,22.420598305000055]]],[[[91.25624524800008,22.409764777000078],[91.24604719700005,22.424852329000032],[91.25421166900009,22.435161136000033],[91.26636540700008,22.423164705000033],[91.25624524800008,22.409764777000078]]],[[[91.27709443300006,22.44109992500006],[91.27099365200007,22.44310785500005],[91.27263654500007,22.44844811400003],[91.27689646100004,22.44760182300007],[91.27709443300006,22.44109992500006]]],[[[91.01294511000003,22.360490222000067],[91.00384518000004,22.370728498000062],[90.98816423700003,22.431771139000034],[90.98708244900007,22.45328833900004],[90.99864641400006,22.46311189100004],[91.03137812600005,22.452342033000036],[91.04507466000007,22.437531413000045],[91.03036027600007,22.377110650000077],[91.01294511000003,22.360490222000067]]],[[[90.96773220900008,22.427628345000073],[90.95087613500004,22.464541818000043],[90.96195477200007,22.47098287700004],[90.97798150700004,22.46448111500007],[90.96943336700008,22.451865604000034],[90.96773220900008,22.427628345000073]]],[[[90.93392740200005,22.49373046100004],[90.97645204400004,22.52198363800005],[90.98174801100004,22.512944275000052],[90.97751574300008,22.503696930000046],[90.93392740200005,22.49373046100004]]],[[[91.33619835000007,22.555933797000023],[91.33431652500008,22.50747131600008],[91.32665545300006,22.50108210700006],[91.31575543600007,22.50705045600006],[91.31806098000004,22.49792639700007],[91.29173810000003,22.484159026000043],[91.26595062600006,22.520139716000074],[91.27383169600006,22.554849699000044],[91.31111546600005,22.602810281000075],[91.33619835000007,22.555933797000023]]],[[[91.31818293400005,22.649888908000037],[91.29598800800005,22.672964466000053],[91.28777559700006,22.710430761000055],[91.30821482000005,22.72663486600004],[91.33841266400003,22.732051381000076],[91.34865749500005,22.715887327000075],[91.34317560700003,22.68581308000006],[91.31818293400005,22.649888908000037]]],[[[91.40718534100006,22.765401062000024],[91.42412495700006,22.757389483000054],[91.42236323200007,22.749133432000065],[91.41016431700007,22.75425993500005],[91.40718534100006,22.765401062000024]]],[[[91.37947474000003,22.779363851000028],[91.37394670900005,22.780957986000033],[91.37704081100009,22.78450880200006],[91.37947474000003,22.779363851000028]]],[[[91.37681652000003,22.785332362000077],[91.36413343100008,22.777601008000033],[91.34453103000004,22.78905203900007],[91.36822878900006,22.801606449000076],[91.37681652000003,22.785332362000077]]],[[[91.25895213200005,23.054611459000057],[91.25564060600004,23.03904582000007],[91.26390752600008,23.034375941000064],[91.26491202800008,23.022215420000066],[91.25334716100008,22.959993263000058],[91.26006874900008,22.958771479000063],[91.26296096300007,22.944494784000028],[91.26018191900005,22.910410641000055],[91.24961949700008,22.906392934000053],[91.24812602900005,22.894679272000076],[91.26493976400008,22.881619714000067],[91.26944973400003,22.89175052400003],[91.27743136400005,22.89299284200007],[91.27628566500005,22.89928441400008],[91.29982979100004,22.894010254000023],[91.30808776300006,22.90516248800003],[91.32183308000003,22.90226801700004],[91.34150647000007,22.91270770700004],[91.35254413700005,22.895598068000027],[91.34349380100008,22.896091427000044],[91.34279434500007,22.88110775800004],[91.32847511400007,22.88166439300005],[91.33527570500007,22.875352812000074],[91.34282075800007,22.877537106000034],[91.33693471800007,22.86584799700006],[91.35250755600003,22.864602055000034],[91.34781788800007,22.856711825000048],[91.35168891200004,22.851673049000055],[91.34119011900003,22.859875373000023],[91.33677259000007,22.844848925000065],[91.32583042800007,22.84864241500003],[91.31062429700006,22.844339254000033],[91.31319367500004,22.838476049000064],[91.32519262900007,22.837066441000047],[91.33200322500005,22.820655491000025],[91.31666954300005,22.821774769000058],[91.31242807200005,22.810521941000047],[91.32813912200004,22.797511556000075],[91.33119545400007,22.785335151000027],[91.38522315000006,22.764514964000057],[91.38491751300006,22.757205138000074],[91.29890875600006,22.74516096800005],[91.25738585200008,22.697293435000063],[91.23380413400008,22.717264960000023],[91.21270000300007,22.712120988000038],[91.19649816600008,22.732962887000042],[91.21282088700008,22.70394657500003],[91.22753257500005,22.707275992000064],[91.24670662600005,22.691282976000025],[91.24832644700007,22.680162519000078],[91.26516223500005,22.68167453500007],[91.28281088400007,22.63952145500008],[91.28057401000007,22.631509589000075],[91.26380645600005,22.634868852000068],[91.27847564100006,22.63009244500006],[91.28802259900004,22.618616692000046],[91.26362763100008,22.581538401000046],[91.26054713800005,22.585388971000043],[91.23060595200008,22.52734457100007],[91.21412605800003,22.531413025000063],[91.20918271000005,22.524113209000063],[91.18375722700006,22.526243933000046],[91.16328980900005,22.52049308000005],[91.15696941400006,22.52412349800005],[91.15584918800005,22.53825622000005],[91.15040815200007,22.53987255900006],[91.15560424800003,22.516557358000057],[91.15214718500005,22.50003464400004],[91.12303637200006,22.495636820000072],[91.11603874500008,22.488993487000073],[91.12792876000003,22.486986719000072],[91.15932554200003,22.50010001100003],[91.15892946100007,22.514322692000064],[91.17106906400005,22.520209736000027],[91.19314398100005,22.51930358800007],[91.20118090600005,22.509833772000036],[91.16535969500006,22.479469666000057],[91.16037546500007,22.458188481000036],[91.13395184600006,22.44296935600005],[91.10275602900003,22.458027172000072],[91.08228880200005,22.48486327100005],[91.09265338700004,22.520881830000064],[91.12804005700008,22.54181266100005],[91.13458270700005,22.548970861000043],[91.09063097100005,22.522186118000036],[91.07777730700008,22.493401703000075],[91.05769017900008,22.53402116600006],[91.01740593000005,22.56817560500008],[91.01178682300008,22.606904454000073],[90.98848345400006,22.63997661600007],[91.00105690300006,22.665735077000022],[91.01730050000003,22.68046079800007],[91.00946000700009,22.705752804000042],[90.98083090900008,22.715403601000048],[90.98130274700009,22.753984409000054],[90.89010801000006,22.810864297000023],[90.92668110700004,22.813934825000047],[90.93181060400008,22.828169540000033],[90.94539156200005,22.837670555000045],[90.94292048400007,22.862226285000077],[90.95565138900008,22.859428644000047],[90.98588796900003,22.877059006000025],[90.98152173200003,22.89218590200005],[90.99129145600006,22.903061045000072],[90.98131420200008,22.91618707400005],[90.99139972300009,22.931100031000028],[90.98892717600006,22.93968631200005],[90.99932535200008,22.94908115900006],[90.99489594200008,22.960888099000044],[90.99880569900006,22.97568545200005],[90.98779888300004,22.978293716000053],[90.98722344700008,22.972939834000044],[90.97366827500008,22.98502295700007],[90.96601303800009,22.97937472600006],[90.94413447500006,22.998144929000034],[90.93366604600004,22.986630456000057],[90.91960574700005,23.01292221400007],[90.89761165400006,23.011885474000053],[90.88667989900006,23.025631685000064],[90.89706619500004,23.038583078000045],[90.90506756300005,23.035219678000033],[90.91880617300006,23.041895226000065],[90.91083238500005,23.05707163200003],[90.90080066400003,23.061890461000075],[90.90005859600006,23.072501300000056],[90.91907926600004,23.06550272900006],[90.91112918900006,23.078679969000063],[90.92333149100006,23.077623433000042],[90.93169149000005,23.089772305000054],[90.93895453400006,23.08400658100004],[90.94421107900007,23.087289068000075],[90.94144789300003,23.10110337200007],[90.95373921700008,23.113619804000052],[90.95612236400007,23.130135434000067],[90.98075402300003,23.133199156000046],[90.98670704200003,23.117300476000025],[91.02035306000005,23.11287340800004],[91.02216022600004,23.10642838800004],[91.03526105700007,23.11469341800006],[91.04348636400005,23.09005483800007],[91.06554134100008,23.077480749000074],[91.08036096700005,23.076769283000033],[91.07943563100008,23.071601783000062],[91.14041403000004,23.07500194800008],[91.15990228700008,23.084072286000037],[91.16680065600008,23.07133020300006],[91.18603055600005,23.060064561000047],[91.23476631100004,23.065921727000045],[91.23553390800004,23.05878666700005],[91.25895213200005,23.054611459000057]]]]}},{"type":"Feature","id":"pabna","properties":{"district":"pabna","source_name":"Pabna","renamed":false},"geometry":{"type":"Polygon","coordinates":[[[89.72157552200008,24.01352505400007],[89.69339573300005,23.987298002000045],[89.69271246100004,23.942608687000074],[89.68671829100003,23.93996591000007],[89.68462387700004,23.925678658000038],[89.69542138200006,23.92391880100007],[89.70231088300005,23.89552487900005],[89.69681070400009,23.867219530000057],[89.70383132300003,23.877096608000045],[89.73274126100006,23.83536815800005],[89.69584461600004,23.814546509000024],[89.67244046600007,23.80973846300003],[89.58348972400006,23.814418382000042],[89.57152584900007,23.808109212000033],[89.52252710800008,23.816794480000056],[89.46257429700006,23.842679092000026],[89.40892953200006,23.88173434400005],[89.38396380100005,23.90809832900004],[89.36459926900005,23.91070432500004],[89.36513619700008,23.894746819000034],[89.35901578400006,23.89202366300003],[89.35694917700005,23.897992032000047],[89.35433801700003,23.88343771600006],[89.34714832900005,23.88922010400006],[89.31202603500003,23.874382638000043],[89.30387331400004,23.88877920300007],[89.27756025000008,23.905728948000046],[89.27105507600004,23.87670385200005],[89.26529003600007,23.877818993000062],[89.25861580400004,23.884741622000035],[89.26236039500003,23.90979061200005],[89.25132882000008,23.933750948000068],[89.23651402600007,23.94396142200003],[89.23700408400003,23.972887293000042],[89.215942,23.972680086000025],[89.21627636300008,23.988491423000028],[89.17776762300008,23.98742278000003],[89.17935938800008,23.962078569000028],[89.17025513800007,23.951068443000054],[89.14828067900004,23.950558643000022],[89.12488923100005,23.962422357000037],[89.09930448300008,23.95987195300006],[89.09620426700008,23.97252738800006],[89.07275535100007,23.977875315000063],[89.06281219200008,23.98737086700004],[89.02549043700003,24.093610451000075],[89.00667774600004,24.118116670000063],[89.01031056400006,24.129660817000058],[89.00375942800008,24.142437564000033],[89.01547336800007,24.142260125000064],[88.99808395800005,24.143724063000036],[89.01291924200007,24.146771131000037],[88.99809205800005,24.156845971000052],[89.02766419200003,24.169447991000027],[89.03387909000008,24.147522199000036],[89.04705583600008,24.13907097500004],[89.05604196000007,24.15089862900004],[89.08143263000005,24.15600165500007],[89.08125293200004,24.16620153200006],[89.09539147800007,24.15682449700006],[89.12647939800007,24.17007982000007],[89.15623133000008,24.17017224400007],[89.17502766200005,24.200668946000064],[89.18943682500009,24.19793916800006],[89.21526572400006,24.211740235000036],[89.22286528100005,24.224604561000035],[89.21947854700005,24.235072279000065],[89.22748107700005,24.23486247900007],[89.23167763200007,24.244983235000063],[89.23775196200006,24.242975478000062],[89.24078331100009,24.253908633000037],[89.23329280200005,24.257242646000066],[89.23330847500006,24.26664001300003],[89.24166159800006,24.275643418000072],[89.25493197800006,24.27345510500004],[89.27668323800003,24.304710490000048],[89.28594521300005,24.304634647000057],[89.28727062700005,24.330757206000044],[89.31035700400008,24.335462047000078],[89.31864074000003,24.35306579400003],[89.35001245800004,24.348451192000027],[89.36596304800008,24.35387894300004],[89.37828195500003,24.34820899500005],[89.37556408200004,24.339307916000053],[89.39746775100008,24.33767764600003],[89.39869670600007,24.32328100700005],[89.41844582100003,24.32168257400008],[89.42545017000003,24.307054203000064],[89.41755656900006,24.292688014000078],[89.42902862400007,24.26866763700008],[89.42466847100007,24.25026368500005],[89.43935772900005,24.252356881000026],[89.44782402500005,24.26794112600004],[89.45941967600004,24.262170274000027],[89.46315811400007,24.251011751000078],[89.45656851200005,24.23377656100007],[89.44658062700006,24.231273765000026],[89.45428510700003,24.227682643000037],[89.47445931400006,24.233798170000057],[89.47816598800006,24.229369517000066],[89.47346665900005,24.219207191000066],[89.46143130300004,24.22457178700006],[89.46942615600005,24.20082914900007],[89.48591386200007,24.203754417000027],[89.49002539900005,24.21727540100005],[89.50204762300007,24.216871491000063],[89.51244924800005,24.19815943900005],[89.52462452500004,24.19390717700003],[89.51569900700008,24.185442133000038],[89.51786022200008,24.178791885000066],[89.53511852700007,24.172804228000075],[89.53326171100008,24.166581181000026],[89.52524085300007,24.16945907300004],[89.52832910300003,24.156020624000064],[89.52168362900005,24.153917505000038],[89.53369917100008,24.130298208000056],[89.55789626200004,24.127066710000065],[89.56436824400004,24.121415443000046],[89.55554221000006,24.119179991000067],[89.55936165800006,24.111361400000078],[89.58122477800003,24.111315627000067],[89.68174279900006,24.06171685700008],[89.68301767500003,24.034242948000042],[89.69821330800005,24.03871016000005],[89.70243252400007,24.024375778000035],[89.72157552200008,24.01352505400007]]]}},{"type":"Feature","id":"panchagarh","properties":{"district":"panchagarh","source_name":"Panchagarh","renamed":false},"geometry":{"type":"Polygon","coordinates":[[[88.75655862000008,26.310574862000067],[88.76624395800008,26.28809351500007],[88.75813874300007,26.26153572900006],[88.76291949600005,26.236121057000048],[88.78180265700007,26.236881079000057],[88.79747352400005,26.214673928000025],[88.79057408300008,26.207529304000047],[88.79767211600006,26.20618490000004],[88.79387465900004,26.189324062000026],[88.77617946500004,26.18114835700004],[88.78173380400005,26.17754968400004],[88.77896253000006,26.166047647000028],[88.78900188200004,26.123164084000052],[88.76723430400006,26.087786980000033],[88.75809098000008,26.084014771000056],[88.77465395200005,26.073690596000063],[88.77855876500007,26.06405578300007],[88.76184180500007,26.041554140000073],[88.75876038700005,26.024525753000034],[88.74391767400004,26.024065708000023],[88.71761777100005,26.007428791000052],[88.70045313400004,26.007663188000038],[88.70007119700006,26.015240290000065],[88.66775454700007,26.01386715900003],[88.64521009200007,26.043569056000024],[88.62987093800007,26.049358195000025],[88.62675718200006,26.055931100000066],[88.63635968800008,26.07887095800004],[88.64651708100007,26.084261109000067],[88.64116238400004,26.102701753000076],[88.60765563100006,26.140051458000073],[88.57084311800008,26.15194536300004],[88.55950289300006,26.165631074000032],[88.56391329300004,26.172393079000074],[88.54449689200004,26.18164011400006],[88.54616731600004,26.189543447000062],[88.53438494800008,26.17853118900007],[88.52216092800006,26.180254066000032],[88.51647749100005,26.200884554000027],[88.47749787600009,26.203816318000065],[88.45803265600006,26.193212424000023],[88.45898281200004,26.197238794000043],[88.41660095900005,26.203334734000066],[88.40463738200003,26.194839630000047],[88.38539221600007,26.20081773800007],[88.38369333100007,26.182145054000046],[88.37015691800008,26.17900878300003],[88.35158271500006,26.18228968300008],[88.34415408900009,26.189656486000047],[88.33066885700003,26.18499542400008],[88.33379516700006,26.19148339900005],[88.32324274500007,26.200970351000024],[88.32305829700005,26.210343719000036],[88.35127013200008,26.22181673800003],[88.35922132600007,26.242939626000066],[88.34825041700003,26.25495419500004],[88.34943662700005,26.281448217000047],[88.36383540700007,26.30007396600007],[88.38871518000008,26.315178544000048],[88.41512808600004,26.316963526000052],[88.41561225300006,26.32443910300003],[88.40373340900004,26.32820648300003],[88.41268328300004,26.33697483000003],[88.43554522400007,26.335864826000034],[88.44645555700004,26.365033193000045],[88.45764787400003,26.376757293000026],[88.46315511800003,26.357359850000023],[88.47767960700008,26.35729217100004],[88.48354519000009,26.34967230500007],[88.49185583100007,26.351501581000036],[88.48831575200006,26.36036365700005],[88.50566741300008,26.363695837000023],[88.50570507600008,26.35079888200005],[88.51851878200006,26.351854540000033],[88.52321046600008,26.36159148400003],[88.51534015600004,26.36406734700006],[88.52478133500006,26.374666094000077],[88.51570806800004,26.372049135000054],[88.51281621000004,26.378244594000023],[88.51887742800005,26.388538933000063],[88.50482032500008,26.39897853100007],[88.51012344900005,26.405614616000037],[88.50185863000007,26.403347161000056],[88.49533375200008,26.410395616000073],[88.50222385500007,26.41810872900004],[88.49332084400004,26.42021842200006],[88.49817259100007,26.424276630000065],[88.48993201700006,26.432074664000027],[88.49616159500005,26.437195201000065],[88.47881774300004,26.453870727000037],[88.48520113700005,26.460349878000045],[88.43706922700005,26.46608309800007],[88.42838566100005,26.47302245800006],[88.41951578100009,26.46590391700005],[88.40552594200005,26.48514693900006],[88.38768332600006,26.47893940700004],[88.37440162500008,26.48851825400004],[88.36066728000009,26.48485056900006],[88.36603234300009,26.470853245000058],[88.35488959400004,26.44711329100005],[88.34625432600006,26.468699909000065],[88.34046386300008,26.46910027000007],[88.34068098800003,26.478436695000028],[88.33371987000004,26.478808232000063],[88.33206271900008,26.493200907000073],[88.35042847500006,26.51067168700007],[88.35937514000005,26.530286287000024],[88.35801209200008,26.543880570000056],[88.37041140800005,26.55965406400003],[88.37591231800008,26.594266074000075],[88.39846961500007,26.603725290000057],[88.38765841300005,26.612043451000034],[88.39836113400008,26.62593568400007],[88.41513003000006,26.633261210000057],[88.42271479900006,26.56612851600005],[88.44816718800007,26.535377398000037],[88.45643054400006,26.536987020000026],[88.45883505700004,26.547228045000054],[88.48431351300007,26.53989255500005],[88.48938376500007,26.514242789000036],[88.50804023700005,26.516284007000024],[88.52135339000006,26.510592340000073],[88.51862541400004,26.501329188000057],[88.52645257500006,26.481489929000077],[88.55646017600003,26.484872892000055],[88.55226701400005,26.477164549000065],[88.56297050400008,26.457640484000024],[88.59319993100007,26.449515672000075],[88.59584852100005,26.469276294000053],[88.62285124800007,26.471157379000033],[88.62824083500004,26.441124969000043],[88.62372836800006,26.434861211000054],[88.64976060100008,26.429687037000065],[88.65100870500004,26.421763894000037],[88.64497082500003,26.41994356300006],[88.66039449500005,26.41640829800008],[88.66774148400003,26.40730691300007],[88.68170363800004,26.40803610900008],[88.68357180300006,26.413789448000045],[88.68735627800004,26.401072921000036],[88.67574043400003,26.401138442000047],[88.67417384200007,26.395411911000053],[88.68617425100007,26.395718180000074],[88.68737978100006,26.386906877000058],[88.70224839400004,26.38855344500007],[88.68103115800005,26.380220587000053],[88.68656658000003,26.378900733000023],[88.68914485000005,26.363759538000068],[88.69623222400008,26.362039974000027],[88.69145211800009,26.360045545000048],[88.69776327300008,26.355670217000068],[88.69505754600004,26.344244090000075],[88.70394275600006,26.34198569700004],[88.70463757900006,26.332581180000034],[88.71278456000005,26.34372862600003],[88.74581724800004,26.34717462100008],[88.73382727000006,26.32858556700006],[88.74867880100004,26.33202312000003],[88.74645214500003,26.322474552000074],[88.73057966600004,26.323750166000025],[88.72439681600008,26.314754067000024],[88.69320586600008,26.314082274000043],[88.69568857400003,26.328820637000035],[88.67926660400008,26.322249275000047],[88.67524081000005,26.311448963000032],[88.68250346100007,26.31260922900003],[88.67823987900005,26.304373068000075],[88.68596854000003,26.29483076500003],[88.70647900700004,26.291489038000066],[88.70460578900008,26.285803086000044],[88.68619601100005,26.282120447000068],[88.68067144200006,26.29528056600003],[88.66798370500004,26.297266027000035],[88.667605,26.272042503000023],[88.67204221700007,26.272329588000048],[88.66734096800008,26.263474420000023],[88.67805573300006,26.26424955400006],[88.67942716300007,26.259009484000046],[88.69579113000003,26.27953844500007],[88.72194675400004,26.282926645000032],[88.71974630600005,26.29309802800003],[88.74546123500005,26.291100827000037],[88.74077736500004,26.295686169000078],[88.74662755700007,26.31111156700007],[88.75655862000008,26.310574862000067]]]}},{"type":"Feature","id":"patuakhali","properties":{"district":"patuakhali","source_name":"Patuakhali","renamed":false},"geometry":{"type":"MultiPolygon","coordinates":[[[[90.47753016600007,21.769193477000044],[90.47060804300008,21.773324942000045],[90.47639457600008,21.781913890000055],[90.47970316200008,21.77621502900007],[90.47753016600007,21.769193477000044]]],[[[90.39243603100005,21.796333709000066],[90.37833961100006,21.78919527000005],[90.38943658300008,21.803990102000057],[90.39243603100005,21.796333709000066]]],[[[90.48001689700004,21.801265783000076],[90.46127776800006,21.808681559000036],[90.46963320500004,21.819606289000035],[90.47721543600005,21.813273864000053],[90.48001689700004,21.801265783000076]]],[[[90.38091735900008,21.854209237000077],[90.38389401000006,21.83746928200003],[90.36875876000005,21.83606954800007],[90.37220918100007,21.853368292000027],[90.38091735900008,21.854209237000077]]],[[[90.43477582800006,21.831723213000032],[90.43287358300006,21.846118413000056],[90.45795453700003,21.858480874000065],[90.45984415900006,21.840882145000023],[90.43477582800006,21.831723213000032]]],[[[90.52395339200007,21.861152788000027],[90.54938421700007,21.85523737500006],[90.50104437800007,21.812459620000027],[90.48895694600003,21.81115731700004],[90.47751717500006,21.81965284300003],[90.48169314000006,21.843592563000072],[90.49561557300007,21.856555162000063],[90.52395339200007,21.861152788000027]]],[[[90.41925338200008,21.855311329000074],[90.41409142700007,21.858909992000065],[90.43439197900005,21.86540756000005],[90.43148297800008,21.860395346000075],[90.41925338200008,21.855311329000074]]],[[[90.52601992800004,21.886797433000027],[90.55662082700007,21.85896834700003],[90.54435056400007,21.857814226000073],[90.50356291200006,21.866166704000022],[90.52601992800004,21.886797433000027]]],[[[90.46844922600008,21.84915507900007],[90.46521924700005,21.863889189000076],[90.48343339300004,21.888744458000076],[90.48225472300004,21.858103276000065],[90.46844922600008,21.84915507900007]]],[[[90.40743154800003,21.87618526400007],[90.40787358700004,21.887610410000036],[90.41721178800003,21.89294142400007],[90.41646983500004,21.884337851000055],[90.40743154800003,21.87618526400007]]],[[[90.09031418400008,21.873857025000063],[90.09827770700008,21.887130754000054],[90.10849587800004,21.89580617300004],[90.09895945500006,21.882579083000053],[90.09031418400008,21.873857025000063]]],[[[90.49286511200006,21.87556956000003],[90.48947727900008,21.895945754000024],[90.49969657900004,21.910544171000026],[90.51135945900006,21.89105058100006],[90.49286511200006,21.87556956000003]]],[[[90.45116736800009,21.890722267000058],[90.41768821100004,21.880770899000026],[90.42260084300005,21.896630449000043],[90.45988780200008,21.910394861000043],[90.45116736800009,21.890722267000058]]],[[[90.47520543800005,21.902154765000034],[90.47635447900007,21.908892328000036],[90.48669097700008,21.920335899000065],[90.48377203200005,21.913077663000024],[90.47520543800005,21.902154765000034]]],[[[90.11032514100003,21.898377036000056],[90.10851602900004,21.91802511800006],[90.11469182700006,21.925818737000043],[90.11431813800004,21.904226567000023],[90.11032514100003,21.898377036000056]]],[[[90.13332047300008,21.928804780000064],[90.14147027200005,21.93571544300005],[90.14447012100004,21.931549533000066],[90.14339156600005,21.929064522000033],[90.13332047300008,21.928804780000064]]],[[[90.60695238700004,21.923815512000033],[90.60887217100009,21.958566347000044],[90.61003205200007,21.96355830400006],[90.61480636800007,21.943460877000064],[90.60695238700004,21.923815512000033]]],[[[90.54369932400004,21.979338066000025],[90.54533607900004,21.985141170000077],[90.55064047600007,21.984908329000064],[90.54369932400004,21.979338066000025]]],[[[90.58728844400008,21.98393598900003],[90.58682242500004,21.97424975200005],[90.60178566300004,21.967568065000023],[90.57631409600003,21.882481736000045],[90.55681810500005,21.880827732000057],[90.51713369800007,21.891522671000075],[90.50669365200008,21.916080393000072],[90.51517828200008,21.93881043700003],[90.56271172500004,21.985935690000076],[90.58728844400008,21.98393598900003]]],[[[90.30048640800004,21.953690644000062],[90.26416044900003,21.875585947000047],[90.25864861200006,21.844040886000073],[90.21947528400005,21.806206880000047],[90.18497362900007,21.79772956000005],[90.15271531700006,21.80280142600003],[90.10627750400005,21.819461939000064],[90.08548137400004,21.83926677900007],[90.08540951600008,21.85879978300005],[90.11046747400007,21.878525886000034],[90.11752505000004,21.89893700700003],[90.14785617300004,21.892159091000053],[90.16054005800004,21.91027765700005],[90.17269950600007,21.906628870000077],[90.18104595100004,21.92547730700005],[90.19004136200004,21.92816853000005],[90.19678754000006,21.934810122000044],[90.19508792300007,21.944023282000046],[90.19263785100009,21.93236071000007],[90.17851260100008,21.925683639000056],[90.17288340100004,21.91034279200005],[90.15730898000004,21.911075550000078],[90.14707134000008,21.89502126700006],[90.11905641900006,21.903219222000075],[90.11815239500004,21.925212092000038],[90.14174680400004,21.924046041000054],[90.14777518000005,21.93154659700008],[90.13667938800006,21.956416836000074],[90.15905220300004,21.98116153500007],[90.17424308600005,21.975169978000054],[90.20818705100004,21.983305649000044],[90.22337309100004,21.980442883000023],[90.25448544400007,21.95070842100006],[90.26372246300008,21.957434817000035],[90.27255114000008,21.978121514000065],[90.29605203200003,21.98993728100004],[90.30439976500008,21.974193094000043],[90.30048640800004,21.953690644000062]]],[[[90.56538671200008,22.000204131000032],[90.55391427000006,21.996370934000026],[90.56511465100004,22.009168811000052],[90.56538671200008,22.000204131000032]]],[[[90.58983180700005,21.986872900000037],[90.56720311200007,21.99394921000004],[90.58245144400007,22.022540718000073],[90.59270089400007,21.996051863000048],[90.58983180700005,21.986872900000037]]],[[[90.34993436400003,22.05084853900007],[90.34625540800005,22.040697093000063],[90.34306106300005,22.04494691600007],[90.34993436400003,22.05084853900007]]],[[[90.36683317800004,22.041249980000032],[90.36813423000007,22.048537590000024],[90.37666858400007,22.051984300000072],[90.37627573900005,22.048877636000043],[90.36683317800004,22.041249980000032]]],[[[90.38823130600008,22.03719669700007],[90.34948403400006,21.997902546000034],[90.34178867100007,21.995528281000077],[90.38090363300006,22.05352814400004],[90.39011542400004,22.046455070000036],[90.38823130600008,22.03719669700007]]],[[[90.48447775400007,21.98761812200007],[90.49837684200008,21.960245378000025],[90.46451766600006,21.91884551100003],[90.40861419100008,21.894004788000075],[90.39208939700006,21.865941924000026],[90.39318159300007,21.870692387000076],[90.37170329100007,21.88506468500003],[90.35507937600005,21.915555124000036],[90.37498896900007,21.868348231000027],[90.35804516500008,21.851557145000072],[90.34256966900006,21.847765523000078],[90.32664120800007,21.846841572000073],[90.31339421400008,21.854516571000033],[90.30679809700007,21.883166422000045],[90.35611086500006,21.979134016000046],[90.41913988700009,22.032816742000023],[90.46615550900003,22.054269737000027],[90.47935538600007,22.029466426000056],[90.48447775400007,21.98761812200007]]],[[[90.39105738500007,22.039221878000035],[90.39808317300003,22.053128714000025],[90.40604219200009,22.056694701000026],[90.39453394400005,22.044711281000048],[90.39105738500007,22.039221878000035]]],[[[90.44422543100006,22.054467645000045],[90.44392851000003,22.061998046000042],[90.44726645400004,22.063423166000064],[90.44821328300009,22.058819253000024],[90.44422543100006,22.054467645000045]]],[[[90.47861945500006,22.04546676500007],[90.48261777600004,22.033562974000063],[90.47593402300004,22.04750619600003],[90.47486354300008,22.053246126000033],[90.47887643400009,22.064588642000047],[90.47861945500006,22.04546676500007]]],[[[90.45198868700004,22.056478283000047],[90.45092604900003,22.065205880000065],[90.45843586100005,22.067874148000044],[90.45911859500006,22.060940334000065],[90.45198868700004,22.056478283000047]]],[[[90.39927737300007,22.055187914000044],[90.39233253100008,22.047435938000035],[90.38312159700007,22.05480811700005],[90.36797900400006,22.049643812000056],[90.34292916700008,22.00248813500008],[90.34015653800003,22.02227441900004],[90.36456954000005,22.06053541500006],[90.38996932100008,22.083950249000054],[90.42605706600006,22.075780930000064],[90.39927737300007,22.055187914000044]]],[[[90.50538002000008,22.136306624000042],[90.49830587100007,22.138336237000033],[90.50500795300007,22.13989324000005],[90.50538002000008,22.136306624000042]]],[[[90.38965961200006,22.131118901000036],[90.38844227900006,22.136284932000024],[90.39718092200008,22.141570727000044],[90.39577335700005,22.133685757000023],[90.38965961200006,22.131118901000036]]],[[[90.57856315100008,22.051480535000053],[90.50405231600007,21.958876282000062],[90.48477017600004,22.015585817000044],[90.50549214700004,22.02888533600003],[90.48761165300004,22.025736556000027],[90.48112834700004,22.04927671400003],[90.48513491000006,22.073742034000077],[90.53906193100005,22.136414546000026],[90.56738118000004,22.17972624300006],[90.58555077300008,22.18478458800007],[90.57001517600008,22.150052600000038],[90.58466499700006,22.140190234000045],[90.58585161800005,22.08736228400005],[90.57856315100008,22.051480535000053]]],[[[90.54214049300003,22.178278341000066],[90.53820723200005,22.189913819000026],[90.54293286400008,22.200684614000068],[90.54214049300003,22.178278341000066]]],[[[90.56747216500008,22.203133318000027],[90.56757541600007,22.20890687800005],[90.57856084500008,22.227333005000048],[90.57534856300003,22.210851563000062],[90.56747216500008,22.203133318000027]]],[[[90.57001082200009,22.192286065000076],[90.56702438300005,22.199586734000036],[90.57566226600005,22.20911760300004],[90.57935446100004,22.22535821400004],[90.57802224200003,22.234711795000067],[90.58646164800007,22.238984044000063],[90.58534068200004,22.21016153200003],[90.57001082200009,22.192286065000076]]],[[[90.62153596900004,22.24347691500003],[90.58675733000007,22.189038694000033],[90.57750847600005,22.19068489800003],[90.58653085600008,22.206332729000053],[90.59203505100004,22.227203787000064],[90.58947400400007,22.240980966000052],[90.62153596900004,22.24347691500003]]],[[[90.64875877700007,22.28622672000006],[90.62023065200003,22.25998558300006],[90.61336148500004,22.259952089000024],[90.63546261900007,22.285084007000023],[90.64643767700005,22.305118535000076],[90.64875877700007,22.28622672000006]]],[[[90.66282041600005,22.412942998000062],[90.66040478000008,22.40947319600008],[90.66264919900004,22.416661371000032],[90.66282041600005,22.412942998000062]]],[[[90.61121124300007,22.478325445000053],[90.60111198500005,22.466883186000075],[90.60878686800004,22.48325942100007],[90.61121124300007,22.478325445000053]]],[[[90.53937144400004,22.563341197000057],[90.58799258300007,22.532852796000043],[90.59102432000003,22.52431555800007],[90.58548420700004,22.525623953000036],[90.60766396600008,22.494919439000057],[90.60632504300008,22.479632048000042],[90.59678344500009,22.488532302000067],[90.59259606700004,22.500822078000056],[90.58837334900005,22.504928994000068],[90.59487359600007,22.48990317700003],[90.60484205500006,22.476000686000077],[90.58929849400005,22.44943057100005],[90.58994602000007,22.420124185000077],[90.60788844500007,22.404120600000056],[90.61567736300003,22.40402506600003],[90.59093390500004,22.43099081300005],[90.59464603400005,22.44527065400007],[90.61754032000005,22.47580519400003],[90.64456302100007,22.45190434500006],[90.63872089700004,22.41833609100007],[90.64315452600005,22.38136209700008],[90.65697929500004,22.383091291000028],[90.66056914400008,22.317660190000026],[90.64334700500007,22.313921366000045],[90.64617726800003,22.306679897000038],[90.63444325300009,22.286940516000072],[90.61731602200007,22.274237330000062],[90.61808647600003,22.295080529000074],[90.62749000400004,22.31211968300005],[90.61153153000004,22.313266402000068],[90.59386733000008,22.26696149000003],[90.52933997800005,22.207331916000044],[90.51844488800003,22.176484240000036],[90.51088107600003,22.171345083000062],[90.50249805000004,22.166494928000077],[90.49687147700007,22.17205776800006],[90.48538926200007,22.206005634000064],[90.49551640100003,22.21159212200007],[90.48343070100003,22.205652917000066],[90.49714451500006,22.15470332600006],[90.46507341600005,22.10914260100003],[90.43204098200005,22.077871936000065],[90.39083311800005,22.089401574000078],[90.38677324800005,22.105665791000035],[90.38799664200008,22.121391165000034],[90.40509221300005,22.142814955000063],[90.40664735300004,22.172517867000067],[90.43208190000007,22.18153553700006],[90.43672279300006,22.191126009000072],[90.40123335300007,22.17516054500004],[90.39584644200005,22.164596525000036],[90.39849004800004,22.149093976000074],[90.38552024700004,22.137343798000074],[90.37468832000008,22.114155781000022],[90.37768346900003,22.08288281800003],[90.33163931000007,22.04688801700007],[90.30755060500007,21.982251146000067],[90.29783157400004,21.992021890000046],[90.28701888300003,21.99366654100004],[90.27171791800004,22.02125394500007],[90.28381289000004,21.992739863000054],[90.26471283000006,21.976421438000045],[90.25723992000007,21.953963376000047],[90.22695699100007,21.98033773700007],[90.21728834500004,21.985014946000035],[90.17365646700006,21.977417685000034],[90.15882494300007,21.98422139300004],[90.14741514900004,21.974765986000023],[90.16225534800003,21.98775215300003],[90.17152095500006,21.981299915000022],[90.19117240200006,21.984693119000042],[90.17869848900006,22.00248618300003],[90.18504681000007,22.013091130000078],[90.17867169200008,22.020480031000034],[90.20252124600006,22.021971519000033],[90.21121134800006,22.048398504000033],[90.20173569200006,22.05267645500004],[90.19897071300005,22.063176283000075],[90.19552449600008,22.05877496900007],[90.18704370600005,22.065467054000067],[90.18550032100006,22.084138383000038],[90.19686808100005,22.09137331200003],[90.20918217300004,22.083558699000037],[90.20011582400008,22.07601803400007],[90.20696923500003,22.069174042000043],[90.21262910800004,22.071966357000065],[90.22168322500005,22.06286560800004],[90.23301503500005,22.062144327000055],[90.22726893500004,22.04727845700006],[90.23878269700003,22.043850968000072],[90.22148264400005,22.034412150000037],[90.23929331900007,22.03341927400004],[90.24760510500005,22.02016057000003],[90.25612943000004,22.03302565900003],[90.27637298900004,22.030885735000027],[90.27932501500004,22.049809750000065],[90.28893580800008,22.057267146000072],[90.27905888700008,22.06420838300005],[90.28842154500006,22.063843191000046],[90.29658835300006,22.076536721000025],[90.31736321900007,22.082232917000056],[90.31620171000009,22.09225606600006],[90.32492232800007,22.09307578100004],[90.32951426100004,22.085712555000043],[90.33284044800007,22.107423738000023],[90.34543713000005,22.109469858000068],[90.33681340700008,22.165938066000024],[90.37184218200008,22.197959990000072],[90.35188443900006,22.195493929000065],[90.34804847400005,22.205203037000047],[90.35628399900008,22.20584218700003],[90.36320751900007,22.215247386000044],[90.35960942900005,22.23156646800004],[90.34798207800009,22.231634107000048],[90.32831055400004,22.246401151000043],[90.33415416800005,22.262556606000032],[90.30415301100004,22.24449052500006],[90.28886357000005,22.243443608000064],[90.29169634900006,22.23623652400005],[90.28668734800004,22.235112473000072],[90.28262291400006,22.24889463200003],[90.28843214400007,22.24809731700003],[90.29012238000007,22.25769775200007],[90.24568481800009,22.26161256100005],[90.22515187700003,22.233638171000052],[90.23283689600004,22.227445043000046],[90.22495844100007,22.217121960000043],[90.17906711400008,22.23558672300004],[90.15856651100006,22.249578498000062],[90.14794252200005,22.27301426100007],[90.14571417300004,22.312472454000044],[90.15640192300003,22.310369654000056],[90.15933458900008,22.321736994000048],[90.15096860400007,22.321602426000027],[90.13828954300004,22.343015329000025],[90.17529268200008,22.32407875000007],[90.16835483700004,22.33859030900004],[90.17839062500008,22.33988756100007],[90.18179843900003,22.34741549900008],[90.18766520500003,22.395128013000033],[90.19574559300008,22.414938249000045],[90.21133578100006,22.41816497600007],[90.22384629800007,22.43950987200003],[90.22173947200008,22.449004235000075],[90.26049347300005,22.460695161000046],[90.27283362200006,22.474555870000074],[90.27386790300005,22.469427860000053],[90.28497289200004,22.46802754400005],[90.30834818100004,22.473560529000054],[90.31317245400004,22.483487522000075],[90.33596274700005,22.468405106000034],[90.36581405400005,22.50404469600005],[90.39224911400004,22.484585776000074],[90.41084962600007,22.48050579200003],[90.42699763000007,22.460975645000076],[90.43947561500005,22.48077190600003],[90.44012632600004,22.510361534000026],[90.45672679200004,22.535215175000076],[90.47723111400006,22.532304660000023],[90.50119377600004,22.54685895700004],[90.50704782700006,22.534848818000057],[90.51413793800003,22.534909604000063],[90.52850569700007,22.546935285000075],[90.51361805300007,22.552099164000026],[90.51567539000007,22.55987093600004],[90.53937144400004,22.563341197000057]]],[[[90.57522283700007,22.570456583000066],[90.58623413900006,22.547357748000024],[90.55887554400005,22.56600756200004],[90.55252329500007,22.586584869000035],[90.55774382500005,22.58827391400007],[90.57522283700007,22.570456583000066]]],[[[90.53597703900004,22.581000218000042],[90.53799536600008,22.58987191700004],[90.54638781500006,22.571165552000025],[90.53597703900004,22.581000218000042]]],[[[90.54677855600005,22.592538534000028],[90.55715644500003,22.58902207700004],[90.55162294000007,22.587224556000024],[90.54677855600005,22.592538534000028]]]]}},{"type":"Feature","id":"pirojpur","properties":{"district":"pirojpur","source_name":"Pirojpur","renamed":false},"geometry":{"type":"MultiPolygon","coordinates":[[[[89.88928940600005,22.158189925000045],[89.88774280300004,22.16523912100007],[89.89092844900006,22.158267821000038],[89.88928940600005,22.158189925000045]]],[[[90.17715254900008,22.752680061000035],[90.18824993100009,22.74526616600008],[90.18615806900004,22.740357909000068],[90.15885120300004,22.720257245000028],[90.13813980800006,22.673560467000073],[90.09870699900006,22.656857441000056],[90.09656348800007,22.639441643000055],[90.10930289000004,22.610796168000036],[90.10236119500007,22.596308856000064],[90.07742831000007,22.58781026300005],[90.06366714200004,22.594426075000058],[90.05594197500005,22.579495768000072],[90.06568686000008,22.552760160000048],[90.06454044900005,22.508417267000027],[90.07276721100004,22.511555360000045],[90.07037643100006,22.50062321200005],[90.07918038200006,22.49509111200007],[90.07908221900004,22.487553905000027],[90.10055881300008,22.49934694800004],[90.11218690800007,22.49338637900007],[90.11685182600007,22.502995604000034],[90.13399019900004,22.48690442900005],[90.12322987200008,22.467939427000033],[90.10648000900005,22.459517438000034],[90.10070764900007,22.444663382000044],[90.07677732500008,22.440207456000053],[90.06348918900005,22.465221980000024],[90.05668004700004,22.457923527000048],[90.05997683400005,22.443174949000024],[90.03694077500006,22.448519068000053],[90.02728271600006,22.44283258100006],[90.02907449300005,22.419155412000066],[90.03865295100007,22.40181397500004],[90.02290114200008,22.394406385000025],[90.01900351900008,22.371828962000052],[90.03225710900006,22.364040483000053],[90.03798245600007,22.37231968100008],[90.05581121800003,22.356437406000055],[90.04948286600006,22.335662926000055],[90.05289324000006,22.31464980100003],[90.04183925700005,22.317037518000063],[90.03918747500006,22.304712290000055],[90.02398617100005,22.29310643900004],[90.02024688600005,22.275279956000077],[90.02920981600005,22.259829290000027],[90.01887954100005,22.230868875000056],[89.99732283400004,22.227802772000075],[90.00055439300007,22.214296364000063],[89.99158877700006,22.209607005000066],[89.99082026700006,22.198733193000066],[89.97233351100004,22.206516795000027],[89.96512858900007,22.21819916100003],[89.96899179500008,22.191006345000062],[89.95882109800004,22.18271386400005],[89.95787212000005,22.172016271000075],[89.94295570300005,22.176433532000033],[89.93082342900004,22.16256913600006],[89.90719307400008,22.15876038400006],[89.89760556200008,22.178268210000056],[89.88587292600005,22.177272801000072],[89.85982863400005,22.241253869000047],[89.86235793900005,22.29112723700007],[89.89555744200004,22.34692371700004],[89.90162346000005,22.36973953100005],[89.87089229800006,22.417144343000075],[89.89700034900005,22.441610654000044],[89.93002207400008,22.446331745000066],[89.94378428000005,22.459512003000043],[89.94253575800008,22.47167065000008],[89.93067271800004,22.477897831000064],[89.90844843700006,22.47337562000007],[89.89238299600004,22.477276338000024],[89.88323878400007,22.488006152000025],[89.88458368800008,22.50268919800004],[89.91389801400004,22.50538500500005],[89.94987190300003,22.49222992500006],[89.96839114700003,22.496981190000042],[89.96463440900004,22.507684108000035],[89.92346231100004,22.512500213000067],[89.95392539600005,22.553497883000034],[89.96236277200006,22.593198323000024],[89.92063971900006,22.606155063000074],[89.92721164900007,22.640876476000074],[89.89008292500006,22.663828546000047],[89.89665324200007,22.67496210400003],[89.91408735100003,22.659757353000032],[89.93708825100003,22.679443855000045],[89.93326386000007,22.68388500100008],[89.90328777800005,22.695368966000046],[89.86729186600007,22.691804155000057],[89.86246852300008,22.701951871000063],[89.90735752700004,22.726560153000037],[89.93144743000005,22.723345807000044],[89.93212284300006,22.750831770000048],[89.91279194700007,22.75283268800007],[89.90537724300003,22.774353433000044],[89.92243564900008,22.784255175000055],[89.93825779700006,22.784943284000065],[89.92783351400004,22.796596691000047],[89.91408498600003,22.800466200000074],[89.91532273600006,22.807366381000065],[89.94443541400005,22.82571229100006],[89.94151135300007,22.863029164000068],[89.96174337100007,22.852930574000027],[89.98682163000007,22.865549601000055],[90.01837247000003,22.87104325300004],[90.03473090800009,22.865515867000056],[90.02774382900003,22.81754601700004],[90.05444488400008,22.826900047000038],[90.05118796800008,22.810398201000055],[90.06847928000008,22.800476051000032],[90.07672675900005,22.78482019000006],[90.09304992300008,22.785445563000053],[90.10068015800005,22.78206399900006],[90.09902288400008,22.775514991000023],[90.11459256400008,22.778073548000066],[90.13250520400004,22.767373303000056],[90.14158394800006,22.768404394000072],[90.14434837800007,22.75711958200003],[90.15222329200003,22.762853798000037],[90.16679783800004,22.760524619000023],[90.16797509000008,22.74744134900004],[90.17715254900008,22.752680061000035]]]]}},{"type":"Feature","id":"rajbari","properties":{"district":"rajbari","source_name":"Rajbari","renamed":false},"geometry":{"type":"Polygon","coordinates":[[[89.73274126100006,23.83536815800005],[89.77094028600004,23.83329234000007],[89.78210195300005,23.79634174000006],[89.86490040800004,23.718870982000055],[89.84422253600007,23.713033937000034],[89.84487461200007,23.70239747900007],[89.81051296000004,23.72125556900005],[89.79116964800005,23.711114657000053],[89.78983683900003,23.682885739000028],[89.75680846300008,23.67836791800005],[89.75573442500007,23.66655316400005],[89.73850497100005,23.666260841000053],[89.73229813500006,23.677615615000036],[89.72187492200004,23.67123768500005],[89.73019011000008,23.65642297200003],[89.72841408800008,23.61910627800006],[89.75460569500007,23.597850641000036],[89.75218105000005,23.590014242000052],[89.73380708200006,23.581753852000077],[89.71199814800008,23.596800809000058],[89.71310533400003,23.589369460000057],[89.66946180400004,23.585615439000037],[89.67246546500007,23.59668860000005],[89.66645201900008,23.60878191000006],[89.65474310000008,23.609614986000054],[89.64627286500007,23.590792067000052],[89.63132348100004,23.588210082000046],[89.61126402300005,23.591652888000056],[89.59445584100007,23.60771009900003],[89.59717833800005,23.596198266000044],[89.58590082200004,23.594393688000025],[89.56481393100006,23.604026947000023],[89.56190864300004,23.59183711600008],[89.54822378800009,23.59092005900004],[89.54224736700007,23.576793559000066],[89.54432029700007,23.570417509000038],[89.55379406500003,23.57080912200007],[89.54430578500006,23.560154088000047],[89.52067825600005,23.58589045100007],[89.50838032500008,23.59028365200004],[89.49731996600008,23.579061368000055],[89.48422877700006,23.59276382400003],[89.47061362200003,23.597130996000033],[89.48212492400006,23.619905911000046],[89.48021327300006,23.627453555000045],[89.43925805600009,23.64076711100006],[89.43951162800005,23.658849920000023],[89.41127038700006,23.681866538000065],[89.38570057200008,23.676506438000047],[89.37515822500006,23.664713145000064],[89.34914661800008,23.671099783000045],[89.34799616800007,23.682774895000023],[89.32160699000008,23.702990985000042],[89.32254762800005,23.71316375300006],[89.31149245500006,23.71944882100007],[89.31098379900004,23.731068228000026],[89.29815841000004,23.736022302000038],[89.31502689100006,23.747488717000067],[89.32113581300007,23.761301094000032],[89.32198631700004,23.766013998000062],[89.31048082700005,23.76877546700007],[89.31107153700003,23.77616417400003],[89.33019636800003,23.778542491000053],[89.32696037400007,23.795265632000053],[89.33646230000005,23.828747831000044],[89.35133368400005,23.841130430000078],[89.35242787300007,23.862325574000067],[89.36322092200004,23.87009588500007],[89.35518662300007,23.888789976000055],[89.35694917700005,23.897992032000047],[89.35901578400006,23.89202366300003],[89.36513619700008,23.894746819000034],[89.36459926900005,23.91070432500004],[89.39032586100006,23.90480889500003],[89.40892953200006,23.88173434400005],[89.46257429700006,23.842679092000026],[89.52252710800008,23.816794480000056],[89.57152584900007,23.808109212000033],[89.58348972400006,23.814418382000042],[89.67244046600007,23.80973846300003],[89.69584461600004,23.814546509000024],[89.73274126100006,23.83536815800005]]]}},{"type":"Feature","id":"rajshahi","properties":{"district":"rajshahi","source_name":"Rajshahi","renamed":false},"geometry":{"type":"Polygon","coordinates":[[[88.50556983200005,24.718630889000053],[88.52234809900006,24.706721816000027],[88.58023938900004,24.69929969700007],[88.57118262100005,24.680876676000025],[88.57834019300003,24.67623505000006],[88.59136741700007,24.686650050000026],[88.59352243000006,24.69843489400006],[88.62037986900003,24.701792153000042],[88.62962284800005,24.670309623000037],[88.63014671300004,24.652169421000053],[88.62360976600007,24.64528084600005],[88.62988994100004,24.63138814900003],[88.63624004500008,24.631569472000024],[88.63087177100005,24.62769369700004],[88.63596462900006,24.618120270000077],[88.64607218000003,24.62143471400003],[88.64914395200003,24.631342244000052],[88.65681665100004,24.62412998800005],[88.68267188300007,24.637004110000078],[88.69418646800005,24.63315842000003],[88.69593311400007,24.62537497900007],[88.69804326700006,24.630871134000074],[88.70631252000004,24.62874649500003],[88.70250714600007,24.63827036400005],[88.69518065500006,24.639835754000046],[88.70349679500004,24.64785473300003],[88.70027420000008,24.65993846500004],[88.71416414800007,24.66747054600006],[88.72483103700006,24.659721090000062],[88.72849158400004,24.666196228000047],[88.73534555900005,24.663774751000062],[88.74266559700004,24.683464881000077],[88.76805240500005,24.667539517000023],[88.79747192600007,24.686593569000024],[88.80544371100007,24.675730028000032],[88.81332323900006,24.674925590000043],[88.81089016900006,24.65805864300006],[88.82265779900007,24.65287420900006],[88.85464132700008,24.658431247000067],[88.88091646700008,24.63641204700008],[88.87870678200005,24.64256847100006],[88.88899080400006,24.638256011000067],[88.90957551600007,24.643229012000063],[88.93355235400008,24.588658087000056],[88.95467319800008,24.579142241000056],[88.96329111800009,24.583600881000052],[88.96250548600005,24.549364556000057],[88.94716563900005,24.54512327300006],[88.94102283200004,24.53612744000003],[88.92101284600005,24.544528617000026],[88.89656532400005,24.534866713000042],[88.89724826700007,24.52661150600005],[88.88019034100006,24.520472597000037],[88.88417118600006,24.51587954300004],[88.89369885000008,24.520354949000023],[88.89906594400009,24.51141492000005],[88.92387696600008,24.517085660000077],[88.92839772800005,24.510897931000045],[88.92298934000007,24.502888142000074],[88.90543871500006,24.497833985000057],[88.89257719500006,24.475122890000023],[88.90006565300007,24.464244231000066],[88.89315409100004,24.455833039000026],[88.90262044100007,24.446341329000063],[88.89716039700005,24.440010012000073],[88.90245628900004,24.407957727000053],[88.89002563100007,24.383265033000043],[88.89638063100006,24.37841619900007],[88.89369623100004,24.36829962400003],[88.88308512200007,24.362039105000065],[88.86173971400007,24.362785685000063],[88.84666521100007,24.339748378000024],[88.85103822500008,24.325498285000037],[88.84687299800004,24.31920668400005],[88.85349125900007,24.30475054300007],[88.86606756400005,24.310920444000033],[88.87823140400008,24.29269565900006],[88.90267689700005,24.290282872000034],[88.90002275000006,24.27105547800005],[88.91762955900003,24.250964871000065],[88.91533233700005,24.24058883300006],[88.90072994500008,24.240223284000024],[88.89566284000006,24.22882112800005],[88.88076112300007,24.22515918700003],[88.87575637600008,24.233278937000023],[88.87190329900005,24.226770178000038],[88.87469121200007,24.216400719000035],[88.86896290300007,24.208948402000033],[88.87607098600006,24.20107634900006],[88.86554019200008,24.185734870000033],[88.87244004600007,24.179549047000023],[88.86053999000006,24.16605523900006],[88.89536798300009,24.158143429000063],[88.88278298700004,24.130393663000063],[88.87173766400008,24.130387521000046],[88.86070847200006,24.111825336000038],[88.84371990900007,24.12587918400004],[88.81949846800006,24.121130995000044],[88.79601084200004,24.128595682000025],[88.75721523200008,24.161818364000055],[88.73342434600005,24.193875496000032],[88.74089625900007,24.254025051000042],[88.73540466900005,24.27656534500005],[88.72474047200006,24.297877975000063],[88.70628415400006,24.31188162500007],[88.65889867100003,24.314517649000038],[88.65254804200003,24.30518737400007],[88.64889364000004,24.31106042500005],[88.62850371100006,24.305189538000036],[88.62366896000003,24.315603201000044],[88.58804442000007,24.31197748200003],[88.58708759400008,24.32420206200004],[88.56758096300007,24.326709357000027],[88.55505209000006,24.293409159000078],[88.52710991700008,24.34446661800007],[88.50786110700005,24.342556237000053],[88.49594225500005,24.354486265000048],[88.43033953700007,24.38377338500004],[88.38938772200004,24.37191441600004],[88.34522955700004,24.37660648800005],[88.29168668900007,24.416361798000025],[88.32817270900006,24.438435522000077],[88.33089025100008,24.447629712000037],[88.31537719000005,24.46116178500006],[88.30524750800004,24.481450549000044],[88.31206678600006,24.521188137000024],[88.30052402200005,24.56492922700005],[88.31841046400007,24.569340329000056],[88.33159040300006,24.58624216800007],[88.34495473700008,24.585985049000044],[88.36112032400007,24.603167856000027],[88.36928425700006,24.59463982500006],[88.36989307700009,24.602241707000076],[88.39129586100006,24.600106906000065],[88.42125557900005,24.615573211000026],[88.41799179700007,24.630340861000036],[88.43040244900004,24.639182580000067],[88.41993944400008,24.647875448000036],[88.43341675600004,24.650512594000077],[88.43474815800005,24.66631995700004],[88.49085809000007,24.65661915900006],[88.48868144500005,24.665195635000032],[88.50060431300005,24.666451713000072],[88.50141808300003,24.674246116000063],[88.51102487600008,24.672390162000056],[88.51059525000005,24.682118632000027],[88.48051145900007,24.678821653000057],[88.47258456400004,24.668800926000074],[88.45537895100006,24.678114309000023],[88.45992279100005,24.684851776000073],[88.48284295400003,24.681251019000058],[88.48973213600004,24.690325132000055],[88.48787414600008,24.706517143000042],[88.50556983200005,24.718630889000053]]]}},{"type":"Feature","id":"rangamati","properties":{"district":"rangamati","source_name":"Rangamati","renamed":false},"geometry":{"type":"Polygon","coordinates":[[[92.61390871200007,21.851907425000036],[92.58691051000005,21.880526861000078],[92.53049922700006,22.007600911000054],[92.49862162600004,22.113528478000035],[92.49786051000007,22.14814451600006],[92.48273804000007,22.22217594500006],[92.46163628300008,22.256451119000076],[92.40124383400007,22.313960545000043],[92.36193291900008,22.340862961000028],[92.27971903000008,22.35545650800003],[92.24424919300009,22.33713934800005],[92.20567847800004,22.330663430000072],[92.19552867000004,22.332278750000057],[92.19741642000008,22.343229660000077],[92.19080263500007,22.34567287300007],[92.13294790300006,22.349518227000033],[92.14012623800005,22.36693865700005],[92.12008756500006,22.36702806200003],[92.09921291600006,22.400823951000064],[92.11854739100005,22.41607890800003],[92.11628606100004,22.423268884000038],[92.14227652300008,22.436409179000066],[92.14043684700005,22.448457983000026],[92.12829718000006,22.458512014000064],[92.13399401200007,22.464122046000057],[92.13324375800005,22.479398867000043],[92.11659337300006,22.529010827000036],[92.10776766000004,22.53040438900007],[92.10673577600005,22.55639239900006],[92.09947310700005,22.55756393000007],[92.10409420700006,22.570225494000056],[92.07617353100005,22.593187164000028],[92.08026601900008,22.609661738000057],[92.06032145600005,22.614828196000076],[92.04624560500008,22.607328162000044],[92.03807351500006,22.623198381000066],[92.02842347800004,22.60949333600007],[92.01285788000007,22.604944646000035],[92.00640671300005,22.581626022000023],[92.01724135600006,22.569210313000042],[92.01471048300004,22.54877093300007],[92.02738504400008,22.528681514000027],[92.01734733100005,22.51761122100004],[92.02156793700004,22.509255402000065],[92.01636377200003,22.499432128000024],[91.98778784200005,22.483485786000074],[91.98102071600005,22.48410358800004],[91.98704962100004,22.492182256000035],[91.97614065500005,22.49037830700007],[91.97040702500004,22.495726168000033],[91.97824461700009,22.507933834000028],[91.96862215800007,22.549412631000052],[91.95587953000006,22.589657749000025],[91.94133436000004,22.60695260500006],[91.94502257600004,22.61172418500007],[91.93472138000004,22.657111076000035],[91.94306219100008,22.668389343000058],[91.92572874700005,22.680367158000024],[91.92755144400007,22.68870978600006],[91.96267247900005,22.691159268000035],[91.96664272400005,22.717791636000072],[91.99423820200008,22.72054931300005],[92.00141374600008,22.72681304400004],[91.97616306100008,22.785388615000045],[91.98127542100008,22.83493791500007],[92.00018236700004,22.84173689800008],[92.01887368200005,22.88401069200006],[92.03706741500008,22.883588952000025],[92.05480585900006,22.895660043000078],[92.06911132500005,22.932578827000043],[92.11831295400003,22.958614526000076],[92.10423909500008,23.004649803000063],[92.07174376800003,23.072688518000064],[92.11402336600008,23.079730829000027],[92.13631098000008,23.09488577600007],[92.14255415600007,23.089258460000053],[92.18107987600007,23.101950214000055],[92.13300098600007,23.208756271000027],[92.12476243300006,23.31942353000005],[92.04928714400006,23.365290886000025],[92.13697396300006,23.430432475000032],[92.11564762000006,23.555993744000034],[92.07379211600005,23.647587696000073],[92.07925776500008,23.64869957700006],[92.07630349000004,23.66804538100007],[92.08306730100009,23.680126173000076],[92.09969839900003,23.67678697100007],[92.10718323600008,23.68946925700004],[92.12377663500007,23.695750564000036],[92.14419712800003,23.733216952000078],[92.16235094400008,23.739712375000067],[92.17178897200006,23.73870682100005],[92.16959280600008,23.723370196000076],[92.17848941200003,23.708139175000042],[92.18867089900004,23.71001973500006],[92.20696833100004,23.70065122400007],[92.21378179600003,23.685135763000062],[92.20643908000005,23.675163032000057],[92.21250684200004,23.652888078000046],[92.22569041600008,23.65524524700004],[92.23317579400003,23.66763626200003],[92.23228194400008,23.685190859000045],[92.24219469500008,23.694835028000057],[92.23708235800007,23.71132993300006],[92.24411550000008,23.722217064000063],[92.27469233400006,23.72041089000004],[92.28976455500003,23.700027239000065],[92.29101956800008,23.68113093100004],[92.27336459600008,23.643952615000046],[92.27975779100007,23.639207544000044],[92.27804278700006,23.62818245400007],[92.28792199100008,23.62907252100007],[92.29584636300007,23.62147693000003],[92.28724133600008,23.61684139700003],[92.28711726300008,23.59615097300008],[92.29673468000004,23.588148147000027],[92.30183118500008,23.59219569100003],[92.30809759100003,23.577762085000074],[92.30706193800006,23.56346385100005],[92.31324944500005,23.55669699300006],[92.30686803100008,23.536026652000032],[92.31781585100003,23.52624978600005],[92.31314739100009,23.519651934000024],[92.31970235000006,23.51256505400005],[92.32185736800005,23.491921141000034],[92.31630760000007,23.487402961000043],[92.32371315200004,23.47379477800007],[92.31701984200004,23.471813247000057],[92.33167958800004,23.466352508000057],[92.32527474700004,23.459238755000058],[92.33346356100003,23.429001108000023],[92.34625980200008,23.433411516000035],[92.34751567000006,23.413319915000045],[92.35716975700007,23.410888155000066],[92.35256320500008,23.381197737000036],[92.36488157500008,23.379712276000078],[92.35611133400005,23.372747231000062],[92.36133933200006,23.36696118900005],[92.36849053700007,23.372127668000076],[92.37904694000008,23.362105530000065],[92.38079155800006,23.35168604300003],[92.36815932000007,23.32563389300003],[92.38568987200006,23.306261023000047],[92.38093020200006,23.28528095200005],[92.38799038400003,23.281528042000048],[92.39458090900007,23.264486066000075],[92.38834377000006,23.26549999300005],[92.38952101000007,23.259492519000048],[92.39838596800007,23.255791207000073],[92.40402787000005,23.240623326000048],[92.34670988100004,23.235788661000072],[92.35334931100004,23.224298084000054],[92.35395448800006,23.18474695200007],[92.36111624600005,23.182794166000065],[92.35649311800006,23.17613261100007],[92.36257995000005,23.16034874500008],[92.35767413000008,23.134583037000027],[92.36644829300008,23.12256145300006],[92.35821194200008,23.10586145700006],[92.37502469900005,23.08466294300007],[92.38034989000005,23.085399061000032],[92.39224714600005,23.05650287800006],[92.38226936900008,23.033336062000046],[92.38482573300007,22.98652405200005],[92.37430987000005,22.970104786000036],[92.37788201900008,22.95177213900007],[92.37269798500006,22.940200825000034],[92.37987028200007,22.929560956000046],[92.39782964700004,22.929430230000037],[92.40258780200008,22.912266251000062],[92.40359711800005,22.918210336000072],[92.42074442400008,22.916777694000075],[92.43301983700007,22.886719009000046],[92.44573906700003,22.89746365700006],[92.44938998100008,22.894675638000024],[92.44821320900007,22.877027202000022],[92.45981015000007,22.870674361000056],[92.45329489900007,22.861334337000073],[92.46115991600004,22.861684397000033],[92.46434095200004,22.854701788000057],[92.45736465800007,22.83798084800003],[92.46180543600008,22.830770056000063],[92.45400697100007,22.820183979000035],[92.47120324200006,22.79807688300008],[92.46931983600007,22.782126556000037],[92.47868235300007,22.751473861000022],[92.47399970200007,22.747081644000048],[92.50510438300006,22.739580785000044],[92.51653139700005,22.722387294000043],[92.51376506400004,22.708933554000055],[92.52547165900006,22.67182884400006],[92.52447910600006,22.640732540000045],[92.53227303000006,22.633321116000047],[92.52748075400007,22.620983817000024],[92.53523891700007,22.611846661000072],[92.53049339000006,22.603429796000057],[92.53757621900007,22.593520589000036],[92.53808424100004,22.575310322000064],[92.52695799400004,22.572552100000053],[92.52417272500008,22.557862542000066],[92.53980743900007,22.540858895000042],[92.53944139700008,22.52859783200006],[92.55009447700007,22.514445402000035],[92.54921187700006,22.495745811000063],[92.54327680400007,22.49015816600007],[92.55531169400007,22.428946264000047],[92.55235923700008,22.413071149000075],[92.55796907100006,22.40888576100008],[92.55934006400008,22.382077709000043],[92.57211455600003,22.359234419000074],[92.58122141100006,22.32180383000008],[92.57796543800004,22.310475263000058],[92.58527930700006,22.27654775700006],[92.58099330000005,22.26928225000006],[92.59036094400005,22.256203544000073],[92.58801636700008,22.216010993000054],[92.59645660900009,22.175480599000025],[92.60751201100004,22.172131801000035],[92.60928229300004,22.16421067700003],[92.60548351400007,22.123314808000032],[92.59401111900007,22.125590207000073],[92.59188152800004,22.139532417000055],[92.58168036600006,22.14211335400006],[92.56250646200004,22.12827338200003],[92.57516274500006,22.116201613000044],[92.59225653100003,22.065648864000025],[92.60119910900005,22.061638540000047],[92.59910716000007,22.042412997000042],[92.59263741200004,22.041130300000077],[92.59947864700007,22.028719171000034],[92.59914733700003,22.00862840600007],[92.61229074300007,21.99279182500004],[92.60318777100008,21.978689314000064],[92.61349491800007,21.955204637000065],[92.61049995300004,21.947009818000026],[92.61756890200007,21.939864584000077],[92.61024245900006,21.929725463000068],[92.62266571500004,21.91754767900005],[92.63434331600007,21.875444790000074],[92.63180768600006,21.863234540000064],[92.62063130000007,21.861850907000075],[92.61390871200007,21.851907425000036]]]}},{"type":"Feature","id":"rangpur","properties":{"district":"rangpur","source_name":"Rangpur","renamed":false},"geometry":{"type":"Polygon","coordinates":[[[89.14184304200006,25.964174249000052],[89.15942111000004,25.952883436000036],[89.20151140900003,25.94447086400004],[89.23517205500008,25.90454618800004],[89.25890721200005,25.89753888900003],[89.26472395900004,25.890288944000076],[89.28191534700005,25.89608686500003],[89.30765497300007,25.86492985700005],[89.33480297700004,25.85036317400005],[89.33878026100007,25.83175464800007],[89.36104489000007,25.817365953000035],[89.37060979100005,25.81750757700007],[89.38566037100009,25.798109827000076],[89.46294133000004,25.786171713000044],[89.48194367800005,25.752746142000035],[89.49910120600003,25.748200860000054],[89.49866625000004,25.731040595000024],[89.48492960700008,25.727846842000076],[89.49168878700004,25.713688310000066],[89.50825391500007,25.71729790300003],[89.51529054900004,25.706478596000068],[89.51852893500006,25.644577027000025],[89.52558563600007,25.650650338000048],[89.53589048800006,25.64899424300006],[89.52252718300008,25.63395034000007],[89.52120514100005,25.622622713000055],[89.49693294000008,25.621971146000078],[89.50309507400004,25.612097393000056],[89.49505074400008,25.61508139700004],[89.48839608100008,25.598467535000054],[89.49824614400006,25.585735189000047],[89.49405947900004,25.576160577000053],[89.48765045900006,25.57581206100008],[89.47101061300003,25.59872455900006],[89.44294538500003,25.58444410800007],[89.43434005200004,25.59200940900007],[89.41288008100008,25.588346647000037],[89.40618763300006,25.549369727000055],[89.41297089700004,25.548662809000064],[89.40646803700008,25.54789104200006],[89.41129408300009,25.540667178000035],[89.40290135100008,25.53350442900006],[89.41126366700007,25.536513162000062],[89.41837382800009,25.528556593000076],[89.42427553700009,25.536218905000055],[89.43371556200003,25.533040939000045],[89.43806087900003,25.53820151700006],[89.44234097400005,25.525528689000055],[89.43403817900008,25.52049523000005],[89.45045273900007,25.51782322100007],[89.43978989000004,25.512098305000052],[89.44210362500007,25.48832137000005],[89.43427492000006,25.487623710000037],[89.43001775100004,25.474267231000056],[89.41453483900005,25.462940425000056],[89.39873583300005,25.463894165000056],[89.39141395800004,25.441840816000024],[89.38033928300007,25.443749570000023],[89.37835353700007,25.410018071000025],[89.36617214000006,25.403223799000045],[89.36373079900005,25.38868854100008],[89.35084397400004,25.378314525000064],[89.35508027200007,25.373123210000074],[89.34313825900006,25.366751419000025],[89.34035118600008,25.336708515000055],[89.34689374500005,25.336857318000057],[89.34573508700004,25.32694020300005],[89.33021164700006,25.321927463000065],[89.33411677000004,25.315258157000073],[89.34218192100008,25.319492938000053],[89.34586241100004,25.31468426200007],[89.34275789700007,25.30429620800004],[89.33231750800007,25.301000618000046],[89.28644437300005,25.299739402000057],[89.26563924500005,25.31313364300007],[89.25983020700005,25.310070411000027],[89.26319750000005,25.323186856000063],[89.25577269300004,25.315745278000065],[89.23781893100005,25.319137531000024],[89.23567833300007,25.325695960000076],[89.24476475300008,25.33431986100004],[89.23010132000007,25.337765756000067],[89.22531106900004,25.330472437000026],[89.22110088100004,25.33300805300007],[89.22707515600007,25.344042282000032],[89.23795936100004,25.339802297000062],[89.23473997300005,25.34614458300007],[89.24204286600008,25.34866114600004],[89.23254884900007,25.356023530000073],[89.23768678800008,25.35712989500007],[89.23531894200005,25.365825561000065],[89.22537589400008,25.357886824000047],[89.22542910900006,25.364741024000068],[89.20987173300006,25.365589012000044],[89.21712513600005,25.375735920000068],[89.20477693400005,25.391940894000072],[89.18756379500007,25.386953636000044],[89.17081077200004,25.405311996000023],[89.16390102500009,25.40080016400003],[89.16262181500008,25.405411197000035],[89.15760744200009,25.40211875400007],[89.15266864600005,25.403035146000036],[89.15798895800003,25.405162938000046],[89.15387287400006,25.41002512500006],[89.13918984100007,25.41096817600004],[89.15070021200006,25.412609171000042],[89.14849671900004,25.433918540000036],[89.13279446300004,25.440950212000075],[89.13769830200005,25.445834949000073],[89.11605097500006,25.453106847000072],[89.12998289900008,25.459880681000072],[89.11973465400007,25.466188507000027],[89.11507655600008,25.46135601900005],[89.10458868100005,25.474425835000034],[89.11165670600008,25.481212992000053],[89.10490015500005,25.483664736000037],[89.10234483900007,25.49422704400007],[89.11107958400004,25.502865391000057],[89.10437533000004,25.513148525000076],[89.10937812300006,25.514626039000063],[89.10388289100007,25.516188570000054],[89.10095334900006,25.54287404100006],[89.09339141600003,25.545341094000037],[89.10433541400005,25.567671933000042],[89.07657878400005,25.58439799100006],[89.06054630600005,25.588302266000028],[89.04695068000007,25.583858071000066],[89.03831420400007,25.60398165500004],[89.01600700900008,25.60250813400006],[89.01230522000003,25.616615582000065],[88.99812069800004,25.625053639000043],[89.00228201800007,25.63450216800004],[88.99398394900004,25.64766614100006],[89.00119239200006,25.649071741000057],[88.99791162200006,25.658147607000046],[88.97625475800004,25.65802330200006],[88.97755433500004,25.670828259000075],[88.96773027700004,25.672256291000053],[88.96399912800007,25.68331344300003],[88.95674548900007,25.678945139000064],[88.94105496000003,25.683328157000062],[88.93198238400004,25.70619989100004],[88.93084980000003,25.720920636000074],[88.94626125600007,25.727072935000024],[88.94106920100006,25.73432927600004],[88.94807353000004,25.74293923600004],[88.95418386000006,25.739467455000067],[88.95134936400007,25.753209984000023],[88.94393163400008,25.75486290400005],[88.94538285700008,25.774766025000076],[88.96183220500006,25.784327245000043],[88.95560042400007,25.787721658000066],[88.95982093000003,25.790664965000076],[88.95460757200004,25.802560864000043],[88.94709204500003,25.80008454600005],[88.94402898200008,25.807150835000073],[88.95668585200008,25.81382903900004],[88.98571795700008,25.807400821000044],[88.99120131300003,25.814375726000037],[89.00394086500006,25.812187067000025],[89.01276946500008,25.819267594000053],[89.04526452000005,25.816188405000048],[89.06200776300005,25.83409773900007],[89.08260724500008,25.830869772000028],[89.08288278100008,25.826147431000038],[89.09127142200003,25.829052871000044],[89.08727898100005,25.845881821000035],[89.10039409100006,25.851258280000025],[89.09611333000004,25.861397684000053],[89.11627714200006,25.88611740500005],[89.09787276400004,25.905749653000044],[89.10370276700007,25.923468661000072],[89.10341654800004,25.932139567000036],[89.09698013100007,25.93434112400007],[89.10782737000005,25.964412738000078],[89.14184304200006,25.964174249000052]]]}},{"type":"Feature","id":"satkhira","properties":{"district":"satkhira","source_name":"Satkhira","renamed":false},"geometry":{"type":"MultiPolygon","coordinates":[[[[89.24622997900008,21.689139599000043],[89.25891441400006,21.696905663000052],[89.27775408200006,21.695255866000025],[89.29209513100005,21.685098856000025],[89.27960941600008,21.66932822600006],[89.26021666400004,21.667270880000046],[89.25866414100005,21.658300074000067],[89.21158198800003,21.652525656000023],[89.20855440000008,21.662610576000077],[89.22415209700006,21.698599280000053],[89.22957648600004,21.70065617800003],[89.24622997900008,21.689139599000043]]],[[[89.24517017900007,21.75591915600006],[89.28399601800004,21.750295015000063],[89.28850147600008,21.731669659000033],[89.28056523800007,21.706954714000062],[89.24780562700005,21.691989205000027],[89.23656327600008,21.695941486000038],[89.23360899000005,21.704413687000056],[89.22567684300003,21.70491465500004],[89.22126328700006,21.746724939000046],[89.24517017900007,21.75591915600006]]],[[[89.19291787700007,21.826043206000065],[89.23117837000007,21.821337494000034],[89.23479833600004,21.81100867400005],[89.23924676900003,21.81371607600005],[89.24223844000005,21.80819520700004],[89.25783524300005,21.794518634000042],[89.28179020900006,21.792799270000046],[89.28650743200006,21.754686138000068],[89.26198507700008,21.761462772000073],[89.21863643400008,21.752228286000047],[89.19007009800004,21.79074816900004],[89.18995398800007,21.811400078000077],[89.18470547000004,21.816107032000048],[89.19291787700007,21.826043206000065]]],[[[89.26774159400009,21.830013481000037],[89.28117802700007,21.794138774000032],[89.25734206500005,21.79712451300003],[89.24084752800007,21.813453262000053],[89.23835170600006,21.815056927000057],[89.23464467800005,21.812785736000023],[89.23364865900004,21.816500690000055],[89.25206144500004,21.817609109000045],[89.25866598200008,21.832506512000066],[89.26774159400009,21.830013481000037]]],[[[89.08359076900007,21.796602218000032],[89.13035948900006,21.769892662000075],[89.13468471800007,21.756959809000023],[89.14303639300005,21.755282264000073],[89.14632954900009,21.734933956000077],[89.13453904700003,21.721487189000072],[89.10710892800006,21.722632383000075],[89.06735971200004,21.773565009000038],[89.04454322900006,21.787537059000044],[89.06051082800008,21.85450755200003],[89.05187313100004,21.87912514800007],[89.03405380400005,21.89447145400004],[89.03725871900008,21.920188344000053],[89.05930428100004,21.918930059000047],[89.06144511300005,21.883912597000062],[89.08345983900006,21.857361596000032],[89.07701968900005,21.81157648900006],[89.08359076900007,21.796602218000032]]],[[[89.30816676000006,21.860177109000063],[89.29717380700004,21.819877315000042],[89.28113563200003,21.834966145000067],[89.29406828200007,21.839420008000047],[89.30805574300007,21.869597741000064],[89.29118073900008,21.879804206000074],[89.32114788200005,21.91698064600007],[89.31851682300004,21.920794369000077],[89.30047138400005,21.92822409100006],[89.29037584000008,21.93893719700003],[89.29037355600008,21.951352160000056],[89.29822240800007,21.955894788000023],[89.29341089300004,21.96338806800003],[89.29869264300004,21.965900477000048],[89.30286596700006,21.97162588200007],[89.30314295300008,21.97440958800007],[89.30178338000007,21.98188524400007],[89.29042772700006,21.989190347000033],[89.29978700600003,21.99233097000007],[89.30635731400008,21.998039681000023],[89.34820114100006,21.942281078000065],[89.35981695100008,21.900065580000046],[89.32303257600006,21.878979138000034],[89.30816676000006,21.860177109000063]]],[[[89.18530093000004,22.021908103000044],[89.19491090900004,22.002581365000026],[89.24272692900007,21.985589336000032],[89.20463111800007,21.962328816000024],[89.20185233400008,21.948968077000075],[89.21071426800006,21.935157677000063],[89.24119699900007,21.928308213000037],[89.25384919400005,21.90924386200004],[89.28514783700007,21.904793418000054],[89.26887904100005,21.88428652600004],[89.24808828000005,21.888524821000033],[89.26894925900007,21.88315106400006],[89.27376732100004,21.855694107000033],[89.24812826200008,21.818003433000058],[89.19386821900008,21.830033618000073],[89.20109615100006,21.883754856000053],[89.21361015800005,21.908865346000027],[89.21071457000005,21.91836469200007],[89.18360069900007,21.924877192000054],[89.18299145900005,21.931321096000033],[89.15492321000005,21.92512812900003],[89.14278872100004,21.938308867000046],[89.14164422200008,21.958639203000075],[89.17072197900006,21.994271543000025],[89.16499238900008,22.020700073000057],[89.18530093000004,22.021908103000044]]],[[[89.12714159400008,22.056924767000055],[89.11585270100005,22.030990186000054],[89.11694359200004,22.02738705200005],[89.12736104800007,22.026172764000023],[89.12945627700003,21.997076754000034],[89.11580210700004,21.991166987000042],[89.11437377600004,21.987827476000064],[89.11882591600005,21.979486063000024],[89.10801789900006,21.978155034000054],[89.10639357600007,21.96037457500006],[89.11551539500005,21.95207407600003],[89.09820013700005,21.940182524000022],[89.09374007300005,21.95375652900003],[89.09701128900008,21.979689325000038],[89.09081214600008,22.014967194000064],[89.09573415100004,22.021630884000047],[89.09312447900004,22.038572894000026],[89.09574630900005,22.049322068000038],[89.10573968100005,22.04643109500006],[89.12855153000004,22.07275501400005],[89.13613257900005,22.066387422000048],[89.12714159400008,22.056924767000055]]],[[[89.14694004200004,22.03968751700006],[89.16253897300004,21.993237082000064],[89.13286561100006,21.962872637000032],[89.13938521600005,21.922390990000054],[89.15407430100004,21.913688954000065],[89.20108869900008,21.911964143000034],[89.18403902500006,21.869668072000024],[89.18486261800007,21.837307618000068],[89.18112342500007,21.833943358000056],[89.18048179900006,21.840094688000022],[89.17066912900003,21.84708125700007],[89.17922646300008,21.838790071000062],[89.16755676400004,21.803076072000067],[89.14947498800007,21.794964465000078],[89.09909054900004,21.81372397900003],[89.10377461600007,21.822019571000055],[89.11539449400004,21.815969016000054],[89.11953710900008,21.818490774000054],[89.12031171200005,21.82744314400003],[89.11667202200005,21.842190981000044],[89.13204433200008,21.848769771000036],[89.13104700600007,21.854469522000045],[89.11894658500006,21.874591817000066],[89.13027397100007,21.851680136000027],[89.11448994500006,21.84126119600006],[89.11912703800004,21.822902855000052],[89.11439450600005,21.817616888000032],[89.10340894000007,21.825244428000076],[89.09846031200004,21.87749240200003],[89.07980212000007,21.90366664800007],[89.09117708800005,21.94728879400003],[89.09870228500006,21.938239319000047],[89.11693451900004,21.951074428000027],[89.10832122500005,21.95982043300006],[89.10780181500007,21.975098433000028],[89.12085021000007,21.97900203200004],[89.11653292600005,21.988757183000075],[89.13151276200006,21.99755657000003],[89.13305258800006,22.006389986000045],[89.12847972100008,22.026091202000032],[89.11750260300005,22.031968525000025],[89.13033345900004,22.059820726000055],[89.14949235100005,22.07666933200005],[89.17350489000006,22.062253240000075],[89.15406754900005,22.05396301600007],[89.14694004200004,22.03968751700006]]],[[[89.26135267100005,22.08076314400006],[89.29562478700007,22.085320155000034],[89.27731696100005,22.059983041000066],[89.30560736900009,22.00060559900004],[89.28724841800005,21.987055234000024],[89.29986806500006,21.98234855800007],[89.30217027600008,21.972460566000052],[89.29303940000005,21.96451574400004],[89.29607747000006,21.954689425000026],[89.29122859200004,21.952552882000077],[89.28866325300004,21.949432337000076],[89.28874774400003,21.939501010000072],[89.29555782600005,21.930112442000052],[89.31929233000005,21.916969874000074],[89.29077171500006,21.882572296000035],[89.28987459800004,21.87754876300005],[89.29293546500008,21.874884677000068],[89.30633136000006,21.869109414000036],[89.29220409500005,21.84136936300007],[89.28477421000008,21.842388964000065],[89.27785289100007,21.87462812600006],[89.29527976300005,21.89812889700005],[89.293186,21.912366086000077],[89.27900926100006,21.919979987000033],[89.26145323800006,21.916290115000038],[89.23858871500005,21.941168393000055],[89.21009921600006,21.95163035400003],[89.25077437000004,21.981012390000046],[89.24866756500006,21.99131800500004],[89.21934211800004,22.00820206000003],[89.25361242200006,22.060369003000062],[89.25167599300005,22.069735493000053],[89.22550665500006,22.09598466600005],[89.23075482500008,22.10010098500004],[89.24800743800006,22.095035589000076],[89.26135267100005,22.08076314400006]]],[[[89.24674362300004,22.835644822000063],[89.25635821600008,22.831337139000027],[89.24562446300007,22.81601439800005],[89.24930229200004,22.810401263000074],[89.26366748300006,22.81367138400003],[89.27029039300004,22.79096688900006],[89.28978967500007,22.794836167000028],[89.29894716800004,22.771796900000027],[89.31013522300003,22.762213013000064],[89.31063858600004,22.750161890000072],[89.33165179500008,22.728630628000076],[89.32635076200006,22.71722544900007],[89.30574195100007,22.71381782700007],[89.30958121500004,22.69540095600007],[89.30057883900008,22.682966347000047],[89.28340051500004,22.69818022000004],[89.27108097100006,22.69841167000004],[89.25943736300007,22.715404653000064],[89.26334941400006,22.667676407000044],[89.30163511200004,22.646776269000043],[89.27680022100003,22.632012814000063],[89.29076772000008,22.623683953000068],[89.28781071800006,22.620692637000047],[89.26394558800007,22.631616996000048],[89.26450531500006,22.65134710500007],[89.25946012300005,22.658280142000024],[89.25065232200006,22.656490958000063],[89.24319404300007,22.637869761000047],[89.26008933200006,22.622352427000067],[89.24512042400005,22.618075392000037],[89.24327276500009,22.61015258200007],[89.26215269900007,22.604415043000074],[89.26415953600008,22.590938723000022],[89.25864303400004,22.572407748000046],[89.24117794000006,22.566799177000064],[89.23419306700004,22.551767140000038],[89.24863837000004,22.52792418200005],[89.25581231100006,22.49593532700004],[89.28502062900003,22.47755714500005],[89.25520054700007,22.463374389000023],[89.25895300800005,22.45311341200005],[89.24465038900007,22.44635209000006],[89.24074634400006,22.42856271900007],[89.25493138600007,22.400236606000078],[89.24018756100008,22.374782880000055],[89.24430839600006,22.36988672800004],[89.26569643600004,22.374393618000056],[89.27185460500004,22.344319941000037],[89.25351982300003,22.34567624500005],[89.25102147700005,22.33939785900003],[89.27565117300009,22.309790993000036],[89.28083511000006,22.28819870800004],[89.31391057400003,22.284574468000073],[89.29200238100003,22.25661436400003],[89.31138014100009,22.231602001000056],[89.30275141900006,22.216635848000067],[89.31164688600006,22.18748473200003],[89.27118563400006,22.148373336000077],[89.26397527600005,22.13651636800006],[89.26446417700004,22.112553423000065],[89.24876247500004,22.100735832000055],[89.23196978600004,22.104550553000024],[89.21852372000006,22.097463764000054],[89.20772554000007,22.126795379000043],[89.22648466900006,22.132620173000078],[89.21354031100003,22.144773816000054],[89.24673237200005,22.162417551000033],[89.22727791600005,22.19986923700003],[89.25259002500007,22.22491377500006],[89.24906252000005,22.22729065300007],[89.22377542000004,22.200826538000058],[89.24209625200007,22.162459305000027],[89.21280283500005,22.148840017000055],[89.20968242200007,22.140302607000024],[89.22422855200006,22.134699968000064],[89.20440408200005,22.128408147000073],[89.19725562100007,22.131777224000075],[89.19190584200004,22.150864462000072],[89.20225343700008,22.144644209000035],[89.20987006400009,22.146807900000056],[89.21155004900004,22.16102261800006],[89.22091646000007,22.16830545600004],[89.22178005900008,22.17352042400006],[89.19701094400006,22.184461328000054],[89.20214666500004,22.214902218000077],[89.19204283800008,22.21935852200005],[89.19289736800005,22.229563565000035],[89.18430770200007,22.229833511000038],[89.19156947200008,22.228152222000062],[89.19027225300005,22.22066244000007],[89.19208977100004,22.218257486000027],[89.19965222100006,22.215936192000072],[89.19454971000005,22.189968829000065],[89.19913338300006,22.178261879000047],[89.19568958500008,22.170191274000047],[89.18205860800003,22.16667874700005],[89.18647090200005,22.176375177000068],[89.17985066200004,22.16740588400006],[89.18201583200005,22.16469391800007],[89.19701223500005,22.169399147000036],[89.20229566400008,22.17805973000003],[89.21935760000008,22.172216150000054],[89.20999307200003,22.16456538400007],[89.20546455900006,22.147160280000037],[89.19153634200006,22.154910634000032],[89.19147138000005,22.13370083600006],[89.20725255000008,22.11650179000003],[89.21462911000003,22.091775459000075],[89.23822768400004,22.07359615100006],[89.24538255300007,22.059212735000074],[89.20562344200005,22.00243118900005],[89.18702767000008,22.025249363000057],[89.16329255300008,22.027877888000035],[89.15490592500004,22.037933896000027],[89.17865357300008,22.06486737700004],[89.15073674500007,22.085616478000077],[89.16019686600004,22.087316842000064],[89.17457128500007,22.079928066000036],[89.17882659600008,22.08220146700006],[89.18074279600006,22.101042197000027],[89.19409344200005,22.118500779000044],[89.18932939500007,22.12320896600005],[89.17366879600007,22.124381649000043],[89.17096772000008,22.14124425400007],[89.16429547000007,22.151383117000023],[89.14316548500005,22.15585444900006],[89.14214283300004,22.16907079400005],[89.15858774500003,22.191125727000042],[89.16036891700008,22.207959670000037],[89.15721589300006,22.191813386000035],[89.14618134200003,22.182894688000033],[89.13888064300005,22.16420163400005],[89.14246679700005,22.15302603600003],[89.16392285100005,22.149154379000038],[89.17012362000008,22.12492489300007],[89.19180525900003,22.120053177000045],[89.17802086000006,22.098999578000075],[89.17608218500004,22.082636816000047],[89.15984527100005,22.08940100800004],[89.14814203800006,22.087027784000043],[89.13072909600004,22.102221300000053],[89.11972767100008,22.126531794000073],[89.13803404100008,22.123896758000058],[89.14335183200006,22.13096459700006],[89.13213235500007,22.136864221000053],[89.12860664700008,22.151996696000026],[89.10901778100003,22.158404159000042],[89.08981603900008,22.17780993200006],[89.10804665400008,22.15582594600005],[89.12658939800008,22.149466347000043],[89.13058908800008,22.134888344000046],[89.13992943100004,22.130107589000033],[89.11685829700008,22.128284087000054],[89.11580230000004,22.120520370000065],[89.14809179400004,22.077930452000032],[89.13923636200008,22.068239341000037],[89.12909487600007,22.073747110000056],[89.11879807900004,22.06978936400003],[89.10338634800007,22.047166336000032],[89.09389386800007,22.050326432000077],[89.08971868200007,22.01869773100003],[89.06785902800004,22.053871382000068],[89.08734279400005,22.054280985000048],[89.09024817600005,22.057461799000066],[89.09834486400007,22.09415118100003],[89.09676305900007,22.09623545100004],[89.07789249000007,22.100375060000033],[89.08155117500007,22.109482712000045],[89.07731008800005,22.104545337000047],[89.07716924300007,22.100116342000035],[89.07965108800005,22.097844812000062],[89.09692476900005,22.09352989300004],[89.08692481800006,22.055516279000074],[89.06285402700007,22.059113125000067],[89.05343491800005,22.070839688000035],[89.04829095700006,22.098228670000026],[89.09761819700003,22.14208086700006],[89.10189563600005,22.156091428000025],[89.08940435400007,22.16219383600003],[89.07538072800008,22.149159850000046],[89.06732567600005,22.168918202000043],[89.07539686800004,22.19424865900004],[89.04284296900005,22.22356854700007],[89.03432380900006,22.258200232000036],[89.01614342200008,22.253432752000037],[89.01933403200007,22.269065228000045],[88.99485209800008,22.289419348000024],[88.99962357700008,22.29621654700003],[89.02532751900009,22.29599793600005],[89.00050654500006,22.32385410300003],[88.98588531500008,22.32448755300004],[88.98868651600009,22.362261427000078],[88.98315405600005,22.377120708000064],[88.99087168800008,22.38939943500003],[88.97347755400006,22.408549019000077],[89.00157897000008,22.428184894000026],[88.99108695000007,22.447236133000047],[88.99723307400006,22.46763518100005],[88.98054038200007,22.485852142000056],[88.96155573500005,22.549831976000064],[88.93918068100004,22.55916994200004],[88.93860845700004,22.590242811000053],[88.96065546600005,22.61661715300005],[88.93474818700008,22.61823111600006],[88.92862609000008,22.65149081000004],[88.94485909400004,22.662322424000024],[88.94767655900006,22.676967254000033],[88.96161114100005,22.685350690000064],[88.96231911100006,22.695107756000027],[88.95608058600004,22.704125517000023],[88.92791871900005,22.718121702000076],[88.91582927800005,22.735881402000075],[88.92017615500004,22.754063916000064],[88.91098367300003,22.75786114300007],[88.91892507200004,22.771053797000036],[88.92576929800003,22.77001066100007],[88.92387164600007,22.77969026100004],[88.93563254700007,22.781980678000025],[88.93804696000007,22.793099019000067],[88.95783217600007,22.79600289700005],[88.95542702000006,22.811581084000068],[88.96283382800004,22.818885555000065],[88.96853256000009,22.843475968000064],[88.94466009800004,22.88062525400005],[88.92793276200007,22.872648996000066],[88.92251787700008,22.880243243000052],[88.90921133300003,22.881571364000024],[88.89559336800005,22.914433066000072],[88.91791070300008,22.92436513100006],[88.91790328800005,22.913440854000044],[88.92997149800004,22.919520761000058],[88.94186823700005,22.912465330000032],[88.95005924100008,22.92160586600005],[88.95435166000004,22.914566772000057],[88.97019124400003,22.92127477400004],[88.97426471800009,22.916266026000073],[88.97563644600007,22.922075504000077],[88.98798036000005,22.917763664000063],[88.99089063300005,22.932586092000065],[88.98537823400005,22.940937725000026],[89.01459452600005,22.94669553700004],[89.03438009900003,22.930259685000067],[89.04214238300005,22.94186744900003],[89.04857057600003,22.93106967400007],[89.05871971200008,22.935878010000067],[89.07162984800004,22.932740636000062],[89.07831329700008,22.938889692000032],[89.10184883200003,22.922782476000066],[89.10756747400006,22.930883300000062],[89.10099141900008,22.938648294000075],[89.11473558600005,22.94401257800007],[89.10937904300005,22.93720460000003],[89.12609710100008,22.926956027000074],[89.14159699700008,22.898043805000043],[89.13755890200008,22.89054494000004],[89.11787134800005,22.903794866000055],[89.11125656500008,22.89587117800005],[89.11115787500006,22.888570363000042],[89.12876714300006,22.870781513000054],[89.12542551300004,22.841682169000023],[89.13715728300008,22.82749267500003],[89.14616956500004,22.828543894000063],[89.14658268700003,22.835937932000036],[89.15778253000008,22.827345603000026],[89.15742975400008,22.810737338000024],[89.14251504700007,22.80556684800007],[89.14350543400008,22.798417158000063],[89.16320227300008,22.80226029100004],[89.17206095100005,22.820182987000067],[89.17875654400007,22.812616862000027],[89.19579373900007,22.810995907000063],[89.24674362300004,22.835644822000063]]]]}},{"type":"Feature","id":"shariatpur","properties":{"district":"shariatpur","source_name":"Shariatpur","renamed":false},"geometry":{"type":"MultiPolygon","coordinates":[[[[90.45317061500003,23.004085261000057],[90.45665477600005,23.006061454000076],[90.45837390800006,23.004035282000075],[90.45317061500003,23.004085261000057]]],[[[90.45746625100008,23.010500114000024],[90.45328643800008,23.01137255900005],[90.45763261200005,23.013893335000034],[90.45746625100008,23.010500114000024]]],[[[90.47571411400008,23.007582789000026],[90.47770735000006,23.016276412000025],[90.48980835900005,23.022529978000023],[90.48921747700007,23.013951890000044],[90.47571411400008,23.007582789000026]]],[[[90.53674877500004,23.073043233000078],[90.53240223600005,23.071282920000044],[90.53370718200006,23.074630953000053],[90.53674877500004,23.073043233000078]]],[[[90.52819130700004,23.071564660000035],[90.52242425300005,23.07212243500004],[90.52431559800004,23.07757841700004],[90.52819130700004,23.071564660000035]]],[[[90.55374908700009,23.105681666000066],[90.54329270700003,23.08831850300004],[90.53813530800005,23.090726559000075],[90.51757306800005,23.077793170000064],[90.51501085900009,23.08325080800006],[90.54321451800007,23.094676406000076],[90.55374908700009,23.105681666000066]]],[[[90.56642539400008,23.328292008000062],[90.56165168300004,23.32558465900007],[90.56254163800008,23.32787581100007],[90.56642539400008,23.328292008000062]]],[[[90.57743357200007,23.324427548000074],[90.56931983400005,23.327373152000064],[90.58299687600004,23.330238766000036],[90.57743357200007,23.324427548000074]]],[[[90.53428289900006,23.33500116600004],[90.55273428800007,23.33445897000007],[90.57237496300007,23.333719442000074],[90.55276113300005,23.328388235000034],[90.55897105700006,23.328079408000065],[90.55221370800007,23.321220332000053],[90.53002485700006,23.325025271000072],[90.53428289900006,23.33500116600004]]],[[[90.53868894100003,23.37934916200004],[90.54681308400006,23.367417422000074],[90.57606171800006,23.35800362200007],[90.59067372200008,23.335945844000037],[90.53741006100006,23.33910211500006],[90.50583758700003,23.33355606200007],[90.52744269900006,23.333099782000033],[90.52528012500005,23.326056883000035],[90.49758426200003,23.324892273000046],[90.50417584900003,23.315882888000033],[90.50210660100004,23.301869296000064],[90.52630416400007,23.293610079000075],[90.54145681300008,23.27854975100007],[90.54564154700006,23.283458197000073],[90.59810231000006,23.232471690000068],[90.60776348400003,23.213533254000026],[90.57171864400004,23.152424670000073],[90.51111704100003,23.100046516000077],[90.49851037500008,23.06904484200004],[90.48260458300007,23.065629976000025],[90.48739487900008,23.05020910500008],[90.49781582600008,23.048755603000075],[90.49637387500007,23.039338470000075],[90.46392145000004,23.019408491000036],[90.46003018700009,23.029171286000064],[90.45824194900007,23.01588736800005],[90.40789379100005,23.007083773000033],[90.40755056400008,23.017080622000037],[90.42140488700005,23.028535305000048],[90.42270843700004,23.038903765000043],[90.38312483700008,23.056293245000063],[90.34878564300004,23.056747049000023],[90.33619505400009,23.069693133000044],[90.35131831400008,23.092953195000064],[90.35320757200003,23.112959402000058],[90.34629501700005,23.11863519900004],[90.35450269300009,23.138947441000028],[90.30882639200007,23.13254803600006],[90.30815602200005,23.144533679000062],[90.29191809700006,23.146225014000038],[90.28335994200006,23.197667485000068],[90.27363971300008,23.195867316000033],[90.26653944700007,23.20897033800003],[90.24714103400004,23.21811991800007],[90.24906795800007,23.23441503600003],[90.24166824100007,23.23228741400004],[90.23916491800009,23.25365925400007],[90.22765474000005,23.26344969300004],[90.24392694800008,23.31761163400006],[90.22784218200007,23.332282450000037],[90.24716767200005,23.34315889900006],[90.24837520600005,23.349388110000064],[90.23323260800004,23.356921829000044],[90.23511412600004,23.368875955000078],[90.24587284900008,23.37776034700005],[90.26435131300008,23.37967287600003],[90.24120795400006,23.39411851400007],[90.22700376900008,23.39467894200004],[90.22054752800005,23.411381191000032],[90.23723280000007,23.416778804000046],[90.24485486900005,23.42748411200006],[90.27136433200008,23.427047365000078],[90.28138471800008,23.44650635800008],[90.30243300500007,23.451460501000042],[90.32136224800007,23.438112670000066],[90.36606806300006,23.42720525200008],[90.40615611700008,23.400421851000033],[90.43050710600005,23.406679136000037],[90.43095525500007,23.416242020000027],[90.44694917300006,23.415606559000025],[90.49846092000007,23.40442050300004],[90.53868894100003,23.37934916200004]]]]}},{"type":"Feature","id":"sherpur","properties":{"district":"sherpur","source_name":"Sherpur","renamed":false},"geometry":{"type":"Polygon","coordinates":[[[90.26421526100006,25.196392522000053],[90.25966138500007,25.16264552900003],[90.26984462200005,25.138301418000026],[90.26548937200005,25.136898202000054],[90.26262673600007,25.097808275000034],[90.27705162800004,25.093762121000054],[90.28663163400006,25.082503169000063],[90.29806703800006,25.09011746500005],[90.30484343500007,25.079078001000028],[90.28445892200006,25.078850361000036],[90.28504108300007,25.064480351000043],[90.27805065100006,25.05581987100004],[90.26475739000006,25.05149741200006],[90.25607601800004,25.06471036000005],[90.23348986800005,25.045448243000067],[90.23308395800007,25.024423411000043],[90.24115279000006,25.008715632000076],[90.22641519900003,24.97121331900007],[90.23531657800004,24.964563877000046],[90.23737475000007,24.969559919000062],[90.24331346700006,24.967269403000046],[90.24125388800007,24.96244842300007],[90.25491681100004,24.957399262000024],[90.25773263900004,24.94546199000007],[90.23585715800004,24.948328933000028],[90.23204074900008,24.943747649000045],[90.24557641000007,24.924993010000037],[90.23475994800003,24.885304064000024],[90.22155257400004,24.881060368000078],[90.17057121400006,24.88851829500004],[90.15829152200007,24.89313551600003],[90.15460362200008,24.904847853000035],[90.13358076600008,24.898834142000055],[90.10882165700008,24.908461833000047],[90.03311873400008,24.90949411400004],[90.03734840800007,24.918705007000028],[90.02879177400007,24.909038931000055],[90.00554269400004,24.912970775000076],[89.99555427200005,24.922894477000057],[89.98209657100006,24.91676688700005],[89.94759426400003,24.92982415800003],[89.93768677100007,24.959541553000065],[89.90393713400005,24.958015963000037],[89.90438575500008,24.98600729700007],[89.89527055900004,24.991892307000057],[89.89244935000005,25.018757958000037],[89.87983039600005,25.01988508900007],[89.88254966900007,25.035713733000023],[89.90473251400005,25.033846621000066],[89.90478613200008,25.043843528000025],[89.92426125500003,25.06121814200003],[89.91130950600007,25.072226063000073],[89.91463249100008,25.08923857600007],[89.89456341400006,25.115965424000024],[89.90172573000007,25.163994303000038],[89.91044998700005,25.17168517600004],[89.88469367800008,25.18633980100003],[89.90499832300009,25.26450917300008],[89.93138845900006,25.260805349000066],[89.93302710700004,25.28788559700007],[89.96658936100005,25.303816033000032],[89.97688371500004,25.297077683000055],[89.98070445800005,25.28097665200005],[90.00445769800007,25.280524428000035],[90.03366848400003,25.262389400000075],[90.05445678800004,25.26146390200006],[90.07406612000005,25.244057756000075],[90.11226631400007,25.225474890000044],[90.17142418100008,25.223170306000043],[90.22547680600007,25.200568101000044],[90.23392749600004,25.205016348000072],[90.26421526100006,25.196392522000053]]]}},{"type":"Feature","id":"sirajganj","properties":{"district":"sirajganj","source_name":"Sirajganj","renamed":false},"geometry":{"type":"Polygon","coordinates":[[[89.71533559800008,24.77734630300006],[89.73783158800006,24.765368869000042],[89.74257774500006,24.77484142700007],[89.75800173300007,24.767177480000043],[89.77300661300006,24.772073410000075],[89.78293364500007,24.756197929000052],[89.77748258400004,24.742761899000072],[89.79047061000006,24.738237238000067],[89.78315371200006,24.723942470000054],[89.77240479800008,24.724024196000073],[89.78306290500007,24.704486863000056],[89.79248603600007,24.703255538000064],[89.79013690200009,24.686417001000052],[89.79919876400004,24.68073276800004],[89.78341716100005,24.669510629000058],[89.78453991400005,24.62557545100003],[89.76591359500009,24.623463585000025],[89.76502849500008,24.613836238000033],[89.78906852000006,24.572289169000044],[89.76746442900009,24.556788994000044],[89.76927211600008,24.539755237000065],[89.74742387700007,24.537714635000043],[89.74790685400006,24.52220692900005],[89.73468004900008,24.51962885100005],[89.75803149400008,24.499844076000045],[89.74740952000008,24.483011876000035],[89.75719436100007,24.482496741000034],[89.74257091000004,24.47120487600006],[89.74289644500004,24.455310676000067],[89.75448225700006,24.45562064300003],[89.74657818600008,24.430542161000062],[89.76542891900004,24.38290369200007],[89.75135694000005,24.35251046600007],[89.77150872500005,24.33034850300004],[89.77421413400003,24.301509613000064],[89.78697072000006,24.288572239000075],[89.79030020200008,24.274638253000035],[89.78307553100007,24.23748564500005],[89.79854838900008,24.175161279000065],[89.77997927400008,24.16647438600006],[89.78637743100006,24.158987378000063],[89.80256746500004,24.16009812300007],[89.80686033300003,24.14887835600007],[89.81984297700006,24.14067722300007],[89.81684154100003,24.109404797000025],[89.82493840300003,24.087946400000078],[89.81657585600004,24.063172448000046],[89.77462017300007,24.027453653000066],[89.72157552200008,24.01352505400007],[89.70243252400007,24.024375778000035],[89.69821330800005,24.03871016000005],[89.68301767500003,24.034242948000042],[89.68174279900006,24.06171685700008],[89.58122477800003,24.111315627000067],[89.55936165800006,24.111361400000078],[89.55554221000006,24.119179991000067],[89.56436824400004,24.121415443000046],[89.55789626200004,24.127066710000065],[89.53369917100008,24.130298208000056],[89.52168362900005,24.153917505000038],[89.52832910300003,24.156020624000064],[89.52524085300007,24.16945907300004],[89.53326171100008,24.166581181000026],[89.53511852700007,24.172804228000075],[89.51786022200008,24.178791885000066],[89.51735650300003,24.189116610000042],[89.52492440800006,24.190867741000034],[89.52167868100008,24.197761366000066],[89.51244924800005,24.19815943900005],[89.50441484500004,24.215448224000056],[89.49216410000008,24.217560278000064],[89.48571714800005,24.214356042000077],[89.48591386200007,24.203754417000027],[89.46942615600005,24.20082914900007],[89.46143130300004,24.22457178700006],[89.47346665900005,24.219207191000066],[89.47816598800006,24.229369517000066],[89.47445931400006,24.233798170000057],[89.45428510700003,24.227682643000037],[89.44658062700006,24.231273765000026],[89.45656851200005,24.23377656100007],[89.46315811400007,24.251011751000078],[89.45045746300008,24.26732916800006],[89.44039018200004,24.260947075000047],[89.43935772900005,24.252356881000026],[89.42466847100007,24.25026368500005],[89.42902862400007,24.26866763700008],[89.41755656900006,24.292688014000078],[89.42545017000003,24.307054203000064],[89.41844582100003,24.32168257400008],[89.39869670600007,24.32328100700005],[89.39746775100008,24.33767764600003],[89.37556408200004,24.339307916000053],[89.37828195500003,24.34820899500005],[89.36596304800008,24.35387894300004],[89.35001245800004,24.348451192000027],[89.31276801800004,24.35161118900004],[89.28368901500005,24.378644403000067],[89.28528906900004,24.42028737800007],[89.27294728000004,24.426942860000054],[89.25982059400008,24.423084922000044],[89.24715426400007,24.427233871000055],[89.28115982700007,24.456458783000073],[89.28323346900004,24.48491677000004],[89.30551115100008,24.499398727000028],[89.32162414600003,24.529987723000033],[89.33034942600005,24.534861852000063],[89.34146916300006,24.563043358000073],[89.37182685500005,24.55440408900006],[89.39332596500003,24.556751683000073],[89.39396138600006,24.55192302100005],[89.40718016600005,24.552670998000053],[89.40975356200005,24.560987712000042],[89.42572407300008,24.560809515000074],[89.43117298400006,24.550781044000075],[89.46001269000004,24.542385121000052],[89.47370128500006,24.544144980000056],[89.47272162900003,24.55093998700005],[89.48651388100006,24.556618713000034],[89.51288849500008,24.555971879000026],[89.52212407200005,24.55178260400004],[89.52093987500007,24.536564143000078],[89.53200716600008,24.54663742300005],[89.53072669100004,24.563461955000037],[89.54650034100007,24.547585428000048],[89.55580162400008,24.555445708000036],[89.57104677500007,24.547145847000024],[89.59149167600003,24.55396726200007],[89.60378593200005,24.567914312000028],[89.60268112900008,24.604297709000036],[89.58182998300003,24.62048038200004],[89.54987136100004,24.617099019000023],[89.55000824700005,24.623966145000054],[89.55932513800008,24.626472295000042],[89.55453962400009,24.642019912000023],[89.56077806200005,24.650158075000036],[89.54481365000004,24.65420236500006],[89.55433171300007,24.668227297000044],[89.55002093700006,24.677119385000026],[89.56169830600004,24.687995517000047],[89.55460037700004,24.704140753000047],[89.56433179500004,24.709733758000027],[89.56970745900009,24.693874400000027],[89.59489258000008,24.702027565000037],[89.60743948000004,24.68705863200006],[89.62403203300005,24.685465845000067],[89.64588745100008,24.70224009100008],[89.63737131600004,24.71638324500003],[89.66075971800007,24.728407382000057],[89.65603412900003,24.747829314000057],[89.66646418000005,24.747097075000056],[89.66387749900008,24.754649984000025],[89.67379743700008,24.763054703000023],[89.67495688700006,24.781677036000076],[89.71533559800008,24.77734630300006]]]}},{"type":"Feature","id":"sunamganj","properties":{"district":"sunamganj","source_name":"Sunamganj","renamed":false},"geometry":{"type":"Polygon","coordinates":[[[91.70374870000006,25.15102997300005],[91.71268110400007,25.147019856000043],[91.71900892300005,25.12963800400007],[91.72710845600005,25.129730022000047],[91.71851543100007,25.093689210000036],[91.73380850800004,25.076531638000063],[91.72915375900004,25.07049571600004],[91.73499063600008,25.06536378900006],[91.70874751600007,25.06574156100004],[91.68562145700008,25.056339765000075],[91.68710643500003,25.04118705600007],[91.67258024400007,25.038363412000024],[91.68098437100008,25.02451910600007],[91.66803016400007,25.023019025000053],[91.69573931400004,24.99920290800003],[91.68772648800007,24.994680420000066],[91.66602346700006,24.998643780000066],[91.70441526800005,24.979665746000023],[91.70048474500004,24.97386524700005],[91.71219477100004,24.965134656000032],[91.70449565200005,24.950409851000074],[91.71371286100003,24.946557211000027],[91.69080459600008,24.938263762000076],[91.69511844600004,24.91135778000006],[91.68128525700007,24.90439297100005],[91.69476856500006,24.901237751000053],[91.67750271300008,24.89082243100006],[91.68550680800007,24.877604404000067],[91.69583236400007,24.877661249000028],[91.69779041200007,24.866769515000044],[91.68761616200004,24.860205257000075],[91.67501436200007,24.869025521000026],[91.67417531100006,24.85674219200007],[91.65729624000005,24.84681076100003],[91.66486256700006,24.835516160000054],[91.66446302000008,24.825567956000043],[91.66005688300004,24.832112679000033],[91.65726920800006,24.828018534000023],[91.65824930000008,24.80860790500003],[91.67408109800004,24.806565946000035],[91.67537210900008,24.78720935000007],[91.65434845400006,24.79307221700003],[91.63629041600007,24.780963660000054],[91.65095057800005,24.777629002000026],[91.64958245900004,24.77078092000005],[91.67067665500008,24.767998627000054],[91.67697520600007,24.756223916000067],[91.66171644400004,24.740743344000066],[91.67222599800004,24.72902140000008],[91.67207098500006,24.71913526700007],[91.65961679800006,24.723798844000044],[91.65304256300004,24.715901079000048],[91.66139475100005,24.70075062500007],[91.64488047100008,24.698798320000037],[91.64266896300006,24.69191246300005],[91.65110804200003,24.697054468000033],[91.65491785800003,24.69007817800008],[91.64913400700004,24.675005690000035],[91.63160252100005,24.67178023200006],[91.63157185700004,24.657078825000042],[91.61261364000006,24.674931119000064],[91.61142436800009,24.669661793000046],[91.59234023800008,24.666940984000064],[91.59097091100006,24.65889121300006],[91.58479629500005,24.660355452000033],[91.58004747000007,24.675010386000054],[91.56836295100004,24.66443479800006],[91.57685949400008,24.658069897000075],[91.57567664700008,24.646536599000058],[91.56275958000003,24.662525360000075],[91.55621977600003,24.658989396000038],[91.55235195800003,24.66585676300008],[91.53757488400004,24.648316686000044],[91.53207554200009,24.66070314500007],[91.52526486100004,24.658025227000053],[91.52204983000007,24.66406808200003],[91.49619024200007,24.66900010100005],[91.49364137600008,24.664533266000035],[91.48288564400008,24.670890556000074],[91.48321481800008,24.665354429000047],[91.47566119900006,24.668391663000023],[91.46518341300003,24.657466233000036],[91.46270289000006,24.66468081900007],[91.44768456200006,24.665147989000047],[91.44132009300006,24.651840153000023],[91.43820354100006,24.66919124800006],[91.43069160300007,24.673353451000025],[91.42590561100008,24.66927577000007],[91.42879665900006,24.68223415400007],[91.41681767100005,24.680160219000072],[91.41357861600005,24.67117058900004],[91.40095068100004,24.67065569700003],[91.39788236100009,24.676748358000054],[91.39030844900003,24.674487852000027],[91.38664757100008,24.68195606200004],[91.39120956000005,24.688399514000025],[91.38005663400008,24.69532618200003],[91.34880153100005,24.68810648300007],[91.35981287500005,24.679462055000045],[91.35105316100004,24.667882383000062],[91.34174652500008,24.67251068400003],[91.31284479400006,24.64652543400007],[91.30536903500007,24.654761609000047],[91.30723992200006,24.633083947000046],[91.29368228800007,24.597163703000035],[91.28086174800006,24.59578505500008],[91.27154861200006,24.605024568000033],[91.26512199800004,24.579745047000074],[91.23396119200004,24.56896290700007],[91.20584488100008,24.577224767000075],[91.20706454800006,24.585929287000056],[91.19672121700006,24.588805612000044],[91.20383992400008,24.59332838000006],[91.20002492000003,24.60941196500005],[91.17914596900005,24.616289977000065],[91.17964594700004,24.62831845100004],[91.19498206200007,24.62658377100007],[91.19859154600005,24.63422121900004],[91.20534820400007,24.633292397000048],[91.21025918800007,24.652675939000062],[91.22995021200006,24.654663007000067],[91.23274113600007,24.666434710000033],[91.22252540000005,24.669382469000027],[91.22421833600004,24.675519381000072],[91.23876316200005,24.675213300000053],[91.24087651700006,24.692093535000026],[91.21998659800005,24.70196714900004],[91.22667379800004,24.70721954800007],[91.22527540400006,24.727513266000074],[91.20507159500005,24.70972101800004],[91.18149912500007,24.723589339000057],[91.16756248400009,24.724286022000058],[91.16005477300007,24.717149969000047],[91.15967957000004,24.723734259000025],[91.14132690600007,24.72420917900007],[91.15130017700005,24.729522905000067],[91.14761550800006,24.747108871000023],[91.15414559400006,24.741484783000033],[91.15945608900006,24.747215830000073],[91.13522539800005,24.757196401000044],[91.15831701800005,24.76467616800005],[91.17120756600008,24.77993630900005],[91.17029472400009,24.789186981000057],[91.16075300500006,24.793187729000067],[91.17214863800007,24.80962130200004],[91.17068783700006,24.82696161000007],[91.15295528000007,24.837460409000073],[91.14272935900004,24.825400100000024],[91.15284559500003,24.81064894000008],[91.14224054000005,24.799738255000022],[91.14455762600005,24.794589682000037],[91.13241415200008,24.79260454100006],[91.11253752700009,24.817381477000026],[91.12071595700007,24.83761758600008],[91.13018081600006,24.839753638000047],[91.12349976800004,24.848716841000055],[91.11381036500006,24.847542650000037],[91.10345686900007,24.863662272000056],[91.10891687000009,24.871370892000073],[91.10127900700007,24.884494724000035],[91.08880545600005,24.887581457000067],[91.07523545600009,24.901242162000074],[91.05136395600005,24.902219389000038],[91.04555501600004,24.908005181000078],[91.03909553900007,24.905642615000033],[91.03015194000005,24.884290320000048],[91.01651023700003,24.885728246000042],[91.01576670900005,24.898306410000032],[90.99805530300006,24.89213513900006],[90.99286753400008,24.914100639000026],[90.98008086800007,24.917160178000074],[90.96403026800004,24.91149492200003],[90.95341560000008,24.918929751000064],[90.95514067200008,24.93983489200008],[90.94906895200006,24.939455464000048],[90.96888898900005,24.946646487000066],[90.97256364200007,24.95988591200006],[90.96013240900004,24.972722556000065],[90.94365821000008,24.97592475400006],[90.94732173100005,25.004896897000037],[90.93629244700008,25.009055239000077],[90.93404784100005,25.019939097000076],[90.94510244600008,25.03140774800005],[90.96498834700003,25.03468212200005],[90.95129552700007,25.044525967000027],[90.93257791300005,25.045253063000075],[90.92958908600008,25.06396175800006],[90.93569530100007,25.065713661000075],[90.92777781100006,25.077852679000046],[90.94501134900008,25.081252776000042],[90.95656635600005,25.070438945000035],[90.97466440600004,25.074280415000032],[90.97083821200005,25.095694706000074],[90.94755347600005,25.113436181000054],[90.95589987900007,25.119526534000045],[90.94923736600003,25.137860602000046],[90.95231907000004,25.149401158000046],[90.96721367300006,25.154276302000028],[90.97026229400007,25.160580280000033],[90.96229103800005,25.167350166000062],[90.97303924100004,25.175169793000066],[91.06780835700005,25.191642006000052],[91.06957432200005,25.19852065500004],[91.12517294500003,25.194120446000056],[91.19461246700007,25.20192531600003],[91.25074565500006,25.19577577900003],[91.26794715300008,25.20736202200004],[91.29214076200003,25.193437364000033],[91.29240728500008,25.183923254000035],[91.31768401600004,25.183791358000065],[91.35366493500004,25.171333971000024],[91.36444008800004,25.178014228000052],[91.37614639700007,25.16809267900004],[91.39901266500004,25.164964007000037],[91.41084653800004,25.16378031200003],[91.41456896700004,25.17124231500003],[91.42514726000007,25.157044865000046],[91.44049313800008,25.14975450600008],[91.46854994700004,25.15192257600006],[91.46642936000006,25.13440543300004],[91.50008821900008,25.135777637000047],[91.50946733200004,25.147551044000068],[91.55591408400005,25.149813169000026],[91.56298986600007,25.160771840000052],[91.57396569800005,25.159805034000044],[91.57697016600008,25.172102362000032],[91.60935705300005,25.177136227000062],[91.61536176900006,25.169770044000074],[91.60396860300006,25.16755356500005],[91.60057615300008,25.14593423200006],[91.60371062700005,25.140325804000042],[91.61103982700007,25.146385244000044],[91.61331883200006,25.14113573800006],[91.62141264200005,25.143515566000076],[91.62692184500008,25.12552581700004],[91.64199206000006,25.123167721000073],[91.65714343800005,25.13200385500005],[91.66494889500007,25.128551338000022],[91.66389927700004,25.13523364100007],[91.69231713700003,25.137668879000046],[91.70374870000006,25.15102997300005]]]}},{"type":"Feature","id":"sylhet","properties":{"district":"sylhet","source_name":"Sylhet","renamed":false},"geometry":{"type":"Polygon","coordinates":[[[92.25077784900003,24.83622626300007],[92.23731335300005,24.830945800000052],[92.24354921600008,24.81951795200007],[92.22383923700005,24.817104390000054],[92.21314268600008,24.813209441000026],[92.21083663500008,24.805071859000066],[92.19541099500003,24.80221128200003],[92.19824502700004,24.777959028000055],[92.19234955100006,24.768107204000046],[92.17446042500006,24.773481438000033],[92.12710475500006,24.760296925000034],[92.11459767600007,24.764409450000073],[92.09936346400008,24.75662320200007],[92.09292599100007,24.76486176000003],[92.07731792600003,24.76476653000003],[92.07725632300009,24.749213431000044],[92.08401544800006,24.748237674000052],[92.08047012700007,24.723547410000037],[92.07568096200004,24.717931469000064],[92.06313481700005,24.718532305000053],[92.05749106400003,24.728461319000075],[92.05965299700006,24.71021376400006],[92.04888389400008,24.69745554700006],[92.03885390700003,24.706480592000048],[92.02992805900004,24.698283652000043],[92.03480314000007,24.68830057300005],[92.02944943800009,24.652591760000064],[91.99580326700004,24.654804633000026],[91.96645402800004,24.638931494000076],[91.96408418700008,24.645450871000037],[91.92982293000006,24.659504231000028],[91.92280430900007,24.65244894600005],[91.90290966000003,24.66342786200005],[91.90235453900004,24.65194354700003],[91.89069566900008,24.646155692000036],[91.88483988100006,24.65693916300006],[91.86630951600006,24.65747239700005],[91.84826351400005,24.644837223000025],[91.82860440000007,24.653657671000076],[91.79961441900008,24.63744799500006],[91.79482476800007,24.646252928000024],[91.78363535700004,24.643299452000065],[91.78121127200006,24.626527976000034],[91.77056027600008,24.624620030000074],[91.74850669600005,24.598123271000077],[91.72711480900006,24.593442726000035],[91.68581950900005,24.605176347000054],[91.67504173200007,24.631196647000024],[91.66092173000004,24.62590590700006],[91.63400423500008,24.630702977000055],[91.64541744200005,24.64200322000005],[91.64030529400009,24.657086999000057],[91.65694393600006,24.679579285000045],[91.64913400700004,24.675005690000035],[91.65379345300005,24.695719634000056],[91.64720274100006,24.696849651000036],[91.64560014400007,24.691231952000066],[91.64313117300009,24.69522334000004],[91.64488047100008,24.698798320000037],[91.66139475100005,24.70075062500007],[91.65304256300004,24.715901079000048],[91.65961679800006,24.723798844000044],[91.67207098500006,24.71913526700007],[91.67222599800004,24.72902140000008],[91.66171644400004,24.740743344000066],[91.67697520600007,24.756223916000067],[91.67067665500008,24.767998627000054],[91.64958245900004,24.77078092000005],[91.65095057800005,24.777629002000026],[91.63629041600007,24.780963660000054],[91.65434845400006,24.79307221700003],[91.67537210900008,24.78720935000007],[91.67408109800004,24.806565946000035],[91.65824930000008,24.80860790500003],[91.65726920800006,24.828018534000023],[91.66005688300004,24.832112679000033],[91.66446302000008,24.825567956000043],[91.66486256700006,24.835516160000054],[91.65729624000005,24.84681076100003],[91.67417531100006,24.85674219200007],[91.67501436200007,24.869025521000026],[91.68761616200004,24.860205257000075],[91.69779041200007,24.866769515000044],[91.69583236400007,24.877661249000028],[91.68550680800007,24.877604404000067],[91.67750271300008,24.89082243100006],[91.69476856500006,24.901237751000053],[91.68128525700007,24.90439297100005],[91.69511844600004,24.91135778000006],[91.69080459600008,24.938263762000076],[91.71371286100003,24.946557211000027],[91.70449565200005,24.950409851000074],[91.71219477100004,24.965134656000032],[91.70048474500004,24.97386524700005],[91.70441526800005,24.979665746000023],[91.66602346700006,24.998643780000066],[91.68772648800007,24.994680420000066],[91.69573931400004,24.99920290800003],[91.66803016400007,25.023019025000053],[91.68098437100008,25.02451910600007],[91.67258024400007,25.038363412000024],[91.68710643500003,25.04118705600007],[91.68562145700008,25.056339765000075],[91.70874751600007,25.06574156100004],[91.73499063600008,25.06536378900006],[91.72915375900004,25.07049571600004],[91.73380850800004,25.076531638000063],[91.71851543100007,25.093689210000036],[91.72710845600005,25.129730022000047],[91.71900892300005,25.12963800400007],[91.71268110400007,25.147019856000043],[91.70057601600007,25.155515207000064],[91.70352014000008,25.160013899000035],[91.71442826700007,25.157630956000048],[91.74575891500007,25.140486945000077],[91.74924790700004,25.16079391200003],[91.74471514800007,25.170387380000022],[91.75359126700005,25.176950857000065],[91.75846997100007,25.16849640500004],[91.77573638800004,25.163322549000043],[91.82646695100004,25.177780678000033],[91.88056130800004,25.17302907900006],[91.92070258500007,25.181344258000024],[91.98050708600005,25.171788424000056],[92.00341755900007,25.186241394000035],[92.02611074100008,25.17930566900003],[92.04929746600004,25.187072257000068],[92.08315882500006,25.18240268900007],[92.13283405500005,25.160271132000048],[92.13964473600004,25.154677110000023],[92.13380688600006,25.148468026000046],[92.13607578900007,25.13983627500005],[92.16184963500007,25.135980360000076],[92.16405473000003,25.125492330000043],[92.17896065600007,25.126097972000025],[92.18382413600006,25.11819564700005],[92.19141800300008,25.135369780000076],[92.19354917000004,25.126459193000073],[92.21932531300007,25.117132585000036],[92.20033911400003,25.120119557000066],[92.19609127700005,25.10816496700005],[92.21517194100005,25.106585820000078],[92.22640481200006,25.09573112700008],[92.31096238200007,25.069323931000042],[92.33284788400005,25.079000762000078],[92.34847894200004,25.072772754000027],[92.34898666700008,25.061256241000024],[92.33810035300007,25.051640207000048],[92.34184076500009,25.048922154000024],[92.36224572500004,25.04994706100007],[92.36981632600003,25.04189251400004],[92.42369303400005,25.030140790000075],[92.42480399700008,25.013406962000033],[92.41647556400005,24.991928517000076],[92.42211296100004,24.98732287100006],[92.41943229600008,24.967567213000052],[92.45738990800004,24.970679715000074],[92.46777410600004,24.963510043000042],[92.46607732300004,24.95719243700006],[92.45128408600004,24.952118866000035],[92.44890660100003,24.93909276000005],[92.48763854800006,24.94667352600004],[92.48393657000008,24.92860451300004],[92.49672878000007,24.902214052000033],[92.48784339400004,24.87143094700008],[92.44517311800007,24.87309640500007],[92.43642184300006,24.857200313000078],[92.42500505800007,24.854127771000037],[92.40720589500006,24.86012933300003],[92.40021766000007,24.849690246000023],[92.38508795500007,24.854102775000058],[92.37619786700003,24.873425346000033],[92.36319083000006,24.872593857000027],[92.34868329400007,24.892337894000036],[92.34468564600007,24.880828965000035],[92.33834525700007,24.879375922000065],[92.32637718900008,24.896000181000034],[92.30717618500006,24.901741453000056],[92.29890127500005,24.916095101000053],[92.28003239500003,24.905697402000044],[92.24749849600005,24.909450020000065],[92.23212326500004,24.900428513000065],[92.24713402500004,24.887656239000023],[92.24469582700004,24.867147743000032],[92.23523088500008,24.863863192000053],[92.24242122800007,24.84058052900008],[92.25077784900003,24.83622626300007]]]}},{"type":"Feature","id":"tangail","properties":{"district":"tangail","source_name":"Tangail","renamed":false},"geometry":{"type":"Polygon","coordinates":[[[90.28113166200006,24.287204381000038],[90.30083286100006,24.269356221000066],[90.30043872400006,24.255190922000054],[90.28779033100005,24.239064478000046],[90.29030589400008,24.22716736700005],[90.26615845800006,24.21511590500006],[90.22591710900008,24.162385507000067],[90.21728370900007,24.129609664000043],[90.23016844100005,24.105604721000077],[90.20936029100005,24.09391027600003],[90.17363433300005,24.10550384100003],[90.17635615100005,24.074176395000052],[90.15776136500006,24.06427307200005],[90.16169213700005,24.054769846000056],[90.15040699300005,24.052236506000042],[90.14755261800008,24.03354300500007],[90.12773548400008,24.03299290500007],[90.10215023800004,24.019037973000025],[90.07707843400004,24.041217386000028],[90.07449125700003,24.03381950800008],[90.06695123200006,24.037185270000066],[90.06295981900007,24.029470540000034],[90.02554958400003,24.02104514800004],[90.01951959300004,24.02758883100006],[90.02717512300006,24.03394021200006],[90.01201737400004,24.04252454600004],[90.01060643100004,24.032323776000055],[90.01944033700005,24.025731569000072],[90.01487288900006,24.018141530000037],[90.00516132900003,24.017737402000023],[90.00646498300006,24.002121548000048],[89.99231521600007,24.001559792000023],[89.98852091200007,24.009441980000076],[89.97733045200005,24.011623738000026],[89.97633294400003,24.01721235100007],[89.98526689200008,24.018010574000073],[89.97924461800005,24.033573149000063],[89.96851051100003,24.03046532700006],[89.96490396800004,24.01411319600004],[89.94844231300004,24.028268421000064],[89.94733739000009,24.01652996300004],[89.93871014900003,24.011820906000025],[89.94696571700007,24.004192213000067],[89.93803491200003,24.003814586000033],[89.93511742300007,23.997290887000077],[89.93026467300007,23.997129562000055],[89.93747821600004,24.005619137000053],[89.91403279600007,23.99460693900005],[89.90704651800007,23.99862790800006],[89.90465266500007,23.987544859000025],[89.88932269600008,23.979898825000078],[89.89242538400003,23.969915169000046],[89.88221138600005,23.97043945300004],[89.87649988400005,23.99417089900004],[89.86619071200005,23.99123407600007],[89.86896418900005,23.971329694000076],[89.85538670200003,23.963593686000024],[89.82690210900006,23.981048616000066],[89.81878397300005,23.98220611000005],[89.80653605000003,23.973006379000026],[89.80247981800005,23.979602734000025],[89.79270440000005,23.979117334000023],[89.79398141200005,23.986453881000045],[89.78679858800007,23.987328106000064],[89.77662751500009,23.97440924400007],[89.76461166900003,23.978002525000022],[89.77667032500005,23.987529342000073],[89.78586038000003,24.011083497000072],[89.78440757100003,24.040951238000048],[89.81657585600004,24.063172448000046],[89.82493840300003,24.087946400000078],[89.81684154100003,24.109404797000025],[89.81984297700006,24.14067722300007],[89.80686033300003,24.14887835600007],[89.80256746500004,24.16009812300007],[89.78637743100006,24.158987378000063],[89.77997927400008,24.16647438600006],[89.79854838900008,24.175161279000065],[89.78307553100007,24.23748564500005],[89.79030020200008,24.274638253000035],[89.78697072000006,24.288572239000075],[89.77421413400003,24.301509613000064],[89.77150872500005,24.33034850300004],[89.75135694000005,24.35251046600007],[89.76542891900004,24.38290369200007],[89.74657818600008,24.430542161000062],[89.75448225700006,24.45562064300003],[89.74289644500004,24.455310676000067],[89.74257091000004,24.47120487600006],[89.75719436100007,24.482496741000034],[89.74740952000008,24.483011876000035],[89.75803149400008,24.499844076000045],[89.73468004900008,24.51962885100005],[89.74790685400006,24.52220692900005],[89.74742387700007,24.537714635000043],[89.76927211600008,24.539755237000065],[89.77214798400007,24.56387921700008],[89.78906852000006,24.572289169000044],[89.80871135800004,24.567722229000026],[89.81679182800008,24.575117904000024],[89.81000529800008,24.582508104000055],[89.82714896500005,24.58652694700004],[89.82388663400008,24.59631345500003],[89.83471497300008,24.60357530400006],[89.82706030700007,24.608595619000027],[89.84151417300006,24.614069449000056],[89.84253734000004,24.623894650000068],[89.85323324100005,24.619808504000048],[89.84262847100007,24.632238242000028],[89.84774962300008,24.63795768400007],[89.84382699100007,24.64550913900007],[89.86881272200009,24.64900735200007],[89.86544657400003,24.661475840000037],[89.87723961500006,24.678054316000043],[89.89386456800008,24.674955053000076],[89.89940953800004,24.681494885000063],[89.89514624100008,24.69472937200004],[89.87999342900008,24.708265293000068],[89.88142482900008,24.74185903800003],[89.90742631500007,24.734482267000033],[89.91739791000003,24.74617312400005],[89.92627628200006,24.743736436000063],[89.92126996000007,24.75414547200006],[89.93551735200003,24.757028801000047],[89.94078069400007,24.744603115000075],[89.95809722400008,24.744051827000078],[89.95774481200004,24.73336692400005],[89.96536919000005,24.72708070300007],[89.98180737800004,24.725041915000077],[89.99257649000003,24.72833933100003],[89.99556664200009,24.74075379100003],[90.02044850300007,24.754747853000026],[90.02714265800006,24.774246254000047],[90.04790786500007,24.773940191000065],[90.07577902900005,24.787873767000065],[90.09626213300004,24.75773991500006],[90.08864054500003,24.75215640500005],[90.09047325300008,24.737119611000026],[90.13241375600006,24.734886451000023],[90.12670018900008,24.71870979700003],[90.14808398200006,24.634901832000025],[90.14423784000007,24.623604224000076],[90.13041350100008,24.61762662900003],[90.12473847800004,24.596311159000038],[90.13972782700006,24.575701325000068],[90.15013349900005,24.575530437000054],[90.14606436000008,24.56716885900005],[90.15239300800005,24.55000974400008],[90.16125539900008,24.536689506000073],[90.16880900500007,24.538068171000077],[90.17367726600008,24.518853897000042],[90.18746029400006,24.522068501000035],[90.19269294200006,24.513676528000076],[90.20789217200007,24.509779494000043],[90.20708394100006,24.49733093800006],[90.21418152400008,24.49954510200007],[90.22662972000006,24.483669468000073],[90.23481364700007,24.486676956000053],[90.24354355900005,24.481354732000057],[90.22235241800007,24.46154858700004],[90.20961273200004,24.458345833000067],[90.23091710000006,24.418983594000053],[90.24901177300006,24.415266544000076],[90.22946855400005,24.345531367000035],[90.23362570700004,24.334800761000054],[90.24789516800007,24.33330422800003],[90.26228285700006,24.290610387000072],[90.28113166200006,24.287204381000038]]]}},{"type":"Feature","id":"thakurgaon","properties":{"district":"thakurgaon","source_name":"Thakurgaon","renamed":false},"geometry":{"type":"Polygon","coordinates":[[[88.32139468700007,26.20437437700008],[88.33379516700006,26.19148339900005],[88.33066885700003,26.18499542400008],[88.34415408900009,26.189656486000047],[88.35158271500006,26.18228968300008],[88.37015691800008,26.17900878300003],[88.38369333100007,26.182145054000046],[88.38539221600007,26.20081773800007],[88.40463738200003,26.194839630000047],[88.41460839300004,26.198315465000064],[88.41175322200007,26.203000858000053],[88.42820154100008,26.20226696900005],[88.45898281200004,26.197238794000043],[88.45803265600006,26.193212424000023],[88.47749787600009,26.203816318000065],[88.51647749100005,26.200884554000027],[88.52216092800006,26.180254066000032],[88.53438494800008,26.17853118900007],[88.54616731600004,26.189543447000062],[88.54449689200004,26.18164011400006],[88.56391329300004,26.172393079000074],[88.55950289300006,26.165631074000032],[88.57084311800008,26.15194536300004],[88.58535343600005,26.150349040000037],[88.58595344900004,26.143750347000037],[88.59827107000007,26.14385776200004],[88.62259886500004,26.12910740800004],[88.64598657900007,26.090259927000034],[88.64519748700008,26.080588887000033],[88.63635968800008,26.07887095800004],[88.62675718200006,26.055931100000066],[88.60990271700007,26.054101288000027],[88.60910710100006,26.036720493000075],[88.59425503000006,26.02331034100007],[88.57421546300003,26.02120173800006],[88.56195411900006,26.028015555000025],[88.55579535500004,26.027897703000065],[88.56501497900007,26.02491322000003],[88.54622394400008,26.01938132400005],[88.54425758700006,25.999973658000044],[88.53055365500006,25.99152186500004],[88.53628603900006,25.95131223800007],[88.52356964200004,25.95163397400006],[88.51190271200005,25.941331398000045],[88.50766812600006,25.91784463500005],[88.50616798000004,25.926148027000067],[88.49498982600005,25.925548220000053],[88.50190120700006,25.924090144000047],[88.50282182800004,25.91372353500003],[88.50859289100003,25.916178308000042],[88.50124015100005,25.90535843200007],[88.47986674700007,25.902341707000062],[88.48235921300005,25.888897911000072],[88.47556443200006,25.888271990000078],[88.48373290400008,25.884203558000024],[88.48466912200007,25.866124377000062],[88.46903671300004,25.86362768200007],[88.46131484100005,25.873305362000053],[88.45927430200004,25.860856583000043],[88.44469414800005,25.861878115000025],[88.44423510400009,25.87078611000004],[88.43220404600004,25.86632036700007],[88.42144893800008,25.87086785100007],[88.41751203400008,25.869335358000058],[88.42576201400004,25.861201736000055],[88.42227422900004,25.855523641000048],[88.40846274300009,25.86844927100003],[88.39964222900005,25.843131096000036],[88.38627162100005,25.839755660000037],[88.39058458000005,25.810108984000067],[88.38530583300007,25.807907998000076],[88.38385802000005,25.786866408000037],[88.39230567500005,25.742867858000068],[88.40509940800007,25.728533733000063],[88.41523197600009,25.73672558900006],[88.41808890800007,25.730262054000036],[88.42832151300007,25.728751136000028],[88.42335436700006,25.723750050000035],[88.43364522200005,25.718530482000062],[88.42357299700006,25.714916128000027],[88.42544886400003,25.709634626000025],[88.43552217300004,25.709185043000048],[88.43812047100005,25.68846667300005],[88.42837441800003,25.687697273000026],[88.42624909400007,25.677692569000044],[88.43105554700008,25.674058010000067],[88.41858468700008,25.667760361000035],[88.40165327200003,25.672669143000064],[88.40510757700008,25.68309636400005],[88.39012496300006,25.684100923000074],[88.39145302500003,25.693589845000076],[88.37143231900006,25.69664602100005],[88.37464855800005,25.712432333000038],[88.35672591800005,25.72141705100006],[88.35878670300008,25.72817043400005],[88.34406220300008,25.72954273600004],[88.32802294700008,25.740171055000076],[88.32089129300005,25.73757849900005],[88.31634027000007,25.753187355000023],[88.28900619000007,25.76789499700004],[88.29074043600008,25.773851656000033],[88.26845996100008,25.78079801000007],[88.27086021800005,25.805037802000072],[88.25957849100007,25.81392443200008],[88.24898156300009,25.812186927000027],[88.24685405300005,25.80605117400006],[88.23781325500005,25.80843896300007],[88.22825379700004,25.796713415000056],[88.21490793500004,25.80091042600003],[88.20960951400008,25.78783674300007],[88.19942957800004,25.790065094000056],[88.19341258700007,25.801642982000033],[88.18499532500005,25.800978559000043],[88.17235286600004,25.786734503000048],[88.15931329400007,25.787594307000063],[88.15214725000004,25.775763563000055],[88.14162888400006,25.780232218000037],[88.14418185500006,25.793728260000023],[88.11551976100003,25.798336507000045],[88.12006787500007,25.812577219000048],[88.10853451600008,25.815638954000065],[88.11022472100007,25.820853068000076],[88.10109057100004,25.829097493000063],[88.10771270900005,25.83876330800007],[88.10143138900008,25.843506728000023],[88.11381686900006,25.85457499000006],[88.10891638700008,25.86913551600003],[88.10096987700007,25.863279718000058],[88.10003923600004,25.87323500900004],[88.09385517500004,25.87440173500005],[88.10293199800003,25.889312764000067],[88.09032064300004,25.896470055000066],[88.09364096100006,25.911176408000074],[88.08578273300003,25.91567729800005],[88.09464162200004,25.931501496000067],[88.11114710500004,25.93319546200007],[88.11290790300006,25.943757150000067],[88.12231612700003,25.94846307800003],[88.11514943600008,25.962845172000073],[88.12459799600003,25.968003190000047],[88.11929102500005,25.97168262300005],[88.12780471600007,25.97671086500003],[88.12963543500007,25.997037716000023],[88.14364373000006,26.00047203500003],[88.13962495800007,26.013021767000055],[88.18278918700008,26.026728500000047],[88.17270114400009,26.03160818200007],[88.17536128100005,26.039794621000055],[88.16949265100004,26.04533211100005],[88.18546675200008,26.06343645000004],[88.18229257500008,26.07207097500003],[88.16761585900008,26.082865018000064],[88.15841274800005,26.080786278000062],[88.16429809100003,26.085706258000073],[88.15833051900006,26.094962155000076],[88.16242256100008,26.105475854000076],[88.17761579700004,26.122262281000076],[88.17714860200005,26.14806658200007],[88.19611963000006,26.163390467000056],[88.20399681400005,26.159180303000028],[88.21559193500008,26.16496004000004],[88.21283129600005,26.16919202200006],[88.22154509800004,26.166254929000047],[88.23266838000006,26.172211937000043],[88.23702139900007,26.177446872000075],[88.23317431900006,26.18111883800003],[88.24343991300003,26.188995980000072],[88.26928576100005,26.186599387000058],[88.28557427700008,26.20024729000005],[88.29963118200004,26.197356155000023],[88.30842806000004,26.204418383000075],[88.32139468700007,26.20437437700008]]]}}]}